Price,Open,High,Low,Close,Volume
Ticker,SPY,SPY,SPY,SPY,SPY
Date,,,,,
2005-02-01,79.99691588905573,80.55841767904849,79.89543885354652,80.44341278076172,49841200
2005-02-02,80.54483920221813,80.90338671885847,80.43660087706893,80.68690490722656,52468900
2005-02-03,80.54486061490461,80.61251539260894,80.21337388175988,80.47721099853516,48837100
2005-02-04,80.50426717487838,81.471671600324,80.49073931692864,81.33637237548828,50024600
2005-02-07,81.34990553008788,81.53256001164209,81.15371802836823,81.22813415527344,45412000
2005-02-08,81.29579220657534,81.62051762688259,81.22814258273418,81.3228530883789,39263500
2005-02-09,81.46491188938896,81.51226713816698,80.67340051924134,80.7139892578125,55279400
2005-02-10,80.95076621782181,81.19430379721048,80.68016259909196,81.0048828125,45858600
2005-02-11,80.97780621383676,81.88432738639376,80.81544613865256,81.70166778564453,53133000
2005-02-14,81.64757461593089,81.76257948711128,81.50550886423716,81.64080810546875,32432100
2005-02-15,81.72197775086907,82.14817493817273,81.64079512223935,81.94522094726562,43852700
2005-02-16,81.80992289722711,82.16847047979952,81.63402978001508,81.99934387207031,55523000
2005-02-17,82.012878822336,82.08052843475386,81.32960586584612,81.33637237548828,58124000
2005-02-18,81.34316407612211,81.50552940011134,81.11315427580881,81.44464111328125,47723300
2005-02-22,81.11313364561968,81.49874215968013,80.22014523614628,80.23367309570312,80697600
2005-02-23,80.45688906255509,80.88985265257374,80.24717377526474,80.80867004394531,68292600
2005-02-24,80.66660288854374,81.39723086896456,80.49071498170144,81.34310913085938,68563600
2005-02-25,81.36342058777973,82.31053055828778,81.30253749061887,82.1481704711914,60899900
2005-02-28,81.95878097422614,82.0602580031198,81.20785818628356,81.60699462890625,69381300
2005-03-01,81.73550829868817,82.20906074461287,81.70844742158754,82.01287841796875,47294400
2005-03-02,81.69487944097122,82.48639035242613,81.62046335582602,81.97224426269531,64226500
2005-03-03,82.30378328610877,82.4661434009718,81.65433250398667,82.00611877441406,61230800
2005-03-04,82.56763186478811,83.09530618231072,82.39173870516868,83.02765655517578,56168500
2005-03-07,82.9803009353267,83.3794373466036,82.80440777648036,83.06824493408203,43442400
2005-03-08,82.98709756882819,83.21034607751335,82.6082553683961,82.75708770751953,44362000
2005-03-09,82.51347376438844,82.72995557269564,81.8302009601271,81.83696746826172,73263600
2005-03-10,81.99259243873995,82.19554646986639,81.45139029129517,82.0196533203125,65149000
2005-03-11,82.06702603789708,82.34439626204296,81.28904746279554,81.44464111328125,57976500
2005-03-14,81.59344823544332,81.96552886976748,81.37019985484883,81.95199584960938,36336400
2005-03-15,82.14142500464409,82.1684858863148,81.2349086946851,81.27549743652344,62438500
2005-03-16,80.97781903244525,81.28901653769961,80.43661697571562,80.58544921875,74874200
2005-03-17,80.71401348149615,81.00491157167473,80.49077019102057,80.74784088134766,62584200
2005-03-18,80.89517203310386,81.18041948467231,80.24317563740165,80.50804901123047,60232000
2005-03-21,80.62354177590277,80.67108303917871,79.97833817692808,80.2092514038086,61244300
2005-03-22,80.39260512309752,80.77293511847911,79.39423370361328,79.39423370361328,92472400
2005-03-23,79.42818269094762,79.95114157612745,79.29235204060872,79.46214294433594,70817300
2005-03-24,79.77459849631289,80.13455456775418,79.50293187470876,79.55726623535156,51932500
2005-03-28,79.7473844930428,80.10055244825178,79.67267608642578,79.67267608642578,46765500
2005-03-29,79.55721926463488,80.0733850227766,78.9527641087822,79.14292907714844,71160300
2005-03-30,79.31274240050064,80.27715368804989,79.30594931210712,80.2635726928711,62002100
2005-03-31,80.27035329067611,80.45372519590119,80.05302113037615,80.11414337158203,64575400
2005-04-01,80.56919826897834,80.81369764707752,79.40104090669261,79.75420379638672,95255300
2005-04-04,79.70666558683801,80.04624749367301,79.28558215698351,79.8900375366211,71581200
2005-04-05,79.99193364942724,80.3994310057618,79.91722519624473,80.27039337158203,46853900
2005-04-06,80.44692203655953,80.78650381836283,80.26355015429273,80.54879760742188,53268200
2005-04-07,80.4197955510391,80.99708379859776,80.3586681088974,80.9834976196289,46734600
2005-04-08,80.93593188179698,80.96309904991038,80.14131164550781,80.14131164550781,63772900
2005-04-11,80.33829712957318,80.42658656984953,80.02588236212308,80.20246124267578,44945000
2005-04-12,80.06660879321882,80.861229084734,79.50969476220718,80.61672973632812,86144800
2005-04-13,80.52168995226958,80.68469305875874,79.55048513128341,79.66594696044922,65949000
2005-04-14,79.73380229971536,79.8017176188143,78.62676239013672,78.62676239013672,96119800
2005-04-15,78.60639506151085,78.9188097014744,77.4925671515166,77.52652740478516,128677300
2005-04-18,77.50617894569187,78.07667408161339,77.39751024459699,77.7642593383789,100035200
2005-04-19,78.17171897198175,78.46375948857329,77.98834710417141,78.38226318359375,64930100
2005-04-20,78.3619315666131,78.53172254735497,77.11906552560578,77.28885650634766,107735900
2005-04-21,77.96121424595398,78.92562561101246,77.68275459713094,78.789794921875,86952200
2005-04-22,78.60642340905335,79.12258939155694,77.60805170956166,78.490966796875,88845800
2005-04-25,78.68790284327709,79.12256717546347,78.59282034446178,79.00711059570312,52284100
2005-04-26,78.75583575259142,79.30595678732978,78.20571471785306,78.23966979980469,72626000
2005-04-27,78.00873295144504,78.83052030083161,77.72348547776187,78.54527282714844,84131900
2005-04-28,78.28719843036112,78.56565803812985,77.56049346923828,77.56049346923828,72481500
2005-04-29,78.15137339354096,78.69470647236002,77.40429429637095,78.61320495605469,103993800
2005-05-02,78.83051649871715,79.06143481028062,78.45697445719104,79.05464172363281,56026400
2005-05-03,78.83051958155983,79.36026636545421,78.57243927652611,79.19047546386719,86000300
2005-05-04,79.2244165175639,79.97149526717816,78.97312417873479,79.80170440673828,81055700
2005-05-05,79.91720569000458,80.14133099484746,79.28558312828932,79.77458190917969,96906700
2005-05-06,80.09380055286442,80.13454872957291,79.50292608254419,79.52330017089844,67415400
2005-05-09,79.60477559094375,80.19564986742297,79.49611209483258,80.0190658569336,43750500
2005-05-10,79.70664125554173,79.8017237459019,79.04785172832693,79.19047546386719,74613500
2005-05-11,79.41463632177583,79.7338441890085,78.68113805429773,79.62517547607422,91647400
2005-05-12,79.67950266545444,79.86287462502514,78.7490463256836,78.7490463256836,95086800
2005-05-13,78.98674304613071,79.20407523019499,77.96799746177791,78.59282684326172,85267000
2005-05-16,78.57927801431002,79.3535246118739,78.55211601229941,79.32636260986328,49207000
2005-05-17,79.06145116304559,79.9375678023705,78.89166023297972,79.85607147216797,61071800
2005-05-18,80.20242357806181,80.87479924382238,80.14809443042614,80.67784118652344,77944900
2005-05-19,80.83404085338547,81.09891939648416,80.6167087316071,81.01741790771484,61768100
2005-05-20,81.05138919262542,81.085349448476,80.64389203045624,80.9019775390625,46345500
2005-05-23,80.96308906709756,81.52679607732844,80.94950807551915,81.35021209716797,51047900
2005-05-24,81.11932415766525,81.3841976193491,80.95632111846867,81.16007232666016,50654100
2005-05-25,81.05816176706873,81.41132968475283,80.70499903099086,81.09891510009766,47608800
2005-05-26,81.35700823733289,81.64225570564741,81.24155166895898,81.5335922241211,43256200
2005-05-27,81.54039845207856,81.66944122314453,81.36381960721887,81.66944122314453,24596100
2005-05-31,81.5539815748439,81.61510382309687,81.09215003325866,81.146484375,43377200
2005-06-01,81.17362036175555,82.12445031121544,81.12607912336287,81.83920288085938,69611000
2005-06-02,81.65585977714909,82.0701448967311,81.56756517359854,82.01581573486328,39704500
2005-06-03,81.87318323040732,82.10409639312068,81.31626922324303,81.60151672363281,60999400
2005-06-06,81.46570513707691,81.63549610666782,81.19404373101878,81.5268325805664,36046400
2005-06-07,81.76452042067955,82.34860163858288,81.50644007061379,81.58793640136719,66501300
2005-06-08,81.79166219805579,81.90032566586017,81.27549647656744,81.4384994506836,46881200
2005-06-09,81.32306057439051,81.8935607809462,81.11931457188393,81.82564544677734,56653300
2005-06-10,81.87998981118092,81.94111725041044,81.22799315518265,81.63549041748047,36465300
2005-06-13,81.4588903632319,82.23313651468492,81.37059577193504,81.8935546875,49383200
2005-06-14,81.8052729756764,82.31464579664974,81.75773171964988,82.08373260498047,33857100
2005-06-15,82.28748326593602,82.34181242846097,81.65586076481026,82.23993682861328,53195600
2005-06-16,82.21953641410383,82.61345251050525,82.12445393312508,82.45045471191406,46564500
2005-06-17,82.8786786946589,83.12416474608608,82.66046944922573,82.75593566894531,51529400
2005-06-20,82.5650167320648,83.08326052314717,82.46955049673281,82.7832260131836,41019400
2005-06-21,82.85141181168693,82.95369854578549,82.5309158060205,82.8309555053711,39879800
2005-06-22,82.97419514192434,83.15149188695062,82.55823270312534,82.89918518066406,46310100
2005-06-23,82.72870433395406,82.9196368783374,81.71266746418746,81.73312377929688,62185600
2005-06-24,81.74673621090925,81.83538715439349,81.03755467563612,81.13302612304688,58572500
2005-06-27,81.12621170566385,81.42625147069934,80.9761918231461,81.24895477294922,48183800
2005-06-28,81.41941866530043,81.99221609107947,81.39896235759686,81.93084716796875,41174200
2005-06-29,82.08089099691719,82.10134731059438,81.66492861041021,81.71266174316406,42316500
2005-06-30,81.97860614349393,82.04679559151992,81.11258402574752,81.26942443847656,62288800
2005-07-01,81.45351064788352,81.69218144409867,81.28985498399521,81.50806427001953,49737500
2005-07-05,81.31717421126567,82.27184228653553,81.2762615745829,82.16273498535156,51549000
2005-07-06,82.0945297716603,82.2718265008046,81.42626588895882,81.4739990234375,52363600
2005-07-07,80.6624824788093,81.79444122314453,80.6420261765801,81.79444122314453,103268800
2005-07-08,81.8081508287405,82.72872161865234,81.63767456384858,82.72872161865234,64491200
2005-07-11,82.73551164970817,83.26057606305388,82.72187064012886,83.15147399902344,49688300
2005-07-12,83.18555749003852,83.6219761059372,82.94689187236271,83.36967468261719,51871100
2005-07-13,83.37648083047429,83.5469569961723,83.18554835729567,83.48558807373047,41182300
2005-07-14,83.86064510980601,84.1743206580318,83.52650804977665,83.81291198730469,63638800
2005-07-15,83.73110562946877,83.90158185922112,83.43788630619386,83.76519775390625,56075900
2005-07-18,83.53331700823719,83.62196273705322,83.22646200635756,83.4310302734375,56598400
2005-07-19,83.67656581689103,83.94932887007973,83.47199742889138,83.88795471191406,59165700
2005-07-20,83.59472356649178,84.37209997947485,83.39697571336684,84.17434692382812,69477000
2005-07-21,84.24935482897082,84.29026745930656,83.51289626779744,83.6833724975586,101110900
2005-07-22,83.79250145221441,84.2561971539765,83.62202516778015,84.24256134033203,52607100
2005-07-25,84.15387273061899,84.5220967394362,83.77200251005337,84.00385284423828,57301600
2005-07-26,84.03115825870611,84.23572664405687,83.84022048218064,84.10616302490234,42758800
2005-07-27,84.21525659485931,84.4811990942203,83.90840146560329,84.41300964355469,43181600
2005-07-28,84.52890011143782,84.99259548330356,84.31069083070804,84.94486236572266,47880700
2005-07-29,84.83579413260945,84.98580884584294,84.21525815426236,84.37891387939453,62358100
2005-08-01,84.4402708404919,84.58347022115022,84.18114369237819,84.3175277709961,40418200
2005-08-02,84.46757811563951,84.96536587516783,84.37892713193972,84.8221664428711,45147400
2005-08-03,84.72668403956617,85.06081598470631,84.63803827524941,85.04718017578125,36837200
2005-08-04,84.71305312805933,84.76760156943466,84.26299336969046,84.36528015136719,50855600
2005-08-05,84.18112010311518,84.54253390828666,83.64923535185186,83.79243469238281,53595500
2005-08-08,83.97657249825836,84.15386919312094,83.45150291799777,83.6356201171875,47616000
2005-08-09,83.91519845113997,84.27660714304558,83.78564008391297,84.14022827148438,47170000
2005-08-10,84.43344369051788,84.89713911628192,83.75153895866019,84.09931182861328,72863700
2005-08-11,84.05839148981063,84.57664052720887,83.8811000106513,84.43344116210938,58570200
2005-08-12,84.26297216897702,84.34480261423408,83.70381046602172,83.91519927978516,54776900
2005-08-15,84.0242993757508,84.46753847868929,83.75835695449172,84.43344116210938,36208500
2005-08-16,84.17432405052152,84.22887247663566,83.25374847550525,83.33557891845703,71942100
2005-08-17,83.32193530930078,83.78563070422749,83.21282806224986,83.32875061035156,62275100
2005-08-18,83.22647893919874,83.57424662474554,83.08327435983183,83.32194519042969,53388600
2005-08-19,83.62201103383202,83.75157465291043,83.32879166606466,83.51290893554688,39842100
2005-08-22,83.58791890422148,84.03115820933807,83.11058226697192,83.51290893554688,69912000
2005-08-23,83.53332236732678,83.60833229749085,82.61275210010916,83.35602569580078,55168600
2005-08-24,83.15151390902517,83.69021959051126,82.5718903816827,82.61280822753906,79104600
2005-08-25,82.74915556595299,82.96736491791862,82.65368929962561,82.91281127929688,35631100
2005-08-26,82.83781995631311,82.84463526035451,82.29229388671548,82.34684753417969,61956800
2005-08-29,82.10816543258531,83.04237174686735,82.0877039169808,82.98100280761719,56179200
2005-08-30,82.68094214795087,82.71503946283424,82.09450370909165,82.54456329345703,74160200
2005-08-31,82.64004338062743,83.64244425694737,82.333183102814,83.587890625,102945200
2005-09-01,83.54697608754572,83.97657945288626,82.60594931076515,83.52651977539062,74578700
2005-09-02,83.77202438003735,83.79248069669868,83.21968302009358,83.37651824951172,47653400
2005-09-06,83.64248493202545,84.4198563564863,83.63566442408508,84.3516616821289,57251300
2005-09-07,84.3038819419647,84.64483431523523,84.1879593836576,84.49481964111328,41749700
2005-09-08,84.32435537999693,84.55620052939967,84.0856845229374,84.21524810791016,39068700
2005-09-09,84.44026765530883,85.06079828142111,84.41981134491793,84.96533203125,43093900
2005-09-12,84.86305027933987,85.01307016774382,84.74030720723854,84.79486083984375,33017600
2005-09-13,84.64484698784108,84.84260001824703,84.22888461397358,84.32435607910156,58427500
2005-09-14,84.37887994562195,84.50162299073921,83.8879077651529,84.01747131347656,57694600
2005-09-15,84.27662764851874,84.31754548195926,83.80611678538756,83.97659301757812,73156900
2005-09-16,84.43677105178476,84.73808281404166,84.14230360310931,84.57373046875,75424100
2005-09-19,84.55314542280114,84.60793125246325,83.98475419555143,84.29291534423828,53355300
2005-09-20,84.36829698589172,84.64907061890308,83.45750681888937,83.58077239990234,84480300
2005-09-21,83.402708079473,83.45749393472482,82.71105102475224,82.80007934570312,94469100
2005-09-22,82.82749175204036,83.31370983158187,82.47824357614651,83.09456634521484,84597200
2005-09-23,83.02606788366423,83.47119384673746,82.793235818939,83.16303253173828,59368100
2005-09-26,83.56020761679919,83.71086610052033,82.91649212908142,83.25889587402344,70415400
2005-09-27,83.21780892928011,83.53966930503277,82.87540516352907,83.23835754394531,66150800
2005-09-28,83.49857753350024,83.62869262860076,82.99866576653497,83.32052612304688,58620500
2005-09-29,83.23836776737039,84.13546407192706,82.91650735208647,83.99850463867188,66607700
2005-09-30,83.97111769160374,84.25873565673828,83.36848360312999,84.25873565673828,47824200
2005-10-03,84.20395153138375,84.46417656836414,83.85469815240032,83.9574203491211,50994800
2005-10-04,84.08752255910892,84.2518749138071,82.97128809542193,83.01237487792969,60776300
2005-10-05,83.0328743653677,83.07396112615075,81.88239804146305,81.9234848022461,106052100
2005-10-06,82.02624847551961,82.35495840227011,80.92370788897502,81.62905883789062,140941800
2005-10-07,81.97144308495149,82.2111298529146,81.58110307881995,81.9098129272461,75661400
2005-10-10,81.95780202986467,81.9783454289997,81.01276909696873,81.21820831298828,52677000
2005-10-11,81.48522843581651,81.75915243191771,81.02640874652974,81.10173797607422,75629800
2005-10-12,81.07433709735051,81.58109304437195,80.40322885866416,80.46485900878906,100510400
2005-10-13,80.4375050632506,80.86208768249236,80.04031537666968,80.41696166992188,99052900
2005-10-14,80.88944946950362,81.3619630081308,80.50595378458036,81.2660903930664,88651000
2005-10-17,81.35516274655771,81.67701800016482,81.11547585445051,81.56745147705078,68109300
2005-10-18,81.45102269559627,81.46471654959664,80.67034240088243,80.68403625488281,74996900
2005-10-19,80.4648847845489,82.03994419360255,80.20465980399808,82.0262451171875,116563800
2005-10-20,81.82767928281406,82.04681756105329,80.32795381363606,80.58132934570312,131966700
2005-10-21,81.00588824758417,81.3414424946622,80.47173917784076,80.89631652832031,96579500
2005-10-24,81.10863066345343,82.23855925842378,81.088087267133,82.1495361328125,71308400
2005-10-25,81.98516845703125,82.34126611777467,81.45101935358241,81.98516845703125,76594500
2005-10-26,81.84134076579198,82.54669161156215,81.62220258822585,81.74546813964844,80855800
2005-10-27,81.62904242761897,81.74546365984139,80.75933930250214,80.8757553100586,66623100
2005-10-28,81.10174419045804,82.1426491858027,80.87575648450841,82.03993225097656,72322000
2005-10-31,82.37550189305342,83.06715899049968,82.26593017578125,82.26593017578125,77698900
2005-11-01,82.57412473689844,82.79326302114897,82.32759351403297,82.51248931884766,66365100
2005-11-02,82.29332323579091,83.37532043457031,82.26593030642937,83.37532043457031,74012300
2005-11-03,83.6492488566225,83.99850219332355,83.37532477341908,83.7314224243164,84897600
2005-11-04,83.82047446351355,83.86156125898158,83.23838888748494,83.62187957763672,59156000
2005-11-07,83.7998749887532,83.97107682153059,83.44377225076367,83.7040023803711,46765400
2005-11-08,83.49855809117211,83.8341122205095,83.40268548279,83.7040023803711,42152800
2005-11-09,83.60130995659141,84.19708920267438,83.45065145424077,83.8135986328125,57666800
2005-11-10,83.7793344486418,84.58740738616079,83.37530059221523,84.46414184570312,79048100
2005-11-11,84.47101927437046,84.80657354682195,83.8409975149647,84.75179290771484,34867000
2005-11-14,84.77234477550026,84.92984761876414,84.49157111408579,84.70386505126953,45092200
2005-11-15,84.60798483619281,84.97777635894681,84.13546589926507,84.39569091796875,69592500
2005-11-16,84.4846980917786,84.60796364337659,84.21762360076065,84.5668716430664,51133000
2005-11-17,84.69700124725523,85.36126543222461,84.32720452908669,85.35441589355469,55717500
2005-11-18,85.64204322660329,85.79270174588349,85.1421365668111,85.68997955322266,72437200
2005-11-21,85.70365071765367,86.22410582619554,85.58723470873403,86.12138366699219,50021200
2005-11-22,85.98441916042486,86.64183366566488,85.88854653828565,86.49118041992188,66438800
2005-11-23,86.45697022644221,87.25134964883867,86.42957729208356,86.99111938476562,50854700
2005-11-25,86.95685337346478,87.12120570058741,86.84043213478107,87.0595703125,15270000
2005-11-28,87.14177698403387,87.15547083873346,86.31316032100833,86.44327545166016,54498500
2005-11-29,86.73086970982493,86.95685743559183,86.34737396240234,86.34737396240234,51738900
2005-11-30,86.39531183381773,86.6418377132166,85.79952746154913,85.88170623779297,56007200
2005-12-01,86.29945282303598,86.99110997292198,86.27206511630851,86.7582778930664,65468200
2005-12-02,86.81306539020582,87.02535931912266,86.62816961951604,86.86785125732422,46699400
2005-12-05,86.76511881777186,86.78566743401586,86.40902117288455,86.68294525146484,59273400
2005-12-06,87.00479806853448,87.47731170761688,86.71717493752767,86.8472900390625,57935200
2005-12-07,86.81302867293033,86.8815135901968,86.06659114164984,86.34051513671875,66816500
2005-12-08,86.43640983979483,86.84729332506512,85.92965371545039,86.28575134277344,62608600
2005-12-09,86.39529512860305,86.8198723287684,86.16245791993295,86.51171112060547,50744500
2005-12-12,86.77199221860428,86.87471442940365,86.2583863892761,86.59394073486328,48389900
2005-12-13,86.57336777794086,87.44992059142291,86.48434467880084,87.18284606933594,88630900
2005-12-14,87.10067594897235,87.71699857833822,87.06643348082221,87.52525329589844,64375000
2005-12-15,87.54578465360876,87.65535635689474,87.09381443922004,87.27186584472656,55900300
2005-12-16,87.62436648924556,87.67944277641855,86.99100494384766,86.99100494384766,46238300
2005-12-19,87.24573527822416,87.34211616171532,86.52975924917243,86.54352569580078,48733000
2005-12-20,86.64675091904328,87.14930739186474,86.38514653951718,86.6260986328125,46603200
2005-12-21,86.89461405797888,87.26637107502768,86.60547146217313,86.76380920410156,51806900
2005-12-22,86.95657570270527,87.21818542480469,86.79823795209472,87.21818542480469,32247900
2005-12-23,87.2801391249429,87.33521540678495,87.03230110901701,87.26637268066406,27977300
2005-12-27,87.4040590807492,87.46602121158428,86.31632613820788,86.37828826904297,44499500
2005-12-28,86.5641361875205,86.73624557526144,86.39891264595047,86.5710220336914,30764300
2005-12-29,86.55037217048013,86.71559571667552,86.09600085299053,86.18550109863281,32788900
2005-12-30,85.9169860299505,86.09597596476983,85.61407190585575,85.71733856201172,44645600
2006-01-03,86.18549968874308,87.43156998973073,85.63474754061897,87.22503662109375,73256700
2006-01-04,87.33520068250111,87.76891451106776,87.22504813738819,87.63811492919922,51899600
2006-01-05,87.53481572200533,87.83772460384476,87.34893468425159,87.69315338134766,47307500
2006-01-06,88.13380813563194,88.51933161429457,87.67943667661086,88.4229507446289,62885900
2006-01-09,88.40912055272324,88.84972002320961,88.38158768163284,88.65007781982422,43527400
2006-01-10,88.38852454373556,88.79470030540134,88.2990242724535,88.7396240234375,44960800
2006-01-11,88.8222083349403,89.1113508215858,88.6225555792206,89.0218505859375,49598900
2006-01-12,88.86354572554227,89.00123117412437,88.42294598724368,88.67078399658203,40509200
2006-01-13,88.51243196893317,88.73960714482523,88.25770290021003,88.58815002441406,44856700
2006-01-17,88.25770585846398,88.40916298395173,87.98921559141297,88.34720611572266,52066600
2006-01-18,87.83085496665758,88.73958697788157,87.54171248559894,87.99607849121094,75067600
2006-01-19,88.20954417731764,88.65014397660963,87.98923902530771,88.33345794677734,81530400
2006-01-20,88.3127854045451,88.33343769472013,86.72249603271484,86.72249603271484,114957800
2006-01-23,86.88770870281621,87.30765605821784,86.83263243435258,87.03227996826172,67017400
2006-01-24,87.17688958280779,87.5348802329394,87.03231825376538,87.12181854248047,53008800
2006-01-25,87.45911416526023,87.55549500998701,86.63298588599369,87.197509765625,87747700
2006-01-26,87.60373002270967,87.89287270406383,87.26639689446314,87.67945861816406,71294000
2006-01-27,87.88595749239063,88.57439517820652,87.7413809562901,88.49177551269531,65771200
2006-01-30,88.4229507446289,88.67766936344665,88.36099386514248,88.4229507446289,33709600
2006-01-31,88.34028814964947,88.49173470634474,87.76887862098759,87.77576446533203,72937000
2006-02-01,87.99610239756709,88.41604454231945,87.92725968133043,88.38851165771484,63561000
2006-02-02,88.18891411052763,88.21644700910466,87.29394258818243,87.36278533935547,83626900
2006-02-03,87.14242769932281,88.38849800351055,86.83951349184045,86.92900848388672,86040400
2006-02-06,87.04606455215048,87.29390254457695,86.86018343164922,87.15621185302734,45511900
2006-02-07,87.00472901096344,87.19749592217549,86.33006320498573,86.38513946533203,71208100
2006-02-08,86.6398753602078,88.18886529214129,86.46776595136656,87.16997528076172,59422200
2006-02-09,87.37650530369363,87.84464311592882,86.9978677474973,87.02540588378906,62023300
2006-02-10,87.03915982360756,87.52106400858759,86.36448871227384,87.18373107910156,64508700
2006-02-13,87.15620546572191,87.28701030001722,86.70871994261493,87.02540588378906,52308700
2006-02-14,87.05980622390497,88.14065289631151,86.88769684771054,87.94789123535156,90964400
2006-02-15,87.89972801566755,88.34033298721778,87.5968137390902,88.2577133178711,85471300
2006-02-16,88.3540857024505,88.95303360267232,88.24393315703904,88.91860961914062,61017900
2006-02-17,88.84290219727689,88.91863077717613,88.51933558359163,88.67767333984375,40342600
2006-02-21,88.88420263695888,89.08384497206951,88.31967861228928,88.4573745727539,46456300
2006-02-22,88.65008216083949,89.25589989697392,88.56746253408258,88.99430084228516,42326700
2006-02-23,88.99433785412457,89.24905642281865,88.31278079971011,88.86353302001953,43423200
2006-02-24,88.88421056416483,89.13892920523321,88.64325311658867,89.09074401855469,36777400
2006-02-27,89.08382224866462,89.52442189747376,89.00121309723923,89.12513732910156,35858600
2006-02-28,88.94613614490244,89.43493146477171,88.20951337266042,88.27835083007812,74394800
2006-03-01,88.53304406369195,89.14575286183134,88.46419612940755,89.0631332397461,48641600
2006-03-02,88.73961895461939,89.09760951457251,88.53997663553992,89.05630493164062,60642300
2006-03-03,88.58127738121577,89.5450964616877,88.56750568592636,88.64323425292969,73402500
2006-03-06,88.90483059559497,88.9323634773156,88.01674546778666,88.23704528808594,57478400
2006-03-07,88.02365191979999,88.16133737008198,87.70697118226079,88.09938049316406,61780800
2006-03-08,87.91350078452915,88.42294851404009,87.55551545656787,88.28526306152344,66692400
2006-03-09,88.3127480865927,88.58811884238118,87.69315338134766,87.69315338134766,56313600
2006-03-10,87.92039880077789,88.6983316946508,87.73452288891941,88.5262222290039,60490800
2006-03-13,88.69830210341733,88.91860718821741,88.48488811797014,88.69142150878906,45479100
2006-03-14,88.60880265831496,89.65522018243702,88.53995470066748,89.62079620361328,69877300
2006-03-15,89.60013328592105,90.08892851588469,89.39361044693015,90.02008056640625,53398900
2006-03-16,90.1922219566142,90.50890793003799,90.07518880472797,90.20599365234375,65526400
2006-03-17,90.32279513000968,90.47485455991202,90.11545094968787,90.28132629394531,47286800
2006-03-20,90.29513679257164,90.47483856591633,89.99793648898263,90.13616943359375,45538500
2006-03-21,90.10852049236831,90.53705635001674,89.47264048190401,89.56940460205078,87102700
2006-03-22,89.51414856924899,90.20532417241469,89.47267972049949,90.115478515625,51605700
2006-03-23,90.03247454794253,90.12233069562039,89.6177757706137,89.92880249023438,46704200
2006-03-24,89.84585780490363,90.24674064079414,89.67306402459712,89.99791717529297,43209200
2006-03-27,89.87350036171527,90.04629414239173,89.67306421658857,89.86659240722656,32523000
2006-03-28,89.8043958223887,90.21910519399947,89.19616876958962,89.31366729736328,82079900
2006-03-29,89.44501738216422,90.19839609037972,89.36206915666776,89.87354278564453,61505700
2006-03-30,89.92884707373739,90.53016639954967,89.54179047107654,89.71458435058594,70571700
2006-03-31,89.86663844355508,90.01869789216606,89.4173680557496,89.73531341552734,62925600
2006-04-03,89.90119112769172,90.45412302148515,89.5003081221416,89.66618347167969,61624700
2006-04-04,89.66617609349295,90.35735145036116,89.41044458633138,90.23985290527344,54809300
2006-04-05,90.27445253626998,90.73753895858982,90.11548508896698,90.55091857910156,50607200
2006-04-06,90.44029327921191,90.68911681197609,89.98411504472789,90.45410919189453,57906200
2006-04-07,90.58540969384639,90.82040670388723,89.40350614267336,89.53482055664062,80180900
2006-04-10,89.67310333251953,89.90810044558772,89.34133153542327,89.67310333251953,41496500
2006-04-11,89.74913053015413,89.89427145911951,88.64324566389551,88.91280364990234,72799400
2006-04-12,89.00265985878198,89.25148342645291,88.89206926281719,89.07868957519531,43033700
2006-04-13,88.87824867371039,89.33442700232919,88.68472039123583,88.96119689941406,51051800
2006-04-17,89.04409610548556,89.37585722545559,88.4842459197562,88.92659759521484,64167700
2006-04-18,89.11325576666229,90.50252532776479,89.11325576666229,90.33663940429688,92531800
2006-04-19,90.37117408723134,90.59235525439126,90.01867846688103,90.50940704345703,87269000
2006-04-20,90.54399390439734,91.13840527860688,90.26752791260286,90.63385009765625,86005500
2006-04-21,91.02089996419164,91.09001118377142,90.2813371438325,90.64765930175781,72342600
2006-04-24,90.46796217201978,90.5923792481242,90.11546645830965,90.4817886352539,52546400
2006-04-25,90.57160669334421,90.6269019829373,89.79749373203725,90.1085205078125,84359800
2006-04-26,90.19841712874043,90.64076909739674,90.0601841160046,90.1292953491211,67262400
2006-04-27,89.78368094144447,90.97942198624742,89.5694182532138,90.56471252441406,124478600
2006-04-28,90.3988306683798,91.06236372765238,90.34354591439892,90.86883544921875,55854400
2006-05-01,90.86885831433712,91.0969475312775,90.07401058122905,90.1292953491211,64990300
2006-05-02,90.55086808657956,90.8619053944554,90.36425835765118,90.80661010742188,49063500
2006-05-03,90.6476430787272,90.76515216933394,90.16382244225397,90.46794128417969,60821300
2006-05-04,90.59928024830577,90.97251035495168,90.52325052610932,90.79280853271484,42921400
2006-05-05,91.26971306567891,91.78809461219375,91.1314800959082,91.59456634521484,62588200
2006-05-08,91.58764272700365,91.76735506951958,91.48397064208984,91.48397064208984,30016700
2006-05-09,91.52543281948653,91.76734839535642,91.44940311391298,91.66366577148438,29864000
2006-05-10,91.5185389036572,91.7535360127559,91.15912473612401,91.61530303955078,64378200
2006-05-11,91.5876388671154,91.61529178625966,90.21220671489671,90.50940704345703,80626900
2006-05-12,90.10163543574984,90.3504590288664,89.29296139474624,89.32752227783203,91726500
2006-05-15,89.0165085659909,89.67313387986222,88.89210200957544,89.50724792480469,84029300
2006-05-16,89.68689650369309,89.85278236017399,89.16851506699977,89.37586975097656,62137600
2006-05-17,88.93351394085339,89.23072476845887,87.62027997338625,87.67557525634766,144789500
2006-05-18,88.02116228203802,88.29763342176564,87.16410649480596,87.23322296142578,87906300
2006-05-19,87.68943652061101,88.1179619505371,86.94987895550416,87.84840393066406,124309400
2006-05-22,87.28164827416926,87.89679409648816,86.74253218478874,87.17797088623047,110852800
2006-05-23,87.90369902581081,88.21472588699886,86.51443481445312,86.51443481445312,92006500
2006-05-24,86.86693006198115,87.70325171690415,86.23104991872154,87.20560455322266,168405000
2006-05-25,87.72401102770156,88.28386688232422,87.38533644036309,88.28386688232422,78977900
2006-05-26,88.47737403727221,88.73311614990234,88.1317915524024,88.73311614990234,62989700
2006-05-30,88.44971111730783,88.47044553426001,87.1226556998738,87.15721130371094,72419900
2006-05-31,87.5166065025363,88.13175201416016,87.22630890827975,88.13175201416016,86926200
2006-06-01,88.04191282072591,89.12014993583198,87.96588311154376,88.9749984741211,73721700
2006-06-02,89.33441493307897,89.45882143507633,88.69162691309471,89.16162109375,91702600
2006-06-05,89.05793335417682,89.06484130979607,87.62028232484025,87.86219787597656,86105100
2006-06-06,87.92442042845457,88.04191897877284,86.92221822568146,87.64794921875,130498600
2006-06-07,87.71706156688802,88.22852982236502,86.94294331740323,86.99132537841797,108599400
2006-06-08,86.79779230134754,87.4336722887771,85.61588321387015,86.91529083251953,204957200
2006-06-09,87.33692069666425,87.75162486649107,86.59736325727735,86.63883209228516,94972200
2006-06-12,87.00515837829666,87.0397192579639,85.58133872660464,85.69883728027344,95815900
2006-06-13,85.5260474335418,86.28633936257577,84.70355224609375,84.70355224609375,185688800
2006-06-14,84.90395977234219,85.4499888178621,84.55837216934846,85.36013793945312,163566400
2006-06-15,85.67117377322423,87.33690872775507,85.60897052923704,87.17102813720703,134057000
2006-06-16,86.98012703748432,87.16756691410659,86.40391453705377,86.53582000732422,94253500
2006-06-19,87.0564973589904,87.11203706480524,85.77217211723016,85.85547637939453,95804400
2006-06-20,86.09150691835727,86.64688801869289,85.89017948189755,86.14704132080078,65494700
2006-06-21,86.08456952693788,87.26475908731318,86.05679967537453,86.7857437133789,75008200
2006-06-22,86.74408682003596,86.82045258816434,86.11233990690556,86.40391540527344,74566100
2006-06-23,86.3136412739937,86.98704540948847,86.10537009721278,86.39000701904297,54107000
2006-06-26,86.45947185059943,86.82046939992577,86.25814435896329,86.7718734741211,37899600
2006-06-27,86.78575483384957,86.98013852314311,85.92490521475197,86.02210235595703,69780200
2006-06-28,86.21645736013481,86.61910688403792,85.84157238555754,86.605224609375,62368100
2006-06-29,86.91759647378565,88.41019207761477,86.89677042061322,88.35465240478516,110634800
2006-06-30,88.54214230999204,88.62545186142049,88.13948742292399,88.36164093017578,54227800
2006-07-03,88.46575863992524,88.86840814893995,88.38244910535857,88.72262573242188,23914000
2006-07-05,88.36858235533659,88.47965645771538,87.834022016932,88.21585083007812,69653400
2006-07-06,88.30608295798513,88.75733366587968,88.2227787203504,88.47270202636719,50100300
2006-07-07,88.29916214755447,88.5560239937628,87.6743537574199,87.8965072631836,81626500
2006-07-10,88.12559383125074,88.46576518693246,87.75765262865832,88.0631103515625,60964100
2006-07-11,87.89651781749816,88.451904296875,87.43138468654091,88.451904296875,73640800
2006-07-12,88.27138082241697,88.44493839175064,87.2786313139661,87.50772857666016,82561300
2006-07-13,87.09120382593039,87.25087915256765,86.0845718383789,86.0845718383789,102405700
2006-07-14,86.17481610419456,86.26506944437746,85.27231977826827,85.75133514404297,103242500
2006-07-17,85.75133497239312,86.15398986756037,85.49447311929757,85.62637329101562,81159000
2006-07-18,85.88321175058167,86.11925275724637,84.96682815879227,86.06371307373047,122771000
2006-07-19,86.20953828660112,87.65353890707009,85.89019291224784,87.25782775878906,133565300
2006-07-20,87.5563242929548,87.68128595446436,86.54274872584699,86.6607666015625,112259800
2006-07-21,86.88292236532094,86.91069221267156,85.95959480300074,86.04984283447266,101560000
2006-07-24,86.39000459468443,87.69515541575778,86.39000459468443,87.61878967285156,92884000
2006-07-25,87.45915173433737,88.37553568831952,87.27865033984696,87.93122863769531,95480700
2006-07-26,87.88262100806448,88.47965955686495,87.59798930729632,88.04924011230469,84525800
2006-07-27,88.43105251820111,88.646267509966,87.61186056335363,87.9659194946289,87257100
2006-07-28,88.1950170446268,88.95866930749698,88.0700553800439,88.84759521484375,82137000
2006-07-31,88.62544694518542,88.83371286736748,88.47965391413372,88.7573471069336,49593100
2006-08-01,88.40328868678749,88.43105853589064,87.88955971977197,88.31998443603516,65225600
2006-08-02,88.56993793552523,89.18086423067355,88.5491118657468,88.91705322265625,64770900
2006-08-03,88.4032908585529,89.24331424902769,88.271390692769,89.15306091308594,63693800
2006-08-04,89.61124647527778,89.85422071920391,88.50047907838704,89.00032043457031,96294200
2006-08-07,88.79206085205078,88.9170225241374,88.44494568476094,88.79206085205078,45377300
2006-08-08,88.92397591881992,89.18084838898737,88.13255362847062,88.451904296875,90901300
2006-08-09,88.98644273768006,89.27802881173048,87.89650657749984,88.15337371826172,78910600
2006-08-10,87.87568303396222,88.5143737142955,87.66741180071736,88.42412567138672,69322300
2006-08-11,88.28529134983023,88.30611741736578,87.74379240767209,88.1742172241211,47482200
2006-08-14,88.60458864186617,88.97253505595573,88.11168589040022,88.24359130859375,57839000
2006-08-15,89.03504009717321,89.46545951330451,88.79206054023503,89.2988510131836,68143000
2006-08-16,89.77789425176736,90.17360013234467,89.58349996413588,90.04169464111328,71737600
2006-08-17,89.9584037030518,90.506841223907,89.8959254905085,90.27080535888672,70992800
2006-08-18,90.38186578613141,90.7289810180664,89.96532327056295,90.7289810180664,58288400
2006-08-21,90.37489774356916,90.4443250126386,90.11109742595612,90.34019470214844,42133600
2006-08-22,90.24302445228969,90.61096576145661,90.02780410397551,90.33326721191406,60839900
2006-08-23,90.37491138295584,90.55541807253285,89.68763004376832,90.08333587646484,66592100
2006-08-24,90.24302731888447,90.31939309829488,89.83342326943757,90.0069808959961,57983000
2006-08-25,90.00000886249657,90.4234897371976,89.93753068256845,90.11802673339844,41756000
2006-08-28,90.00696307387055,90.81922192727322,90.00002458370416,90.5484619140625,52681500
2006-08-29,90.59009446180355,90.82613016622226,90.11801245985492,90.65257263183594,61817800
2006-08-30,90.85394287441531,90.97196078918854,90.63179462105302,90.70816040039062,50052200
2006-08-31,90.84001448121326,90.93720627326381,90.65256938471906,90.69422149658203,37510300
2006-09-01,91.0413950994891,91.34685824040146,90.83312381312908,91.23577880859375,48794500
2006-09-05,91.29822998828371,91.53427635927441,91.08302027356635,91.40930938720703,52348300
2006-09-06,91.02050805294391,91.05522167626788,90.47900942704372,90.60396575927734,53795600
2006-09-07,90.29158452377655,90.64564873049112,89.79868697894564,90.18745422363281,86269400
2006-09-08,90.30550721106886,90.5693181981692,90.13194958126432,90.44435119628906,45096300
2006-09-11,90.15278561658032,90.72899828241083,89.88897460031333,90.53461456298828,68496600
2006-09-12,90.63871121369637,91.52732519868442,90.50680575460818,91.4231948852539,69875600
2006-09-13,91.38847522533948,91.95080006702396,91.30517098008654,91.79113006591797,62898400
2006-09-14,91.6106534820584,91.80503715772147,91.46486042875317,91.79808807373047,57805400
2006-09-15,92.25761563311522,92.31339961252404,91.81832344508716,92.0135726928711,76703100
2006-09-18,91.89496939510344,92.31334366726638,91.79735015022538,92.13902282714844,64154100
2006-09-19,92.12512996412818,92.132109611367,91.39299050406994,91.90897369384766,92089100
2006-09-20,92.21575142428614,92.57834185701827,92.08326584465115,92.39704132080078,75204100
2006-09-21,92.4667918025149,92.56441109484217,91.63702249788066,91.95079803466797,88932500
2006-09-22,91.81133723192941,91.8183062381597,91.34415846160024,91.67188262939453,65966800
2006-09-25,91.85315885965035,92.63412366892442,91.3790111537541,92.3761215209961,92299100
2006-09-26,92.39009028592696,93.15710661210717,92.32035766001788,93.14315795898438,73962700
2006-09-27,93.08041690659904,93.41511014649863,92.92701362170625,93.2547378540039,82432200
2006-09-28,93.25471494166821,93.42903584624308,92.93395979578084,93.2198486328125,58597500
2006-09-29,93.29656122422043,93.39418051667019,93.0734253330753,93.14315795898438,47966600
2006-10-02,93.1152467543163,93.3174649554465,92.70385198609047,92.79450225830078,51687400
2006-10-03,92.66205994628629,93.34539521056053,92.49470797475232,92.98978424072266,73108100
2006-10-04,92.89907336877633,94.13326808500724,92.79448510456241,94.07748413085938,80890500
2006-10-05,94.07749916232939,94.41917194618871,93.95896223071362,94.2587890625,60505900
2006-10-06,94.09842347373375,94.20302240175944,93.71491535038045,94.1402587890625,64983600
2006-10-09,94.02868080919012,94.3424562448315,93.88224659805003,94.1960220336914,41176800
2006-10-10,94.20304963461982,94.44709259115511,94.02174902951185,94.32158660888672,56403700
2006-10-11,94.02169905385655,94.43309374111999,93.6451706674818,94.20996856689453,104071800
2006-10-12,94.44706356423707,95.1025118649702,94.41219725553142,95.02581024169922,59158600
2006-10-13,94.94212757575279,95.3256356434863,94.85844631752768,95.26985168457031,53944000
2006-10-16,95.19318788678787,95.5627474516754,95.12345525051583,95.41631317138672,42273000
2006-10-17,95.15832092129915,95.31869321598606,94.60049175403715,95.11648559570312,90500600
2006-10-18,95.55571878221308,95.78582359621461,94.90028128015841,95.241943359375,86848600
2006-10-19,95.1025278512984,95.4442007105217,94.99095990056769,95.3953857421875,64063200
2006-10-20,95.41631317138672,95.49301481540337,95.06070226169489,95.41631317138672,48094500
2006-10-23,95.22102978600738,96.08566512659257,95.10249287184433,95.85556030273438,66219900
2006-10-24,95.72310501834437,96.17633516525372,95.68126969890102,96.1414794921875,53234900
2006-10-25,96.04383388213176,96.5110125540733,95.88345101527425,96.46917724609375,78105400
2006-10-26,96.68533420514783,96.92240804539945,96.21117588494255,96.76900482177734,66843700
2006-10-27,96.65046509005737,96.74808435318603,95.96713024815675,96.16236877441406,80238000
2006-10-30,95.9880478407205,96.36457624406276,95.80674732380982,96.09263610839844,49717800
2006-10-31,96.27393110043097,96.40640601865344,95.70215356406636,96.07868194580078,71274100
2006-11-01,96.37852755634249,96.44128051868339,95.33260229185291,95.43022155761719,83005600
2006-11-02,95.18616590237401,95.53480764925214,95.08157763419128,95.37443542480469,60693100
2006-11-03,95.71610160248379,95.79977221129155,94.56557753287198,95.20707702636719,71346400
2006-11-06,95.49999040177268,96.42039945112612,95.49301075461838,96.28094482421875,63303300
2006-11-07,96.36459334241935,96.90847371025089,96.22513874753756,96.65048217773438,63318900
2006-11-08,96.22512672450895,96.95727655578806,95.43022392932936,96.85965728759766,87517800
2006-11-09,96.92941668850457,97.02006698672506,96.15543124906215,96.35066986083984,95916300
2006-11-10,96.32273108629366,96.46218564216979,96.02987332704362,96.39246368408203,48991500
2006-11-13,96.35063494727457,96.9502992203567,96.27394397159323,96.62955474853516,59398200
2006-11-14,96.90147585220335,97.43838705432292,96.30878070079987,97.35470581054688,96704000
2006-11-15,97.31988384916363,97.9334862243465,97.29198654501198,97.63365936279297,76509600
2006-11-16,97.92649412013219,98.09383534675469,97.26407693878106,97.88465881347656,76728800
2006-11-17,97.57086391478707,97.9195056250059,97.43140935863966,97.91253662109375,56353800
2006-11-20,97.82890628732399,98.1357128209678,97.57788372704314,97.9683609008789,69174200
2006-11-21,97.96136021990509,98.08686613961272,97.82189501173895,98.06594848632812,51367900
2006-11-22,98.14267826076222,98.42856712396745,97.96835734022801,98.26121520996094,45505300
2006-11-24,97.78703740658501,98.20540110366677,97.75914010962542,97.86373901367188,30998000
2006-11-27,97.81495343694358,97.86376840143096,96.49011870546136,96.51800537109375,84545100
2006-11-28,96.39250565587152,97.03400540398776,96.30185536721528,96.93638610839844,106652900
2006-11-29,97.25015740882749,97.98927642025626,96.97821719443947,97.94744110107422,90034900
2006-11-30,97.926474347609,98.35181761222864,97.45231614194638,97.98922729492188,83994300
2006-12-01,97.98928094705369,98.07993123593904,96.90152003925041,97.77312469482422,126080000
2006-12-04,97.79403286444602,98.70050374621061,97.78008421219309,98.51920318603516,87813200
2006-12-05,98.70743760820442,98.986357355434,98.49825045770734,98.94451141357422,73374400
2006-12-06,98.92356989366401,99.0630350534781,98.66557849946415,98.8608169555664,53253200
2006-12-07,99.03516866503729,99.2234381777689,98.39366916059383,98.42853546142578,62857400
2006-12-08,98.4075947721261,98.9444952483879,98.16354136313531,98.60980224609375,79625500
2006-12-11,98.6098326431049,99.07701131773588,98.55404868557706,98.89572143554688,39779400
2006-12-12,98.79811310529328,98.9236190438461,98.24028410797335,98.81903076171875,77451600
2006-12-13,99.17462170972789,99.25132331450297,98.70744307689822,98.92359924316406,55520200
2006-12-14,98.91666865523598,99.8789235907249,98.90272000175935,99.79524230957031,64755200
2006-12-15,100.01472749626839,100.19001971430721,99.73426422700145,99.80437469482422,70857400
2006-12-18,99.94457836954088,100.18298385060955,99.39065982305395,99.53089141845703,48954600
2006-12-19,99.25041790478008,99.95859434224964,98.99799677971446,99.72019958496094,65023600
2006-12-20,99.76226381934039,100.0287113010457,99.57294530870855,99.66410064697266,41469600
2006-12-21,99.75528854098154,99.86746741816681,99.08918031831317,99.29952239990234,48698400
2006-12-22,99.31351561116908,99.32052344521986,98.63338124382742,98.6894760131836,62069100
2006-12-26,98.7314979125136,99.29243464288862,98.71046372128514,99.27140045166016,32696900
2006-12-27,99.47479071008007,99.98665151631374,99.44674867226522,99.92353820800781,39727100
2006-12-28,99.85341210704685,100.05674627152874,99.55892261073726,99.71318054199219,37288800
2006-12-29,99.60803838488226,99.94459641441179,99.16629861557129,99.29952239990234,45461200
2007-01-03,99.7412613963309,100.16897479055935,98.56330295261196,99.12422943115234,94807600
2007-01-04,99.02603307090553,99.60099642757889,98.59131198589712,99.33454895019531,69620600
2007-01-05,99.09614253039307,99.14521876050667,98.43003461440377,98.5422134399414,76645300
2007-01-08,98.73859495605672,99.15228197780507,98.33892360695332,98.9980239868164,71655000
2007-01-09,99.08213776021515,99.28548265509899,98.44407173679713,98.91386413574219,75680100
2007-01-10,98.57027712040819,99.26443784413036,98.37395078018066,99.24339294433594,72428000
2007-01-11,99.2714292353682,100.0006397070052,99.21533447616822,99.67810821533203,54476800
2007-01-12,99.67112752325129,100.43540954589844,99.64308548249595,100.43540954589844,55370600
2007-01-16,100.31617314527337,100.57560204258638,100.07776774611361,100.23904418945312,44871300
2007-01-17,100.16192294103155,100.5896361473141,100.0777754470372,100.28112030029297,50241400
2007-01-18,100.38632743834738,100.44943005732681,99.78332189268791,99.94458770751953,68177300
2007-01-19,99.94461591785647,100.33727951108429,99.88853181781288,100.14095306396484,56973000
2007-01-22,100.3161672174319,100.33720141332346,99.51682497763026,99.83235931396484,60253600
2007-01-23,99.74824740141882,100.32321082476703,99.6080158124753,100.12688446044922,54064400
2007-01-24,100.2460549308633,100.9542312192292,100.20398653537366,100.93319702148438,55834700
2007-01-25,100.87011160925415,100.91218001190921,99.57294546614492,99.74823760986328,73583800
2007-01-26,99.96563571866473,100.02171980462053,99.27147479136636,99.65711975097656,67255600
2007-01-29,99.69913818631449,100.12685134547445,99.38361454079865,99.6009750366211,66114600
2007-01-30,99.81135259708184,100.16894472466741,99.60800771550653,100.11985778808594,70407600
2007-01-31,100.00770889773318,101.05946209279092,99.84643237122052,100.79301452636719,91868600
2007-02-01,101.0734386058871,101.4310414010098,100.90516500722478,101.39598083496094,69312400
2007-02-02,101.48009909202413,101.63435699526728,101.2346965724869,101.53619384765625,49607000
2007-02-05,101.45910355931048,101.62738789033536,101.20668241226555,101.56428527832031,45705300
2007-02-06,101.64843334522882,101.69050175789516,101.19968577847791,101.59233856201172,57081300
2007-02-07,101.75360573634713,101.92189008824676,101.36797148242951,101.81671905517578,55669700
2007-02-08,101.51518736684699,101.75358211913334,101.15759523841747,101.6834716796875,70641000
2007-02-09,101.71149082647322,101.90080929844153,100.54054083130107,100.92618560791016,79084400
2007-02-12,100.92620278385631,100.99631321945611,100.40032637143437,100.58262634277344,65657000
2007-02-13,100.80703627730082,101.5993497059492,100.80001774230395,101.43107604980469,64081800
2007-02-14,101.52920031092144,102.30047923675477,101.51517394529328,102.0971450805664,66039400
2007-02-15,102.13922186167424,102.33554820065335,101.97093755727086,102.23037719726562,38715200
2007-02-16,101.97795550114871,102.20232387340762,101.83070539827335,102.18128967285156,39841800
2007-02-20,102.0620856078515,102.51083302191337,101.66943295792015,102.39864349365234,56911800
2007-02-21,102.09714608992348,102.41968830866657,101.914846130884,102.35657501220703,63971600
2007-02-22,102.40569591627802,102.66512492462788,101.78866400562342,102.27947998046875,79067400
2007-02-23,102.18833008747845,102.22337996325517,101.69049560342259,101.87981414794922,71966200
2007-02-26,102.2514167202608,102.33555352735041,101.49415335950357,101.78864288330078,69192800
2007-02-27,100.88413279326666,101.10850116222726,97.4624269000091,97.8130111694336,274466500
2007-02-28,98.43710073815285,99.5519567134124,98.02341365787238,98.81572723388672,177536300
2007-03-01,97.70082849384455,99.04006306481331,96.79632572278771,98.52119445800781,212828600
2007-03-02,98.19868008735293,98.62639342890041,97.22405600730019,97.23106384277344,162574000
2007-03-05,96.71217218582929,97.86910670338632,96.29147747861276,96.30550384521484,143750400
2007-03-06,97.3081732699149,98.24773658577772,96.56493629769558,97.9532470703125,143333300
2007-03-07,97.8761443752811,98.48616847013783,97.74292059940451,97.85511016845703,115144900
2007-03-08,98.54225280602249,98.97698471245889,98.21271333194605,98.6824951171875,117891600
2007-03-09,99.0821440556639,99.15927303810936,98.2197095784901,98.71052551269531,107765100
2007-03-12,98.45806356429583,99.10313719610197,98.27576363540948,98.85773468017578,80366900
2007-03-13,98.28981188373811,98.70350950020895,96.78931146691794,96.93656158447266,190605200
2007-03-14,97.06275490863447,97.71484720793629,95.88479690845186,97.65875244140625,231853800
2007-03-15,97.4413850573884,98.1565799066365,97.32218769901071,97.7919692993164,132435900
2007-03-16,98.06724557674583,98.2925146701382,97.22954359050303,97.5181655883789,121531600
2007-03-19,98.03199612830142,98.7852271925172,97.95456125947004,98.69371032714844,96161200
2007-03-20,98.6092944012462,99.29212660207129,98.5248238581081,99.23580932617188,82147400
2007-03-21,99.32730152499266,101.12236456851542,99.13019647910451,100.86894226074219,152368700
2007-03-22,101.00268330032992,101.14347106884016,100.51695636876414,100.79149627685547,118942200
2007-03-23,100.86190379384564,101.23499624459754,100.77038690317926,100.93933868408203,74416800
2007-03-26,101.01680539342796,101.12239357636429,100.0242335081365,100.80561828613281,113787500
2007-03-27,100.74929200210178,100.77745600931554,100.23541165537665,100.56626892089844,99864600
2007-03-28,100.0594105415217,100.2917152329157,99.43993136447105,99.83415222167969,152907900
2007-03-29,100.34098879859721,100.3902704350931,99.39066311731983,99.93974304199219,139432700
2007-03-30,100.12982064968837,100.55218407315445,98.9471794328567,99.96086883544922,128194100
2007-04-02,100.07347869873048,100.2846657290924,99.59478738048223,100.07347869873047,79416400
2007-04-03,100.64369093280726,101.35467627324181,100.60145566881988,101.1505355834961,82417800
2007-04-04,101.1506100144451,101.33363320687343,100.77751725279211,101.26324462890625,63995200
2007-04-05,101.13644799920147,101.67849225376693,101.09421273754538,101.53770446777344,46822800
2007-04-09,101.82632073760684,101.93191963842241,101.47434588439502,101.67849731445312,50967400
2007-04-10,101.60105170058617,101.96710851691374,101.55881644128279,101.79815673828125,56620000
2007-04-11,101.94599727750673,101.97415053833407,101.04493180973793,101.3828353881836,106365700
2007-04-12,101.1857415385254,102.01639709262327,100.90415519198483,101.8333740234375,115534400
2007-04-13,102.00229770458911,102.29796600341798,101.62216962832468,102.29796600341797,84287000
2007-04-16,102.65697643524196,103.38204369909006,102.64994080581141,103.2694091796875,83064600
2007-04-17,103.45945955041235,103.76215268151029,103.2341905530601,103.54393005371094,108424100
2007-04-18,103.1990473559439,103.97338570894428,103.17792972077073,103.67069244384766,88345300
2007-04-19,103.16385161140781,103.76220253293906,103.03009942264724,103.64253234863281,102947700
2007-04-20,104.33942661054873,104.62100219726562,103.50876036931969,104.62100219726562,124114100
2007-04-23,104.44502171666268,104.6984440581306,104.1634461112187,104.22679901123047,77270800
2007-04-24,104.34647024285397,104.46614041345694,103.70588412273467,104.26903533935547,114471000
2007-04-25,104.69842480474166,105.35310354206777,104.19862658577524,105.22638702392578,108418800
2007-04-26,105.233422682604,105.45164532569275,104.95888278623141,105.3460464477539,88741600
2007-04-27,104.95181145463597,105.409385000707,104.77582410801217,105.26155090332031,108191100
2007-04-30,105.33901574317866,105.4094149984287,104.33237298989641,104.38867950439453,100874100
2007-05-01,104.48022440912138,105.21937382181065,103.95226207740349,104.65621185302734,134342700
2007-05-02,104.81808842001871,105.55723762909761,104.71250027932952,105.26861572265625,87129800
2007-05-03,105.57138563013987,105.87407898363418,105.40243375799254,105.8388900756836,86569700
2007-05-04,106.12038877103961,106.38084665282616,105.7472963895659,106.24005889892578,96409000
2007-05-07,106.2118985566544,106.43715679957897,106.16261693829868,106.26116943359375,63461400
2007-05-08,106.00074457672268,106.24008489105074,105.68396936759204,106.12041473388672,80584000
2007-05-09,106.04298549603865,107.57760147269522,105.85291606385296,106.40904235839844,102070100
2007-05-10,106.10634426246324,106.31049570795362,105.07858362858914,105.29680633544922,153617800
2007-05-11,105.41643061868291,106.24708581759475,105.3953129943998,106.19781494140625,113408900
2007-05-14,106.19786563250153,106.507605258389,105.44463420214598,105.96556091308594,108027500
2007-05-15,106.08522717335691,106.76102367230128,105.7262166610114,105.99372100830078,180673300
2007-05-16,106.15560342205035,106.73988288779263,105.85994587458171,106.71876525878906,114166500
2007-05-17,106.56390087883027,106.97219296259588,106.37383146675923,106.50758361816406,101132800
2007-05-18,107.00735796016156,107.436767578125,106.86657021063941,107.436767578125,99182000
2007-05-21,107.40868769563394,107.86625087949642,107.35237040907141,107.38052368164062,174664600
2007-05-22,107.49313322356532,107.81695486053772,107.26787487119368,107.29602813720703,82148800
2007-05-23,107.66909957510642,108.05627404080035,107.25377184891633,107.31008911132812,133786600
2007-05-24,107.3734606151221,107.85215205788678,106.11339521718018,106.33865356445312,187593000
2007-05-25,106.6483752241691,107.01443206091884,106.42310617342478,106.7821273803711,83309200
2007-05-29,106.95808638285264,107.35229637550653,106.61314726857215,107.16927337646484,82020000
2007-05-30,106.62025762067877,108.08446397451493,106.53577632768669,108.04222869873047,129013600
2007-05-31,108.175994889863,108.33086474871718,107.78882024272758,107.92961883544922,114866700
2007-06-01,108.32377368315053,108.68981976092141,108.06330501304473,108.46456146240234,107771700
2007-06-04,108.08444730305479,108.68280892816895,108.04221203378488,108.47866821289062,78008800
2007-06-05,108.22525045754344,108.33787426657805,107.60577117145431,108.04926300048828,126917900
2007-06-06,107.60570380719126,107.66905667412914,106.82431955737854,106.8876724243164,164096800
2007-06-07,106.69063389638764,107.35234845137113,104.93075933161106,104.95892333984375,232414600
2007-06-08,105.29680904185815,106.43016861366067,104.95186978385871,106.32456970214844,175886000
2007-06-11,106.24711494490548,106.96514659162563,106.0852095338771,106.50758361816406,102015600
2007-06-12,106.0640780003506,106.67651067500844,105.27565793721243,105.3460464477539,233898000
2007-06-13,105.9444154479342,107.04962148257428,105.39533561588962,106.92290496826172,193208200
2007-06-14,107.04261190050545,107.78879701889144,107.02149426443205,107.60577392578125,146396500
2007-06-15,108.26751610125434,108.63515075690128,108.11904473279668,108.21803283691406,154030800
2007-06-18,108.43718524384002,108.44425119868868,107.92815601408594,108.09075927734375,88537500
2007-06-19,107.85034596561741,108.43714362435604,107.71601736102849,108.359375,110851700
2007-06-20,108.5785653257619,108.5785653257619,106.72627135784245,106.85352325439453,177119700
2007-06-21,106.81118247523266,107.53937539442371,106.22438424941123,107.44746398925781,205262000
2007-06-22,107.1221610825569,107.29890698749024,105.94149973212788,106.43638610839844,204964700
2007-06-25,106.21724171791938,106.93129141669448,105.35472068611952,105.92737579345703,232014400
2007-06-26,106.19601825271721,106.37276416428456,104.83153420580587,104.8386001586914,198445700
2007-06-27,104.72546985006217,106.45051132504032,104.67597582670373,106.33031463623047,213638000
2007-06-28,106.31616973876955,107.04436179552461,105.81420676592622,106.31616973876953,157705000
2007-06-29,106.68382277258836,107.21406048177163,105.44660145116072,106.3515396118164,199701800
2007-07-02,106.66264078390505,107.40497591982557,106.59194887764188,107.31306457519531,103357000
2007-07-03,107.58878430529097,107.81502428845904,107.4544664514656,107.701904296875,54048400
2007-07-05,107.7443281945781,107.85744819308911,107.19995842871295,107.58879089355469,89279000
2007-07-06,107.73017418433797,108.28868653236549,107.412022905331,108.15435791015625,81109000
2007-07-09,108.28161406860367,108.42300863537474,107.89983687183646,108.23919677734375,72348100
2007-07-10,107.66652394608725,107.89276386830714,106.59191667868255,106.69795989990234,180362600
2007-07-11,106.57780400945023,107.49688507387432,106.41520076187034,107.4544677734375,175607600
2007-07-12,107.72311954341703,109.40574446119001,107.70191089216081,109.15122985839844,133882500
2007-07-13,109.27846299151878,109.9076779799102,109.15120033069182,109.4764175415039,111794300
2007-07-16,109.5754384333477,109.95720499236415,109.28557244558957,109.46231842041016,98378700
2007-07-17,109.53295254021258,109.9217956371798,109.35620665865588,109.40570068359375,126201300
2007-07-18,109.03806847971317,109.44105427608122,108.38057896485508,109.20774841308594,237887400
2007-07-19,109.72388908833805,109.95719504852869,109.40574851997526,109.63198852539062,145212700
2007-07-20,109.50472552958627,109.57542822801686,108.04834055874029,108.52201843261719,245502500
2007-07-23,109.00270089780433,109.38447799405934,108.38056281026202,108.85424041748047,121183900
2007-07-24,108.25334139040507,109.07344507674819,106.58485941613105,106.96663665771484,256732400
2007-07-25,107.47565689957445,107.73723739656016,106.22429282543033,107.185791015625,265214500
2007-07-26,106.18186578416474,106.61312620019594,103.4953260181202,104.64771270751953,467592500
2007-07-27,104.78210114027101,105.248702371601,102.54802915911246,102.59044647216797,422987600
2007-07-30,103.17013922803538,104.4992722044214,102.71767003424472,104.19527435302734,283017500
2007-07-31,104.86688763612953,105.66578262440807,102.540905352416,103.02165985107422,316976700
2007-08-01,102.63989095833726,103.93367245626362,101.77030400612018,103.52362060546875,467670000
2007-08-02,103.75693263345283,104.46391639276756,102.69645699448073,104.3508071899414,294758400
2007-08-03,104.12457681180426,104.33667411670268,101.24008151325002,101.66427612304688,359398200
2007-08-06,101.9541204199197,103.8064141945628,100.76638223745465,103.36808776855469,324980000
2007-08-07,103.17719639924356,105.34056465881991,102.67523325729509,104.47097778320312,232568700
2007-08-08,104.92346017021958,106.46467955600619,104.16698238506896,105.92737579345703,274930600
2007-08-09,104.23061034595894,105.30522867952611,102.71766553415554,102.78836822509766,357622100
2007-08-10,102.08139244775857,103.57312872645372,101.18351998363063,102.30763244628906,411018400
2007-08-13,103.5730964888604,103.84881965892629,102.52676379062487,102.67522430419922,181917200
2007-08-14,103.00751589858484,103.26203044471391,100.90070763700857,101.10572814941406,264134500
2007-08-15,100.90071275306995,102.1308682530199,99.41604269408606,99.71297454833984,323834000
2007-08-16,98.82924569253849,101.05625079799725,96.85676593576962,100.46238708496094,546743700
2007-08-17,102.86614491262127,103.08530816887462,99.96044100626123,102.30763244628906,388218100
2007-08-20,102.63282581550231,102.84492309003245,101.3036929636479,102.25812530517578,187320400
2007-08-21,102.22983965534,103.19840379951034,101.90462243117642,102.463134765625,157066400
2007-08-22,103.22664633345991,103.78516928212863,102.74590278101134,103.67911529541016,173156700
2007-08-23,104.16697075232847,104.38613396273928,102.94389203079146,103.58724975585938,203915300
2007-08-24,103.55894323523535,104.86686706542969,103.41754868844168,104.86686706542969,128901900
2007-08-27,104.52755775329838,104.86690695221927,103.73572857219428,103.89126586914062,113024300
2007-08-28,103.33273845848086,103.39636440136857,101.42388465784475,101.60769653320312,219790700
2007-08-29,102.06721865110185,103.74277711499059,101.77736357441405,103.60137176513672,207654200
2007-08-30,102.83075150764698,104.06090672417245,102.73177424569982,103.32563781738281,191817300
2007-08-31,104.38615967497641,104.98710025414428,103.8064385357113,104.34374237060547,185477500
2007-09-04,104.24476861108778,106.03343692436495,104.20941726033683,105.39715576171875,120062000
2007-09-05,104.77495800224165,104.88807795718719,103.9265799155754,104.48509216308594,166261800
2007-09-06,104.59826219517394,105.06487414193352,104.01146428413713,104.72552490234375,127878400
2007-09-07,103.55898969675495,103.84885565974278,102.69646855031918,103.26913452148438,235447600
2007-09-10,103.58726528345613,103.7286598802985,102.03896909689914,103.07115936279297,192305900
2007-09-11,103.38929592400186,104.42148604247556,103.31152728868824,104.27302551269531,162081900
2007-09-12,104.13161233064032,104.94464996382823,103.91244913513239,104.54166412353516,149554600
2007-09-13,105.02241723204962,105.65869816480698,104.77496865391412,105.27693176269531,154079000
2007-09-14,104.60534166251685,105.40422612678061,104.44980434287936,105.2698974609375,121911000
2007-09-17,104.85280631758192,105.09317831375466,104.37206232523646,104.704345703125,109870800
2007-09-18,105.22042603600215,107.81505592336937,104.72553941225841,107.78678131103516,263759500
2007-09-19,108.45840891072422,109.15125015191407,107.96352230987434,108.42305755615234,193779900
2007-09-20,108.40888591416997,108.47251186278145,107.53929891999871,107.65948486328125,175186800
2007-09-21,108.47563529737238,108.76686541039344,107.78660711304289,107.94998168945312,141457500
2007-09-24,108.269695643028,108.55383729121169,107.51673924340852,107.75115203857422,139450200
2007-09-25,107.12602013193751,107.7298114748961,106.88450793031105,107.53801727294922,142289900
2007-09-26,108.14891125097806,108.51828987766119,107.53802041561059,108.10629272460938,135547000
2007-09-27,108.61775749458303,108.75272341316118,108.10631340254739,108.74561309814453,102713300
2007-09-28,108.57504909036818,108.8165611453433,107.95704833466777,108.38325500488281,133372100
2007-10-01,108.39750050973342,109.92472171005235,108.326462428323,109.60507202148438,148162300
2007-10-02,109.82531125278904,109.85371999142313,109.2570389300697,109.4559326171875,112978800
2007-10-03,109.25699651128494,109.68320329757387,108.68872440919597,109.23568725585938,119055900
2007-10-04,109.47016254406759,109.57670888216202,109.10078384051522,109.40623474121094,76864400
2007-10-05,110.12365647454419,110.88372304182361,109.83952572052756,110.70613861083984,134579700
2007-10-08,110.37939103833459,110.4504291543622,109.93898506786867,110.11656951904297,71280400
2007-10-09,110.52852817931644,111.16782764491292,110.12363056925197,111.15361785888672,94054300
2007-10-10,110.84111243366152,111.12525407466283,110.39360696228934,110.96897888183594,101711100
2007-10-11,111.47328997436838,111.8923974546115,109.77558330620285,110.43620300292969,233529100
2007-10-12,110.42906797434728,111.06126788977316,110.29410212067945,111.04705810546875,124546700
2007-10-15,111.00449918327928,111.06842698863377,109.34941068720806,110.10946655273438,161151900
2007-10-16,109.68320329757387,109.76134084709722,109.015484390536,109.23568725585938,166525700
2007-10-17,110.08812351621434,110.16626108953399,108.30517995632835,109.569580078125,216687300
2007-10-18,109.0013213800004,109.52697519679747,108.7384998910486,109.17180633544922,148367500
2007-10-19,108.74558414483693,111.15362825416139,106.3091312996942,106.31623077392578,297169900
2007-10-22,105.74083474189118,107.09047158049795,105.59876941765197,106.93419647216797,261989800
2007-10-23,107.58769635233357,107.93575470579142,106.72818341726706,107.80078887939453,180085100
2007-10-24,107.41015299282017,107.78663105275444,105.72664551464169,107.60193634033203,326694200
2007-10-25,107.72267726855839,108.17729283385958,106.46538770072088,107.8576431274414,237374500
2007-10-26,108.72429054976813,109.12207794189453,107.90029618670998,109.12207794189453,176484000
2007-10-29,109.34227590207436,109.70455506246631,109.07235494912916,109.4843521118164,106841000
2007-10-30,109.00135081110405,109.2144543532311,108.5893535200308,108.72431945800781,132981600
2007-10-31,109.37779665750692,110.29413836570244,108.56801210827702,109.85372161865234,220954400
2007-11-01,108.88768540047948,108.97293331382329,106.9697753531245,107.2823257446289,333040800
2007-11-02,107.63745836886127,107.97131791637194,105.98948073162464,107.40304565429688,331228200
2007-11-05,106.29491773591441,107.3746339198123,105.81899284590013,106.5861587524414,226841000
2007-11-06,107.16152105353984,108.04944297303462,106.47959225025599,108.02103424072266,177800500
2007-11-07,106.86318559174256,107.35332024847038,104.81031045132697,105.06603240966797,306639700
2007-11-08,105.12283788552884,105.41406798795072,103.04865393562515,104.53325653076172,374509900
2007-11-09,103.48909945607535,104.80321767499525,102.92082713813215,103.0984115600586,277745100
2007-11-12,103.14810167208654,104.1425697259268,102.07548522949219,102.07548522949219,243087800
2007-11-13,103.261770849554,105.35016507531488,103.15522454778714,105.1867904663086,191117400
2007-11-14,105.99657134288853,106.12442690074653,104.26334596598473,104.89554595947266,230558800
2007-11-15,104.1142109671451,104.76772040744335,102.65801638743223,103.38255310058594,263111100
2007-11-16,103.92951354931952,104.04317018964909,102.6935328121403,103.56013488769531,308770600
2007-11-19,103.19787290503935,103.25470122870898,101.7132695304393,102.11815643310547,267746000
2007-11-20,102.30281927524582,103.37542509774815,100.94607192305041,102.74322509765625,414767500
2007-11-21,101.63508101944313,102.22466238836942,100.63350263950007,100.6406021118164,259012400
2007-11-23,101.62800245888079,102.53012337868833,101.36517018464778,102.3809585571289,77688400
2007-11-26,102.59406527669996,102.91372590181068,99.91610004388755,100.1220932006836,214232000
2007-11-27,100.68325328113934,101.74164934675285,100.12208051875739,101.27283477783203,293897900
2007-11-28,102.42358379939546,104.75349034038291,102.38806475039604,104.51197814941406,258596900
2007-11-29,104.14968281921327,104.93105842005667,103.78031511598755,104.54747009277344,199409900
2007-11-30,105.8687292523198,106.45831086188254,104.65405781823104,105.59880828857422,222908000
2007-12-03,105.26489740658629,105.44958122221132,104.62558726532149,104.90261840820312,146430400
2007-12-04,104.17816855974439,104.80325859856336,103.92954593640805,103.9650650024414,136533900
2007-12-05,105.08023696203955,105.9823687574861,105.0092097047008,105.70533752441406,171130000
2007-12-06,105.57748275120748,107.41015509102895,105.53486422870566,107.2183609008789,154457400
2007-12-07,107.55933559369053,107.61616391160479,106.94134524957471,107.19706726074219,148980100
2007-12-10,107.45990293870608,108.14893148093428,107.16156235942604,108.0281753540039,123914300
2007-12-11,108.07075729100625,108.60351046764238,105.00920410349318,105.06603240966797,250346400
2007-12-12,107.30362969731011,107.80797432023292,104.56172526980676,106.10315704345703,322435600
2007-12-13,105.3572840239273,106.11733966291065,104.63273659584921,105.88292694091797,237551300
2007-12-14,105.08028873612609,105.91139368372744,104.49071777027112,104.54043579101562,159152900
2007-12-17,104.14259061576074,104.32727448026547,102.89949987966594,103.04867553710938,177269400
2007-12-18,103.78032909629873,104.05025001749561,102.26020704533703,103.62405395507812,245569300
2007-12-19,103.6666724774307,104.34149103876052,102.95633486784314,103.62405395507812,198917200
2007-12-20,104.30599663260764,104.32020642304613,103.12683332078306,104.277587890625,214813800
2007-12-21,105.23805574264749,105.9878710602294,105.03810644414826,105.7807846069336,146084400
2007-12-24,106.2734854919623,106.74478817005128,106.03068065586177,106.5662612915039,45601400
2007-12-26,106.15210397393517,106.8876340244045,106.04499217878667,106.79480743408203,67093100
2007-12-27,106.41631245030545,106.42344960324967,105.20233176837,105.45226287841797,122981700
2007-12-28,106.07354344059634,106.12353620538913,104.90240735359434,105.18805694580078,116398100
2007-12-31,105.04525394531981,105.40944497358939,104.30257578642333,104.40969848632812,108126800
2008-01-02,104.6381973729519,104.96669169984408,102.74581638143148,103.49562072753906,204935600
2008-01-03,103.48133286374585,103.89551657104118,102.88148510687,103.44562530517578,125133300
2008-01-04,102.3601906750956,102.4316058005739,100.62491426943892,100.91055297851562,232330900
2008-01-07,101.26760286989538,101.56752677167293,100.04648490525953,100.82485961914062,234991000
2008-01-08,101.46041329815935,102.04597588816154,98.86106196286076,99.19669342041016,326365700
2008-01-09,99.32522384097254,100.53920458623716,98.33261470911052,100.2392807006836,301824900
2008-01-10,99.74656447735447,101.9745880487741,99.5251928200845,100.89627838134766,335701200
2008-01-11,100.53206748526935,101.33186451382868,99.26095682355874,100.0821762084961,267076600
2008-01-14,100.80347832063894,101.30335169387537,100.26074931847742,100.88916778564453,170365500
2008-01-15,99.82514051856833,101.03913268968756,98.47547699676329,98.66828918457031,239940100
2008-01-16,98.08983058964435,99.34665617385471,97.31859299373626,97.81846618652344,378802600
2008-01-17,98.41113419874891,98.461126944563,94.92628677170488,95.28334045410156,397892600
2008-01-18,96.21882894162347,96.4187781293233,93.61947860511212,94.30501556396484,348561500
2008-01-22,90.84164765202466,94.56928558913839,89.977577914724,93.3481674194336,435923700
2008-01-23,90.75592758906627,95.82609564619196,90.57740069827194,95.59043884277344,511913000
2008-01-24,96.0331980108671,96.73303138455006,95.19769333061474,96.39739990234375,259949300
2008-01-25,97.48282955393213,97.66135646309014,94.6906769759783,95.00487518310547,269603900
2008-01-28,95.16200170083596,96.7758923058613,94.30507451835912,96.57594299316406,217934600
2008-01-29,97.19006453372425,97.43999569654372,96.31885224824372,97.05438232421875,168968300
2008-01-30,96.8187065058732,98.93245882980524,96.11888413207028,96.34025573730469,334939200
2008-01-31,95.26196862058956,98.93248198617857,95.11914925117905,98.09697723388672,343680800
2008-02-01,98.50399680984631,99.69655510616876,98.20407294757507,99.67513275146484,206843600
2008-02-04,99.41089805575527,99.47516510797821,98.28974418371001,98.41828918457031,124694300
2008-02-05,97.07578955218602,97.29716116627517,95.45476223808866,95.78325653076172,286882500
2008-02-06,96.10460774607941,96.58305855854047,94.55499547086187,95.01202392578125,250792900
2008-02-07,94.11939985755065,96.25457497077731,94.06940708677267,95.64044189453125,297368100
2008-02-08,95.04059572039355,95.8475409468161,94.33363603731192,95.02632141113281,221643500
2008-02-11,95.04775140834536,95.85468580318422,94.29078799635346,95.51191711425781,188576300
2008-02-12,96.34026998022156,97.34001637631367,95.67614416991728,96.39739990234375,256654400
2008-02-13,97.1257410361951,97.87555596606127,96.50447110113556,97.38282012939453,181967800
2008-02-14,97.79705082099241,97.8327583865487,96.25457551888141,96.52593994140625,215207200
2008-02-15,96.04746531798271,96.56162362485549,95.62614447931144,96.5044937133789,154110300
2008-02-19,97.63279057617454,97.75418755890408,96.12602312542309,96.77586364746094,145190000
2008-02-20,95.68326311399139,97.51137648012299,95.5190105516981,97.06148529052734,220085700
2008-02-21,97.58996652225572,97.83989769381057,95.74043008778838,96.25457763671875,201051200
2008-02-22,96.38311676504463,97.01153502544928,94.87634908806075,96.84728240966797,205491000
2008-02-25,96.79010870261168,98.29687569799856,96.24739102094004,98.06836700439453,190107000
2008-02-26,97.65422600961824,99.22526073871596,97.47569908821127,98.80393981933594,212420700
2008-02-27,98.23259739951182,99.36088822907786,98.12548566421641,98.70391082763672,168395800
2008-02-28,98.00414883962873,98.5183072772136,97.51141276224163,97.73992156982422,170831100
2008-02-29,96.83303903075009,96.89015807592344,94.8192494510902,95.56192779541016,252715200
2008-03-03,95.07627960852756,95.55473036367152,94.43358716643363,95.33335876464844,189483500
2008-03-04,94.42646364740531,95.26196839774266,93.54097702127997,94.96919250488281,282513100
2008-03-05,95.27624400194561,96.2402937147915,94.50500641095256,95.56903076171875,270681400
2008-03-06,94.96204317989769,95.13343295834193,93.22676662087922,93.59095764160156,247911700
2008-03-07,92.669744430946,94.0765372462403,91.81995466068611,92.62689971923828,326434600
2008-03-10,92.71975562365151,92.78402271154118,91.11301304788685,91.40579986572266,235683600
2008-03-11,93.34813298658362,94.77634798222118,92.08415966444801,94.69065856933594,341440600
2008-03-12,94.79065547625298,95.52618550027667,93.66236405677533,93.80518341064453,229161100
2008-03-13,92.55547822779792,94.71922319135645,91.83423353875051,94.01225280761719,351504200
2008-03-14,94.81209471533819,94.84065423262962,91.24869290601806,92.55551147460938,484687800
2008-03-17,90.38461684177796,92.3055629662646,90.02756297016657,91.62002563476562,405311100
2008-03-18,93.2767076715775,95.46902268027002,92.81967935883972,95.42617797851562,334416600
2008-03-19,95.79041655338477,96.15460759611652,92.86257031576588,93.06253051757812,345971600
2008-03-20,93.32947855009836,95.38193806069786,92.76253442232054,94.78629302978516,245320700
2008-03-24,95.66899830344055,97.46310602333213,95.61876898147312,96.68087768554688,208977300
2008-03-25,96.78131952038248,97.27649486110138,95.99909140696113,96.7741470336914,192947200
2008-03-26,96.49424076348954,96.94634821123331,95.52541875337296,95.59000396728516,196934300
2008-03-27,96.30770240675508,96.47994069391798,94.9872417229338,95.28865051269531,225153200
2008-03-28,95.43936274692646,95.70488719797751,94.0543058271313,94.37724304199219,180896100
2008-03-31,94.21933354909834,95.2527410993804,94.07580715608401,94.70733642578125,166692100
2008-04-01,95.88424975608245,98.20223280851603,95.81248109982303,98.03717803955078,254547300
2008-04-02,98.35301669396031,98.79795203692332,97.58513310491871,98.10183715820312,210910800
2008-04-03,97.57074228290895,98.63285080439074,97.39133154176311,98.34578704833984,175884800
2008-04-04,98.40318345043913,99.00601176280833,97.68554060508795,98.23812866210938,204446800
2008-04-07,98.94141488749287,99.44377363598863,98.13048592420368,98.28836822509766,154245500
2008-04-08,97.73583140378086,98.25970788570496,97.56359308969495,98.18795013427734,148937300
2008-04-09,98.03721583261932,98.17356976186056,96.80286893156482,97.47745513916016,195610600
2008-04-10,97.18322507726623,98.08027893186036,96.81004760765303,97.61381530761719,192967800
2008-04-11,96.51578408001015,96.96789159760544,95.45366485212634,95.71920013427734,222973300
2008-04-14,95.58285728025554,95.8340257189348,95.12356627343144,95.3962631225586,160522000
2008-04-15,95.86276280088002,95.94170397675619,94.9657089615437,95.61876678466797,172389200
2008-04-16,96.55167772500614,98.25249896363627,96.53733275025961,98.20944213867188,189268900
2008-04-17,97.61381010661054,98.49650798639769,97.35545817223822,98.35298156738281,179665700
2008-04-18,99.70933971804902,100.15427496115332,99.22133668819708,99.37921905517578,218530600
2008-04-21,99.19978472329919,99.7380169510504,98.92708784081854,99.42943572998047,118587400
2008-04-22,99.17107179259747,99.2571854344755,98.2453063409632,98.99166107177734,162166000
2008-04-23,99.09931804280765,99.59449345887413,98.40320346520161,98.83379364013672,193309000
2008-04-24,99.09212030435094,100.28340999445876,98.34576565136473,99.26435852050781,229381300
2008-04-25,100.03941554105617,100.39106450299545,98.9701346319089,100.18295288085938,190788100
2008-04-28,100.38390140278972,100.64942579560326,100.02507992045246,100.2044906616211,105610200
2008-04-29,100.03224385412003,100.27623981315801,99.47248326556854,99.80977630615234,125514100
2008-04-30,99.96048486251274,100.89342291721933,99.22131347656249,99.2213134765625,208395900
2008-05-01,99.30743844882028,101.27377319335938,99.22849728350474,101.27377319335938,187279500
2008-05-02,102.14930253897182,102.17083095305806,100.87189886815976,101.55365753173828,181585500
2008-05-05,101.22354853662583,101.62542686931829,100.76425744921113,101.06566619873047,118504500
2008-05-06,100.4843706599361,102.04882706177206,100.24754716830392,101.9411849975586,179339800
2008-05-07,101.82635963549279,101.93400169985424,99.84566899870389,100.12554931640625,199267300
2008-05-08,100.28342169149171,100.69965588298342,99.7380060852246,99.8671875,178321200
2008-05-09,99.46526560864554,100.03219842663951,99.35761265182057,99.68054962158203,152588200
2008-05-12,99.93177997090118,100.87189047566103,99.55860257384916,100.80013275146484,147865900
2008-05-13,101.04412700757901,101.10871224336692,100.2762438142267,100.8144760131836,159132200
2008-05-14,101.23792391817138,102.04885322734968,100.80016116085558,101.02262878417969,181910800
2008-05-15,101.216360187751,102.35742083815627,101.06566129548419,102.28565216064453,166927000
2008-05-16,102.52245551464743,102.52962800084441,101.62540197379771,102.3789291381836,204236800
2008-05-19,102.48660571413478,103.55589783723804,102.12061168828218,102.65884399414062,165664400
2008-05-20,102.09905514837365,102.14928445556176,101.18764562873706,101.82634735107422,178552100
2008-05-21,101.76895287325598,101.99142045293644,99.75237777955476,100.1040267944336,252724800
2008-05-22,100.06097255268199,100.59203239080807,99.75239127469791,100.1183853149414,170820400
2008-05-23,99.7882617081082,100.22602437773726,98.69026879008767,98.77638244628906,181376400
2008-05-27,98.89120368157347,99.75237305746465,98.69743701313007,99.50837707519531,168322900
2008-05-28,99.8743542924114,100.46999917298022,99.03471347050908,99.9676513671875,181288100
2008-05-29,99.84567059548571,101.13741918993182,99.80978625667048,100.47001647949219,173927200
2008-05-30,100.80729741935616,101.00106406534417,100.42694756449617,100.72118377685547,117362000
2008-06-02,100.34796291275532,100.36949131404897,99.03467568205912,99.68054962158203,181069900
2008-06-03,99.96765691556767,100.19729694652082,98.48213087488752,99.09930419921875,271965700
2008-06-04,98.81942890210286,99.8671923941516,98.6472016077774,99.04907989501953,246637700
2008-06-05,99.4509726761209,101.10872632777465,99.26438942995523,101.02978515625,237867100
2008-06-06,100.14706363309537,100.3264743486866,97.7573115873769,97.80754089355469,384276300
2008-06-09,98.21662608770258,98.67591719152496,97.17604587830105,98.04438781738281,228263900
2008-06-10,97.36260695499894,98.38884195430012,97.13296693055999,97.5563735961914,260234900
2008-06-11,97.57791573588375,97.78602737951248,96.11391794144555,96.12110137939453,283890100
2008-06-12,96.5947440756387,97.50614272490893,95.81968838662395,96.48709106445312,252791800
2008-06-13,97.00382791874884,97.9726505978097,96.46559553046302,97.70711517333984,244726900
2008-06-16,97.27650390059588,98.26684372370043,97.2119186632904,97.76449584960938,185832500
2008-06-17,98.36734292346785,98.40321631742859,97.1473409185976,97.29087829589844,191707700
2008-06-18,96.65932389299837,97.25496881367167,95.95603691753662,96.34355926513672,265893000
2008-06-19,96.2718247130138,97.05406407302208,95.80536104313724,96.46559143066406,304204900
2008-06-20,95.80852162236418,95.98882974541371,94.64012850664628,94.89977264404297,289275700
2008-06-23,95.2675957326881,95.36856783977888,94.71225464625594,94.8060073852539,165096400
2008-06-24,94.51750477556186,95.52001733481175,93.89724449396701,94.61847686767578,267300600
2008-06-25,95.00077315504839,96.21243882172736,94.65458453673124,95.06568145751953,287853900
2008-06-26,94.1713428005123,94.78438388748478,92.37546972309372,92.48365020751953,297775000
2008-06-27,92.51973006811782,92.93804635560483,91.62540305897603,91.97880554199219,303423400
2008-06-30,92.23843855936502,92.9740989070442,91.8129139583603,92.30335235595703,258842600
2008-07-01,91.2503290646995,92.65673567320593,90.82480455151625,92.59182739257812,388622000
2008-07-02,92.88751555857189,93.15437902892705,90.83921819251786,91.0051040649414,288064600
2008-07-03,91.67586516453242,91.67586516453242,90.14685025609991,91.098876953125,239352500
2008-07-07,91.44507219519012,91.84174678105548,89.37513287452997,90.16848754882812,372427300
2008-07-08,90.14684965928286,91.87780877947795,89.57707531749625,91.76962280273438,375973700
2008-07-09,91.95713318425884,92.13022742365172,89.71409992677472,90.00259399414062,336729400
2008-07-10,89.74299364981205,90.72387065567223,89.12994689679178,90.37046813964844,436475700
2008-07-11,89.41119997126593,90.80317901080358,88.34377337771971,89.31743621826172,481124600
2008-07-14,90.34155898908882,90.51465319950891,88.27883418114973,88.50962829589844,322720800
2008-07-15,87.84609612941163,89.06497497173072,86.56229801634896,87.26189422607422,502502500
2008-07-16,87.5936739226796,89.84392102098491,87.34124367989693,89.40396881103516,371642900
2008-07-17,90.25503713578235,91.06281953931415,89.4977407885608,90.29830932617188,375490600
2008-07-18,90.99791607274943,91.17822422324751,90.26226123984726,90.86088562011719,267030100
2008-07-21,91.24311268002175,91.45227073682328,90.29108612987795,90.91134643554688,222863000
2008-07-22,90.26223802540538,92.17350502964196,90.04586609942892,91.94271087646484,296904200
2008-07-23,92.23843204450334,93.14718111206055,91.99321561430887,92.44037628173828,311698400
2008-07-24,92.56298804125319,92.61347960506312,90.2694736854895,90.52190399169922,248634500
2008-07-25,90.79596187248364,91.22870028573307,90.27667357555735,90.50025939941406,219131000
2008-07-28,90.52188628811258,90.91856083384411,89.01450760714548,89.17317962646484,205201300
2008-07-29,89.41840852773863,91.14936214033118,89.17318661432871,91.07723999023438,261505600
2008-07-30,91.67584074385196,92.75048086377066,91.07721659692801,92.69998931884766,354710000
2008-07-31,91.88499439509174,92.72884035219593,91.32964245308334,91.47389221191406,277402100
2008-08-01,91.68305159545058,91.79844590166142,90.48580334093933,90.99066925048828,248690900
2008-08-04,90.90413923487293,90.97626137981698,89.98096257342833,90.14684295654297,188239600
2008-08-05,90.88971336787743,92.72164450036512,90.1324225765875,92.57740020751953,251577600
2008-08-06,92.33218170478763,93.25535836411983,91.94271551990055,92.98849487304688,209555400
2008-08-07,92.28890551784352,92.63509952201078,91.26475673863955,91.6037368774414,246312500
2008-08-08,91.2935834291099,93.709704966839,91.1493336714029,93.30581665039062,260811700
2008-08-11,93.37797605519928,94.84928556650881,93.20487628704846,94.27230834960938,249425800
2008-08-12,93.96216855006071,94.26508487728613,92.8442559819995,93.29142761230469,213200800
2008-08-13,92.88749703052518,93.50775720836994,92.07972042872953,92.72883605957031,256393200
2008-08-14,92.20236604029571,93.96217521337431,92.13745775238756,93.42845916748047,239555300
2008-08-15,93.70975085296382,94.12085873680857,93.25538177703766,93.88285064697266,181000800
2008-08-18,94.07031557698781,94.10637938993582,92.07251020020897,92.59900665283203,172275100
2008-08-19,91.89946283982303,92.09419873654403,91.25756622224488,91.5893325805664,194673700
2008-08-20,91.87781086127313,92.28169931419538,91.12051450947644,92.01484680175781,225498200
2008-08-21,91.41622656364078,92.635111345311,91.30804057961997,92.17352294921875,180609800
2008-08-22,92.80095455341223,93.50775909423828,92.17348600222907,93.50775909423828,167715300
2008-08-25,92.89476055697733,93.5078016604373,91.41623153429097,91.6109619140625,171936900
2008-08-26,91.61098004054504,92.2240322704418,91.29364137729175,91.87783813476562,159117200
2008-08-27,91.99320807806265,92.91638480268995,91.81289995207865,92.77214050292969,171032800
2008-08-28,93.24094592163112,94.00545068625932,93.11833770514694,93.89727020263672,167537100
2008-08-29,93.56548008158572,93.86118801917819,92.6855756363952,92.88751983642578,189195800
2008-09-02,93.78187734910934,94.27232125678434,91.97158191962536,92.31056213378906,252364900
2008-09-03,92.2312240600586,92.67839025857313,91.54605528252053,92.2312240600586,251947000
2008-09-04,91.5748931240544,91.76241511829258,89.40398171759269,89.4544677734375,340042500
2008-09-05,88.92078776953792,90.11803129153648,87.99039684748165,89.73577880859375,289503400
2008-09-08,92.3466235606802,92.49087889462871,89.73576489223774,91.5893325805664,364075300
2008-09-09,91.66863416291692,91.85615612195566,88.56733823839262,88.87025451660156,377326800
2008-09-10,89.35348893475903,90.0819352593079,88.38704008061259,89.23088073730469,298916600
2008-09-11,88.0769259496417,90.6877844061079,87.70188192107186,90.52190399169922,375369400
2008-09-12,89.64197060161807,91.02673541091862,89.31020437663352,90.940185546875,297851200
2008-09-15,87.72352239158964,90.62288063193198,86.46857916203682,86.61282348632812,483607000
2008-09-16,84.52845181056301,88.22116441042371,84.38420750303786,88.06249237060547,581744300
2008-09-17,86.28824625414899,87.88216924140471,83.66296068660232,84.10291290283203,624095600
2008-09-18,85.14148639689495,87.83889401240292,82.07624871936476,86.59837341308594,776114700
2008-09-19,91.9090906326799,92.85212221266943,89.46447189457683,90.03754425048828,501087800
2008-09-22,90.27693149596881,90.49455588822481,87.3100184524267,87.99915313720703,249966500
2008-09-23,87.66547330629646,88.51419854041433,85.80117671971398,85.99703979492188,327470400
2008-09-24,86.57734424231317,87.04886000757102,85.44571083322835,86.27267456054688,311818400
2008-09-25,86.61359483212156,88.43436790814289,85.91720479293299,87.62191009521484,328253000
2008-09-26,86.20015357966422,88.13698980514646,85.96802345752124,87.66547393798828,285917400
2008-09-29,86.42498148897963,86.57006066170274,80.49840817914757,80.79582214355469,459562300
2008-09-30,82.34096234425674,84.72755239270798,80.17924672817793,84.13996887207031,328154400
2008-10-01,83.61769297754275,84.64777549970661,82.66015560939273,84.19076538085938,332783000
2008-10-02,83.38554843924038,83.50161623803541,80.56371511043919,81.13678741455078,365337800
2008-10-03,81.86945685148652,83.74825883876026,79.56266173927364,80.04142761230469,461798000
2008-10-06,77.72737735507484,78.06831960163294,73.00497525130147,75.96463775634766,610637500
2008-10-07,77.50248178799652,77.85793520536525,72.28680918340937,72.56246185302734,540012100
2008-10-08,70.74168612016294,74.12208529706538,70.2266478294706,70.73443603515625,725414800
2008-10-09,72.29407886635138,72.99046906276152,65.46799496224418,65.79442596435547,534485200
2008-10-10,62.93633270570495,68.14475682865576,60.6295374972801,64.19853973388672,871026300
2008-10-13,68.093962574127,73.52000427246094,65.25036269863608,73.52000427246094,455584000
2008-10-14,75.95013145918702,76.55222076212303,70.44429347981715,72.4319076538086,546268300
2008-10-15,70.69814524376612,70.94478643080069,65.07624260898064,65.30111694335938,484627500
2008-10-16,66.22245391608573,68.74686901504464,62.77676815700162,68.0214614868164,708811200
2008-10-17,66.73020619564325,71.51789256695136,66.4835704063175,67.61520385742188,476649000
2008-10-20,69.1675891185652,71.88786665758391,68.25357431581764,71.67749786376953,321294200
2008-10-21,70.34270820789463,71.5541364065854,69.0732461287549,69.53750610351562,356502000
2008-10-22,67.60795639626203,69.53754242083731,63.49489843998523,65.75091552734375,516168000
2008-10-23,65.49701730551249,67.06389399285376,62.247190586911,66.51258850097656,634666400
2008-10-24,60.97771921561523,65.22860527556635,60.93419656051401,63.139434814453125,545812600
2008-10-27,62.36325573846533,64.9311978028452,60.71657835146072,60.89793014526367,397288600
2008-10-28,63.35706444838056,68.36237541356296,61.318671914782755,68.0141830444336,639939500
2008-10-29,68.02143175329695,70.48781737805082,66.81000303895622,67.52090454101562,531270100
2008-10-30,69.47949751548941,70.03080851161573,67.39032686855136,69.8567123413086,414582100
2008-10-31,68.97172531295527,71.5033951632612,68.53648205308656,70.2411880493164,411394000
2008-11-03,70.20491967561294,70.86504299457054,69.60283027062454,70.44430541992188,205419400
2008-11-04,71.85881562956763,73.16455044298125,70.15411028691155,72.83811950683594,346793400
2008-11-05,71.96039593925153,73.05576242045166,68.91368774734657,69.77692413330078,387844100
2008-11-06,68.52194062799025,69.23284188238242,65.33014890406993,65.91047668457031,477721900
2008-11-07,66.48353675816713,68.18824169362478,65.64931780077706,68.08668518066406,380391000
2008-11-10,69.06600966318607,69.29813971493974,65.9540125249022,67.1944580078125,301773000
2008-11-11,65.83795380884963,66.8390136731993,64.30734429528378,65.11979675292969,418498200
2008-11-12,64.0026702433745,64.52495870136588,61.746653741643485,62.25443649291992,454330600
2008-11-13,62.47932286517659,66.5416077896618,59.548676985389044,66.1353759765625,753141900
2008-11-14,64.8586725937921,66.7809976074132,62.76224030026224,62.83478546142578,540352300
2008-11-17,62.6606476612125,64.2420349657664,61.775655869077426,62.00053024291992,415254900
2008-11-18,61.768402335664234,63.26999448708357,60.14349233213013,63.16843795776367,523811800
2008-11-19,62.3197500042066,63.016140417410476,58.69996323203168,59.12070083618164,558327600
2008-11-20,58.12686149715884,59.85333371639884,54.44179810657356,54.731956481933594,814180400
2008-11-21,56.19001646746907,58.685417914865916,53.92674500114994,57.68435287475586,718536500
2008-11-24,59.425349401373104,63.10316324492855,58.29371607548437,61.681365966796875,523305300
2008-11-25,63.32806095867777,63.48039583104732,60.80364106153715,62.13839340209961,454112400
2008-11-26,61.15183891094025,64.69908024101208,61.108310708605224,64.53948974609375,370134200
2008-11-28,64.29283491623211,65.38094566161104,64.18402826922818,65.3519287109375,118308100
2008-12-01,63.48041109229948,63.509428056072274,59.38185766092641,59.563209533691406,369927100
2008-12-02,60.54973539249818,62.015055393009554,59.512402951821166,61.855464935302734,469508400
2008-12-03,60.49896841258639,63.71252289252743,60.310360969670086,63.34256362915039,519863500
2008-12-04,62.42852164782848,63.87208549321096,60.745577710110155,61.87721633911133,444173800
2008-12-05,60.68032956823895,64.14052039980896,59.65750248696567,63.785072326660156,471905300
2008-12-08,65.53328304032662,67.0131143754947,63.89386677189864,66.01205444335938,412859300
2008-12-09,65.5550411009222,66.83175360204459,64.5467256826502,64.92393493652344,370790000
2008-12-10,65.5187440705477,66.27316783104153,64.56120728500068,65.36640930175781,396187400
2008-12-11,64.95294752939805,66.01204115188065,63.37881556865163,63.79229736328125,365061000
2008-12-12,62.05858124050162,64.61201186408523,61.804684321333134,64.5539779663086,415060400
2008-12-15,64.57574079308408,64.67004726276411,62.59538241164485,63.654476165771484,256694200
2008-12-16,66.65040588378906,66.75196244041166,63.96640168547648,66.65040588378906,377699500
2008-12-17,65.89601717068118,67.04941801781409,65.33020018448852,66.00482940673828,281819800
2008-12-18,66.3022160066491,66.49807350611087,63.988165378630576,64.7716064453125,374673300
2008-12-19,65.15847267652552,66.27004572424127,64.4198621521278,64.49299621582031,301451300
2008-12-22,64.77820286741076,64.84401683120274,62.51849526167297,63.666629791259766,243759500
2008-12-23,64.01032511691564,64.30284457396866,62.74518641572737,63.008453369140625,221625200
2008-12-24,63.220518890838,63.52766736331398,62.89143801667444,63.37409591674805,62061600
2008-12-26,63.79825315521047,63.84213470344113,63.25709574802202,63.73975372314453,74767700
2008-12-29,63.79824629486398,63.86406582045979,62.59892158663093,63.556922912597656,127795900
2008-12-30,63.995723880729706,65.12192055494229,63.53500376257435,65.06341552734375,168256300
2008-12-31,65.1438187706029,66.52596712247784,64.9902473514327,65.99211883544922,193987200
2009-01-02,66.13841394718408,68.3323020109322,65.70694639338708,67.98127746582031,227566300
2009-01-05,67.73991667038847,68.49315590566381,67.19875943067836,67.90080261230469,240349700
2009-01-06,68.47852882972936,69.07087656071732,67.77648562798792,68.35420989990234,328260900
2009-01-07,67.27922743101865,67.469365940323,65.96289248867363,66.30660247802734,280899200
2009-01-08,65.93364813164473,66.61374803580807,65.57530908487703,66.57718658447266,263834400
2009-01-09,66.66494153844994,66.78194598929281,62.423422792998416,65.15115356445312,330953600
2009-01-12,64.96833445956166,65.01953053612569,63.19129052212165,63.586185455322266,277858500
2009-01-13,63.425291804798924,64.2662775725278,63.03770031594216,63.703182220458984,356432300
2009-01-14,62.555047171570216,62.70861862930431,60.814565071239265,61.699432373046875,435491600
2009-01-15,61.51663156449516,62.342994170744944,59.76151976229401,61.72139358520508,532647300
2009-01-16,62.789064199600794,62.884130654674266,60.734124578671036,62.20402526855469,399237200
2009-01-20,61.59707091237037,62.20404241491049,58.54025309270864,58.92052459716797,419855200
2009-01-21,59.92237760780792,61.60435454323253,58.84737192552349,61.46541213989258,364360700
2009-01-22,60.273391989759645,61.458093066421604,59.35927233844925,60.51472091674805,427940300
2009-01-23,59.1618255435907,61.421526666267944,58.92049661417557,60.77798843383789,386800600
2009-01-26,61.12899708349693,62.423393431735505,60.55858740298882,61.19481658935547,317978800
2009-01-27,61.523921110911466,62.26984604185671,60.91694976356153,61.81644058227539,273789700
2009-01-28,63.18395485514515,64.31745993688926,62.94262591501511,63.907936096191406,330007000
2009-01-29,62.97190140850858,63.98108791844111,61.772576369106126,61.83108139038086,294392500
2009-01-30,62.145517784900406,62.45266067318892,60.119825351641325,60.5732307434082,383383600
2009-02-02,59.65180855766967,60.8291954467923,59.461670054383774,60.390419006347656,288233300
2009-02-03,60.77066449005654,61.69209852716379,60.12712635742602,61.23869323730469,278385800
2009-02-04,61.64822716840313,62.430713311566684,60.72679306264968,60.93886947631836,322989300
2009-02-05,60.47818504323961,62.372244837392074,56.84364812461081,61.84571075439453,417679400
2009-02-06,62.05775203632357,63.871362203703036,61.926118590357056,63.60810089111328,366101700
2009-02-09,63.59349227845654,64.16390220107208,63.12546333788251,63.69587326049805,240075200
2009-02-10,63.088880034329534,63.64466635013127,60.295330575007625,60.77798843383789,536212800
2009-02-11,61.02664177733001,61.465423789103724,60.25878441541611,61.13633728027344,324442500
2009-02-12,60.09056784650376,61.297206897825205,59.271520212612685,61.18020248413086,469302200
2009-02-13,61.09976951723412,61.60435985166998,60.50741609430021,60.52204513549805,293998400
2009-02-17,58.62065864035704,60.66828299602441,57.89667197100162,57.9332389831543,478910100
2009-02-18,58.35011720193613,58.45981273414661,57.24585851521796,57.79433059692383,362964800
2009-02-19,58.386666433474254,58.613371973729,57.055708017080946,57.1727180480957,316867500
2009-02-20,56.11234527725998,57.289726719838306,55.41029619814788,56.61693572998047,477176600
2009-02-23,57.23852751051834,57.23852751051834,54.54735838134246,54.59123992919922,379641400
2009-02-24,55.0592613494177,57.004505272551405,54.62779392695885,56.66080093383789,426260900
2009-02-25,56.412153818872945,57.34821148800685,55.307895671999134,56.21470642089844,461985800
2009-02-26,56.90944297229337,58.26233918245394,55.2347748019031,55.300594329833984,363353900
2009-02-27,54.123202267096836,55.35177940128531,53.97693976341724,54.064697265625,470510900
2009-03-02,53.0335610267859,54.05737610948269,51.4612797554888,51.62947463989258,426452600
2009-03-03,52.36808601163531,52.43389994716413,50.9274325765075,51.24188995361328,443761000
2009-03-04,52.09020838048232,53.2895331863871,51.24190247519392,52.45585632324219,462753100
2009-03-05,51.26383737429173,52.4558531667407,49.85243617699513,50.31315612792969,485549400
2009-03-06,50.7519377334435,51.51979509835019,49.06995489334205,50.40091323852539,490470000
2009-03-09,49.69154179539101,51.190700248697425,49.53066142411512,49.80855178833008,379905300
2009-03-10,50.83238910925178,52.92389622204342,50.73000811038891,52.77763366699219,406227900
2009-03-11,53.38461254879966,53.933084595533906,52.52899749493733,53.12134552001953,356648300
2009-03-12,53.10671082822512,55.39566501086911,52.63136737232886,55.21284103393555,409702700
2009-03-13,55.58582198988436,56.295180148924246,54.649763809465604,55.64432144165039,337474700
2009-03-16,56.280536811563465,57.019147298622904,55.439545335724944,55.476112365722656,360644900
2009-03-17,55.62968313499717,57.30435154331462,55.17627763383305,57.1727180480957,356814300
2009-03-18,56.90213845830525,59.161845939349284,56.36098099494258,58.45248794555664,473273200
2009-03-19,59.183785472637815,59.23497596943757,57.5456839956998,57.72850799560547,428520400
2009-03-20,58.00913029772615,58.11961097095565,56.36666519122483,56.49924087524414,371078200
2009-03-23,57.99437930523499,60.609063444223466,57.67767113306974,60.5575065612793,419933300
2009-03-24,59.83568223381813,60.66059767212064,59.298018600956915,59.36430358886719,330271000
2009-03-25,59.82832459199428,60.91101879480642,58.2300504826223,59.9903564453125,441775100
2009-03-26,60.57959640494046,61.35295520250209,59.8946232360162,61.2130126953125,422025200
2009-03-27,60.43228266820362,60.78581388584261,59.88724647715431,60.10820770263672,322332300
2009-03-30,58.77510888638871,58.826665772704104,57.419890472945426,58.031211853027344,324108500
2009-03-31,58.59832097262936,59.71784964244658,58.222694744337424,58.5688591003418,364238300
2009-04-01,57.83970114744936,59.96827244010096,57.69239739224059,59.703121185302734,377018300
2009-04-02,61.19093456083636,62.3178249450289,59.754697200777734,61.4487190246582,476230700
2009-04-03,61.492908089357265,62.07476765256264,60.88895351806354,62.06003952026367,284646300
2009-04-06,61.38242178565597,62.07476194492367,60.609068477273254,61.57392120361328,264866600
2009-04-07,60.579631546971136,60.87424486072154,60.03460056906592,60.13771438598633,258947800
2009-04-08,60.43966138712193,61.087811505554775,60.05666818745808,60.785831451416016,230402800
2009-04-09,62.361989756695834,63.20900032629507,62.11157226999006,63.20163345336914,269653500
2009-04-13,62.54615484284443,63.73933601121858,62.29573722562545,63.216400146484375,224847500
2009-04-14,62.627179862304196,63.16484953408005,61.9274782205268,62.126338958740234,276598800
2009-04-15,61.7506857936276,62.91440479272684,61.581287003962785,62.7891960144043,250726100
2009-04-16,63.29003598017119,64.18860366177171,62.43565830937755,63.70985794067383,335202900
2009-04-17,63.95289906147301,64.55685341604699,63.444691580684484,64.13703155517578,262649000
2009-04-20,63.00279830277259,64.11496055443811,61.38242838008695,61.4487190246582,293690100
2009-04-21,60.99942413981669,62.70080691399952,60.947867256334746,62.64925003051758,114090900
2009-04-22,62.08211429588691,63.591997422412746,61.920076797007134,62.2662467956543,340395200
2009-04-23,62.39147372646353,62.914409503862316,61.59601974706274,62.877586364746094,324903700
2009-04-24,63.363721875968345,64.30648007431513,63.1133041879684,63.82773971557617,287703000
2009-04-27,63.10592057829733,64.08550729188954,63.00280677889611,63.22376251220703,289581600
2009-04-28,62.582966314219725,63.776141533610485,62.42829566056829,63.02488327026367,247926300
2009-04-29,63.72458842731423,65.07980687471657,63.56255650860506,64.36537170410156,311505700
2009-04-30,65.21977230725182,65.56593689171939,64.01922410112016,64.38748931884766,301419800
2009-05-01,64.4021682649784,64.96929374514363,63.871865903678895,64.73360443115234,236110300
2009-05-04,65.21976352606565,66.98007058025291,65.0945490982434,66.93587493896484,287120000
2009-05-05,66.7075424194336,66.97269375063561,66.16987288136293,66.7075424194336,243036300
2009-05-06,67.52508079545053,67.90807398065496,66.73699380151939,67.86388397216797,291941000
2009-05-07,68.50468382498843,68.60779761601395,66.49395366143065,66.921142578125,317728000
2009-05-08,67.78288256556932,68.65935542016558,67.34833238610813,68.48258972167969,299081700
2009-05-11,67.53979952850621,67.84177952923021,67.05369264494405,67.20099639892578,247923600
2009-05-12,67.48825848687106,67.63556789469276,66.17723566329434,67.00215148925781,282431300
2009-05-13,66.09621084518795,66.29507712272867,65.18291507738871,65.31549072265625,269619100
2009-05-14,65.34492651248961,66.37606938407674,65.18288905304749,65.87522888183594,260098700
2009-05-15,65.82368264724471,66.28769448570475,64.92511522290965,65.33757019042969,271502700
2009-05-18,65.95630085917608,67.27468535602354,65.23449858055912,67.19367218017578,241447400
2009-05-19,67.15683039899217,67.7386899879541,66.88431217551987,67.11264038085938,206102200
2009-05-20,67.72392167767701,68.34997658458954,66.58967058299874,66.66332244873047,285722200
2009-05-21,65.88995826413279,66.14038132967411,65.0061247111936,65.70582580566406,258988400
2009-05-22,65.88998539788432,66.28771234627546,65.3154927899679,65.56591033935547,166811900
2009-05-26,65.07980817877892,67.43670254416762,65.05034629680164,67.24520874023438,236318500
2009-05-27,67.34833187197238,67.57665446491032,65.94155631337752,66.04467010498047,246015800
2009-05-28,66.62652118433859,67.27466573707356,65.62483966329759,66.96532440185547,289095000
2009-05-29,67.33358933653594,69.01287728849226,66.78855856354367,68.15113830566406,258641500
2009-06-01,68.9907747211085,70.09556989677417,68.81400906640006,69.80095672607422,276246800
2009-06-02,69.5284194646788,70.24285432340928,69.40321073790334,69.85985565185547,230874500
2009-06-03,69.26328998526711,69.32957499577587,68.32053237395164,68.97604370117188,235310500
2009-06-04,69.23382363338358,69.72729741065432,68.71825485403777,69.62418365478516,210102300
2009-06-05,70.33125812230733,70.46383376592053,69.08652606651101,69.63892364501953,284257900
2009-06-08,69.11599712124772,70.04402682520144,68.52677628293928,69.35169219970703,238565100
2009-06-09,69.74203657721259,70.07347287264791,69.24855714232001,69.70520782470703,225125500
2009-06-10,70.32391938740851,70.33128064493192,68.63726423325426,69.5284652709961,296100400
2009-06-11,69.6610257730692,70.78791604938519,69.64629202267277,69.8377914428711,275414200
2009-06-12,69.52845608483194,70.07348689142431,69.23384286368372,70.029296875,184361800
2009-06-15,69.20438824938248,69.24857827044882,68.0554027474142,68.42366790771484,224190500
2009-06-16,68.66670655737249,68.71089656704504,67.4514307178665,67.49562072753906,227319000
2009-06-17,67.466152049714,68.0038214634269,66.89902637870688,67.42932891845703,223445200
2009-06-18,67.5324684942333,68.25426507872797,67.20839334732028,67.9228286743164,211725100
2009-06-19,68.57313030072012,68.66200954724859,67.7879944999237,68.17315673828125,215655600
2009-06-22,67.50656111443254,67.54359791596866,66.1066559119092,66.12887573242188,251913600
2009-06-23,66.26959475310379,66.5732749874582,65.81036450607999,66.18070983886719,188309800
2009-06-24,66.78064300085505,67.46207674959388,66.36585257252027,66.75101470947266,211577700
2009-06-25,66.41773717294207,68.26946401941211,66.34366922928764,68.20280456542969,279411000
2009-06-26,67.97317629625688,68.32130179481788,67.60283098306789,68.0250244140625,167579000
2009-06-29,68.22502823311963,68.75091800906858,67.84727435283831,68.66203308105469,168481300
2009-06-30,68.67684134070255,68.92867346156453,67.60283645491083,68.10650634765625,228888200
2009-07-01,68.3953499179041,69.05456958339,68.29906219873034,68.38794708251953,173041100
2009-07-02,67.4991424820504,68.41019454334021,66.48439982428867,66.52143096923828,212309900
2009-07-06,65.8770208578536,66.61030293712655,65.66962840319219,66.5140151977539,174499600
2009-07-07,66.44736825587607,66.52884469260547,65.18078771811267,65.22522735595703,197088900
2009-07-08,65.61779864425824,65.7733486931816,64.44010292400013,65.18079376220703,248050500
2009-07-09,65.63257672655908,65.84737762045386,65.114095707516,65.30667114257812,163777600
2009-07-10,64.95858000620998,65.5437264082851,64.69933935997982,65.15116119384766,173520300
2009-07-13,65.410369517953,66.78805415831312,64.8770715086498,66.7362060546875,217413500
2009-07-14,66.94359898088722,67.17321685671536,66.46215472254909,67.11396026611328,181487400
2009-07-15,68.00278536094024,69.26196246016482,67.16580722428805,69.07678985595703,220877900
2009-07-16,68.88423706956523,70.00268164083028,68.7509125137123,68.96571350097656,231174500
2009-07-17,69.6693661709258,69.86194733724976,69.2842094892995,69.7212142944336,138561700
2009-07-20,70.12859786821865,70.58041966125654,69.76566099629406,70.46190643310547,164179400
2009-07-21,71.01000544711842,71.03222525957538,69.93600075319448,70.78779602050781,217718300
2009-07-22,70.33599214841026,71.20259895988872,70.28414402253604,70.77300262451172,196068100
2009-07-23,70.81742797283634,72.6469346397469,70.75817136921492,72.33584594726562,258795500
2009-07-24,71.99510873382538,72.6913595579395,71.61736067697247,72.6321029663086,154003100
2009-07-27,72.4988059136384,72.8839682540684,72.0988322452019,72.84693145751953,159259400
2009-07-28,72.33582418917644,72.86171367333603,71.89140544671454,72.50617980957031,186685200
2009-07-29,72.17291629715271,72.65436081592556,71.8321991934111,72.32846069335938,194399300
2009-07-30,73.20248237167954,73.9431732652891,73.03212097969919,73.08396911621094,225575400
2009-07-31,73.0691373871326,73.67650352430188,72.86914773711332,73.1876449584961,207358000
2009-08-03,73.95794814571751,74.4616179311737,73.55797458217697,74.39495849609375,175776900
2009-08-04,74.06165003545652,74.69123590270294,73.90610569067945,74.58753967285156,176714600
2009-08-05,74.63940041486299,74.70606551734302,73.75798231201279,74.37275695800781,184726400
2009-08-06,74.71345857859151,74.8245576414138,73.63945387947199,73.98757934570312,193203800
2009-08-07,74.76531786655931,75.5726679825164,74.35793573858561,74.95789337158203,220640900
2009-08-10,74.61716500753802,74.97269896076403,74.2690395421556,74.80233764648438,130898700
2009-08-11,74.46903719647489,74.52088531493658,73.66908995361932,73.86907958984375,157301000
2009-08-12,73.74315306731803,75.22453424199952,73.70612192856342,74.66161346435547,219052400
2009-08-13,75.00232134788585,75.26156189176795,74.26163085049694,75.23193359375,176449500
2009-08-14,75.19495239687275,75.25420903671457,73.84689492110473,74.65425109863281,199616100
2009-08-17,73.21728787679301,73.29135583005535,72.66917824142452,72.81731414794922,237667500
2009-08-18,72.98026500130368,73.65429635455335,72.84694042873903,73.39505004882812,173461500
2009-08-19,72.81727313311956,74.29125113261823,72.74320522157647,74.03941345214844,192812800
2009-08-20,74.1357150160734,74.97269896076403,73.97276784065781,74.80233764648438,174131300
2009-08-21,75.41714811125937,76.3874513935022,75.26901218990218,76.2689437866211,224605000
2009-08-24,76.58000997905539,76.99479495708539,75.9874551667084,76.26151275634766,191279000
2009-08-25,76.56518942859063,77.2244036111308,76.24669224424936,76.4096450805664,215310600
2009-08-26,76.1726163462216,76.7651710691636,75.91337577406722,76.41704559326172,194620700
2009-08-27,76.37262423476355,76.82444604760019,75.50601740726586,76.5874252319336,196230100
2009-08-28,77.2022006163255,77.291079891119,76.0467191848115,76.5726089477539,147024400
2009-08-31,75.8244843699656,75.98002868833123,75.39488254723022,75.89114379882812,176051600
2009-09-01,75.51339435147065,76.46888577632502,74.06164164696155,74.2171859741211,321276800
2009-09-02,73.90607117519565,74.39492944563558,73.7505269030606,73.93569946289062,171805000
2009-09-03,74.36535678164522,74.63940875852714,73.76539339634381,74.55052947998047,143572300
2009-09-04,74.69865176134084,75.61710659537135,74.47644795445767,75.59488677978516,142687900
2009-09-08,76.29112846850617,76.32816525729717,75.83930677015474,76.24668884277344,132909100
2009-09-09,76.38002636928911,77.0910887571239,76.14300557334418,76.83184814453125,154612500
2009-09-10,76.88366904392893,77.66879909292958,76.45406723744877,77.61695098876953,162902400
2009-09-11,77.76508750511671,77.99470538359529,77.23919797224701,77.60213470458984,152360100
2009-09-14,76.94292116586251,78.11321342176417,76.40222030717429,77.97988891601562,149593800
2009-09-15,78.10583461964526,78.5946932101901,77.59476186255591,78.30582427978516,196795900
2009-09-16,78.58726243018815,79.5057170855546,78.31321055657389,79.49090576171875,206406300
2009-09-17,79.37981647309967,80.03903070673334,78.93540320843962,79.3724136352539,229170900
2009-09-18,79.7430106922045,79.75045446677298,79.15507741589434,79.4229965209961,153799100
2009-09-21,78.80528541406194,79.63136828697476,78.63411836280872,79.2220458984375,151892000
2009-09-22,79.69095360477615,79.90677774662754,79.33372606841615,79.68350982666016,143126700
2009-09-23,79.86954219674932,80.39793673642689,78.87973006788944,79.02113342285156,225947400
2009-09-24,79.19230544969444,79.36347255128794,77.80805837327009,78.15039825439453,228636800
2009-09-25,77.97922846349456,78.41087663890947,77.4657157831583,77.73363494873047,204059000
2009-09-28,78.03132572031899,79.296500854836,78.01644384534393,79.12532806396484,118285800
2009-09-29,79.26676794364643,79.64631554870789,78.72348557080292,78.88721466064453,133733900
2009-09-30,79.15506732325377,79.22948802564052,77.86012893233024,78.58201599121094,254383000
2009-10-01,76.6545354330802,78.68625522974519,76.61732222237407,76.63220977783203,281840600
2009-10-02,75.92514934780397,76.72890648382521,75.90282370701478,76.27493286132812,224748800
2009-10-05,76.5801063041762,77.6368955084234,76.35683842026454,77.41362762451172,149875000
2009-10-06,77.97179600904727,78.96905208746851,77.92714470094758,78.52252197265625,202491100
2009-10-07,78.34393196160352,78.82023734731433,78.19509043215291,78.73837280273438,159200300
2009-10-08,79.29649707572983,79.75790899115835,78.77554062942542,79.34114837646484,183305800
2009-10-09,79.36350289310293,79.82492065429688,79.1551225099636,79.82492065429688,135008300
2009-10-12,80.19703582708532,80.44262376591826,79.8398082319665,80.13749694824219,118031000
2009-10-13,79.921629294071,80.15977900195172,79.45277365360054,79.97372436523438,157692700
2009-10-14,80.91146905220519,81.43241994236716,79.9439823385457,81.35055541992188,191421600
2009-10-15,80.95609277056519,81.6482162475586,80.91888524991467,81.6482162475586,173873600
2009-10-16,80.9710021639757,81.3207802065443,80.54679770415484,81.03797912597656,192069400
2009-10-19,81.17191019368752,81.9607799733927,80.91887863338076,81.70774841308594,159530400
2009-10-20,81.8268432916727,81.85661272084258,80.88168804676565,81.276123046875,180921100
2009-10-21,81.14958333734168,82.09473830395343,80.48722934766765,80.54676818847656,225379300
2009-10-22,80.51701631620878,81.62590049775062,80.00350363870405,81.36542510986328,238444000
2009-10-23,81.6333580699872,81.68545315636872,80.10026355458768,80.43516540527344,240033200
2009-10-26,80.52444427482412,81.35052731377311,79.34113951402183,79.56440734863281,242028200
2009-10-27,79.653726669519,79.92164585614755,79.00626003344843,79.19975280761719,253266300
2009-10-28,78.99885033634676,79.24444397636056,77.65925382530841,77.70391082763672,248821400
2009-10-29,78.28435222712083,79.52719586094607,78.09829758692172,79.37091064453125,198110600
2009-10-30,79.11044461841185,79.34859435884951,76.9819788291524,77.07128143310547,325608100
2009-11-02,77.49549085673654,78.44809555814551,76.71406463182902,77.63689422607422,254222900
2009-11-03,77.20526541455884,77.99414129237516,77.05642390897661,77.88250732421875,228362600
2009-11-04,78.52249641351212,79.13275536330136,77.88246804203358,78.08340454101562,247996700
2009-11-05,78.63412118259643,79.54206288783936,78.47039222131028,79.51973724365234,180015300
2009-11-06,79.08068276166868,79.9290916480689,78.92439751185161,79.7281494140625,170954100
2009-11-09,80.33841564710204,81.58870343422613,80.27888245947803,81.54405212402344,159495700
2009-11-10,81.35054910347424,81.81196676889019,81.09751745588183,81.55892944335938,171899800
2009-11-11,82.09477243159888,82.47432560211936,81.58126533047691,81.97570037841797,169466200
2009-11-12,81.86404381006496,82.28824817359961,80.93377058495058,81.14215087890625,157144500
2009-11-13,81.35053379410375,81.93102339680946,80.93377319276372,81.58124542236328,150963000
2009-11-16,82.14683131400784,83.12176135455753,82.102180023487,82.76453399658203,210922200
2009-11-17,82.54873475342725,82.89851844205043,82.23616427003809,82.8613052368164,147134100
2009-11-18,82.80177363211914,82.92828944761992,82.288260915402,82.80921173095703,156486800
2009-11-19,82.24359225925757,82.83896368314923,81.21656704250023,81.7300796508789,208734600
2009-11-20,81.30590549855336,81.68545868383862,81.12729457286456,81.43986511230469,134196000
2009-11-23,82.39989872057154,83.15899932712283,82.31059042888504,82.47431945800781,148010200
2009-11-24,82.6082433344531,82.75708474496246,81.87146869994083,82.60079956054688,138420100
2009-11-25,82.7347822766889,82.9803757829668,82.47430689636573,82.89106750488281,109564800
2009-11-27,80.67331750743845,82.10221621331208,80.59145298677436,81.54405212402344,126001800
2009-11-30,81.47706468597609,82.01289737335081,80.46492681326052,81.81940460205078,160874800
2009-12-01,82.54872862761465,83.0994544989323,82.40733094968175,82.83153533935547,159613700
2009-12-02,82.81662953943224,83.35991151496151,82.54871043888852,82.79430389404297,132315100
2009-12-03,83.01760612145544,83.48646190281822,82.07988888079129,82.14686584472656,167324900
2009-12-04,83.23340451291361,83.63528323350691,81.89381445553985,82.61570739746094,274907800
2009-12-07,82.54131280482969,83.00272484355928,82.22873658234369,82.48921203613281,127973800
2009-12-08,81.89382866895902,82.43710515517104,81.32077707464205,81.57381439208984,169863700
2009-12-09,81.55147681012404,81.99800684143246,81.13471052669044,81.8789291381836,155063400
2009-12-10,82.38498332303351,82.6975593993272,82.19892870335373,82.34033203125,138014600
2009-12-11,82.6901626586914,82.8762173841987,82.31805320767684,82.6901626586914,124854000
2009-12-14,83.25574493408203,83.35249131744644,82.70501902833364,83.25574493408203,107141500
2009-12-15,82.95061603752538,83.29295595989328,82.60827611515748,82.8687515258789,120408800
2009-12-16,83.20365578801365,83.44924365221308,82.80921509400235,82.99526977539062,155358200
2009-12-17,82.39990280240607,82.55618806214562,81.92360324569356,81.9980239868164,183390100
2009-12-18,82.45440732460949,82.52923440466918,81.76604157269627,82.4618911743164,174591200
2009-12-21,82.87342337046505,83.57675116497045,82.87342337046505,83.29991149902344,118039600
2009-12-22,83.4794938621739,83.77878511444426,83.37474278015515,83.59921264648438,91707500
2009-12-23,83.80121511485663,83.88352033638196,83.42710254737959,83.76380157470703,111783100
2009-12-24,83.94339149783235,84.25016087779305,83.80122687551817,84.1603775024414,39677500
2009-12-28,84.47465425874765,84.54199180901439,84.0406821286715,84.33997344970703,87508500
2009-12-29,84.55697318078487,84.57193518042658,84.2127901039449,84.22026824951172,80572500
2009-12-30,83.97334252475211,84.2875958353258,83.92844511716515,84.19032287597656,73138400
2009-12-31,84.37736029676735,84.39981184977555,83.34481149011314,83.3822250366211,90637900
2010-01-04,84.07806831897445,84.84125551613299,83.43459418616192,84.7963638305664,118944600
2010-01-05,84.74404941024093,85.05830285285082,84.4372741149484,85.02088928222656,111579900
2010-01-06,84.93853909234362,85.29020591967505,84.8712015510281,85.08070373535156,116074400
2010-01-07,84.9235801469248,85.54460857883376,84.68414825502704,85.43985748291016,131091100
2010-01-08,85.21541139111582,85.7616185797309,85.04332270338665,85.72420501708984,126402800
2010-01-11,86.10578033598838,86.14318818085562,85.47726803204701,85.84390258789062,106375700
2010-01-12,85.27522954749925,85.4548020025721,84.71406063045438,85.04328155517578,163333500
2010-01-13,85.26026615785628,86.00101327593866,84.82629984519355,85.76158142089844,161822000
2010-01-14,85.66430932881917,86.15065689468558,85.61193378840315,85.9935302734375,115718800
2010-01-15,85.8439042407905,85.92620378448578,84.69911456248039,85.02833557128906,212283100
2010-01-19,85.01337198906745,86.14318823275657,84.99092043192546,86.09081268310547,139172700
2010-01-20,85.50719286950971,85.63438981013572,84.53450333068523,85.21538543701172,216490200
2010-01-21,85.237835892578,85.49971363993842,83.4720234982238,83.57677459716797,344859600
2010-01-22,83.20265082616797,83.60669317197257,81.62389499123934,81.71368408203125,345942400
2010-01-25,82.4618960755135,82.61154453602265,81.86331935899211,82.13267517089844,186937500
2010-01-26,81.8109590312821,82.65645735092019,81.58649484589206,81.78851318359375,211168800
2010-01-27,81.68378829249328,82.36467633616716,81.05528152157125,82.17761993408203,271863600
2010-01-28,82.44692901340177,82.49182069454123,80.74097662804547,81.23480224609375,316104000
2010-01-29,81.5864863225913,82.15513914148427,80.22471652286497,80.35191345214844,310677600
2010-02-01,80.92057358135591,81.60893954043578,80.43422595712318,81.60145568847656,187865000
2010-02-02,81.7511177011396,82.74625325299677,81.4667883647455,82.58912658691406,216327900
2010-02-03,82.21502778939404,82.66396772120505,81.93818796775341,82.17761993408203,172730700
2010-02-04,81.54156742208994,81.578975249011,79.6261074367057,79.64107513427734,356715700
2010-02-05,79.73089798973172,79.97032989297239,78.24941487233848,79.80572509765625,493585800
2010-02-08,79.8655587798935,80.30701463030229,79.1697090935076,79.22956848144531,224166900
2010-02-09,80.15739581124001,80.92058901849269,79.51392142414757,80.22473907470703,337820500
2010-02-10,80.09751087012472,80.50903130978284,79.39417734726553,80.06758117675781,240511500
2010-02-11,79.96283417133532,80.99538295673794,79.49893246331092,80.90559387207031,223591600
2010-02-12,80.05261803866573,80.88314852429394,79.69347311480281,80.8382568359375,304622100
2010-02-16,81.45180095836841,82.19254235554693,80.67364601538563,82.11023712158203,159317500
2010-02-17,82.50681438673584,82.61157119715281,82.11025582828962,82.49933624267578,168845100
2010-02-18,82.36463604649475,83.15775297665016,82.33470635178061,82.98566436767578,193708600
2010-02-19,82.768693563781,83.4795053911475,82.57415336666233,83.15776824951172,222684900
2010-02-22,83.4645369109417,83.48698275722953,82.92581376600896,83.1727294921875,132346900
2010-02-23,82.9482748183571,83.2026687342629,81.94564973515213,82.16263580322266,207497000
2010-02-24,82.40953390034475,83.05300811358092,82.20003173017597,82.91832733154297,176350700
2010-02-25,81.73611385606846,82.86593543189599,81.5116497359834,82.80607604980469,259634700
2010-02-26,82.88092821033565,83.1428116771388,82.3871023959068,82.85848236083984,173589300
2010-03-01,83.20265579248448,83.80123834981426,83.18020994557321,83.71893310546875,147709700
2010-03-02,84.07809988783858,84.35493966411819,83.80125440305153,83.95089721679688,160992400
2010-03-03,84.16784707071392,84.52699766105123,83.8161803303954,84.02568817138672,150785000
2010-03-04,84.13794094317292,84.39982439063003,83.82368765643227,84.28010559082031,135770400
2010-03-05,84.82628985545628,85.55206347758632,84.62426586213259,85.48472595214844,176118800
2010-03-08,85.49222431074335,85.68675877846967,85.35005967713059,85.49970245361328,114631200
2010-03-09,85.24531768307665,86.03843475832961,85.20042598704546,85.64187622070312,154556700
2010-03-10,85.67926225053431,86.25539309572311,85.60444087834813,86.02344512939453,186088800
2010-03-11,85.82144512479061,86.4050656913256,85.55956739471449,86.38261413574219,160791100
2010-03-12,86.7567120728176,86.7716797739974,86.15065147066018,86.39008331298828,162074800
2010-03-15,86.24043277379634,86.47238074461406,85.74660143250131,86.41252136230469,146816800
2010-03-16,86.65195146337528,87.18319062669224,86.41251964739435,87.10089111328125,168673000
2010-03-17,87.36278601338529,87.90150913279969,87.10838644765919,87.61717987060547,177468100
2010-03-18,87.6246793229906,87.74439242167152,87.22063691149204,87.57230377197266,196509100
2010-03-19,87.1290054321289,88.12072966572507,86.7909141078495,87.1290054321289,226641100
2010-03-22,86.63314675592416,87.75259751725838,86.5805555325873,87.59481811523438,184477800
2010-03-23,87.72253380489333,88.28601358521149,87.43703371437732,88.21088409423828,182941600
2010-03-24,87.88034260352426,88.225942985835,86.83602678488532,87.78266906738281,196072600
2010-03-25,88.37619271959103,88.78189896879367,87.53473300155396,87.6399154663086,223396300
2010-03-26,87.80516741288032,88.2183824295826,87.24168770027643,87.58728790283203,205808500
2010-03-29,88.03059814502764,88.30106899556165,87.66997416565883,88.14329528808594,134513500
2010-03-30,88.24847622183498,88.52646173893238,87.835261013842,88.20339965820312,145772500
2010-03-31,87.86528730401311,88.2935317525452,87.60984586159654,87.9028549194336,161078700
2010-04-01,88.50393676757812,88.8420225096925,87.97801860738117,88.50393676757812,161215200
2010-04-05,88.84197559043488,89.28524358408669,88.5940431200809,89.22514343261719,105847600
2010-04-06,88.969749854399,89.59333587390118,88.8720820339532,89.43556213378906,110384200
2010-04-07,89.25520587374756,89.67593563887479,88.51140838352357,88.92462921142578,184576300
2010-04-08,88.61657979230726,89.38291546282613,88.35362372183998,89.23265075683594,158704000
2010-04-09,89.42052059207445,89.85627985219948,89.25523793355842,89.81871795654297,133006500
2010-04-12,89.93140334510902,90.19436525714752,89.82622087309954,89.96145629882812,110279000
2010-04-13,89.87127906867137,90.18682640007864,89.40546700896542,90.029052734375,125043600
2010-04-14,90.35963590543388,91.05084228515625,90.21689155924211,91.05084228515625,161609000
2010-04-15,90.90058229374903,91.33634148959325,90.87052934244794,91.1259765625,144615300
2010-04-16,90.80290118170444,91.12596319578518,89.21764405819356,89.67594146728516,366786700
2010-04-19,89.41298111378887,90.10418166355834,89.0072749479642,90.01402282714844,217947800
2010-04-20,90.57752187554476,90.89307500392378,90.05912421923567,90.81793975830078,157708000
2010-04-21,90.87053042367592,91.08090108528664,90.14927677991102,90.65265655517578,192910100
2010-04-22,90.01403832933038,91.03581572322632,89.49564069373167,90.9231185913086,115360300
2010-04-23,90.86299917106494,91.55419969342941,90.63009028591048,91.51663208007812,177335500
2010-04-26,91.5467196316481,91.74957564920955,91.080913149277,91.17106628417969,143457300
2010-04-27,90.64515037324746,91.16354807486827,88.84201322896277,89.01481628417969,355853300
2010-04-28,89.44305979286588,89.91638092316695,88.85703578561682,89.69098663330078,300674100
2010-04-29,90.2319076882038,90.99072884290077,90.20936941077944,90.80290222167969,193775000
2010-04-30,90.81789904832145,90.91557253104253,89.24015704172189,89.2626953125,270000900
2010-05-03,89.69098566192929,90.66768659808496,89.5557502358772,90.41975402832031,182747900
2010-05-04,89.41300726449231,89.42803087561464,87.84277336351505,88.2935562133789,360353400
2010-05-05,87.57229783390082,88.50392217018694,87.12902967926058,87.76763916015625,328973200
2010-05-06,87.34690727284612,87.90287255412181,78.88719331780163,84.85256958007812,647356600
2010-05-07,84.62718662432414,85.47616113576012,82.20046918192918,83.59038543701172,637558800
2010-05-10,87.00881240576767,87.63991290788655,86.33264107551679,87.27177429199219,396159600
2010-05-11,86.45285483593779,88.17334772938788,86.33264875418489,87.02384948730469,317849800
2010-05-12,87.36943892534173,88.36867800724123,87.21917417692785,88.24095153808594,235607100
2010-05-13,88.00054736471071,88.41376832212465,87.06892870764969,87.14405822753906,234452500
2010-05-14,86.49039356018957,86.64816721402889,84.79995418503759,85.5662841796875,345601400
2010-05-17,85.79923875817123,86.03965671747476,83.97356290932949,85.61141204833984,325739800
2010-05-18,86.31009838722679,86.56554560667348,84.16887576722434,84.44686126708984,360556800
2010-05-19,83.97352761494331,84.72483413849193,82.91418839738697,83.96601867675781,394742700
2010-05-20,82.17787187807826,82.56103965336713,80.74287998554398,80.79547119140625,530418300
2010-05-21,79.57085858468878,82.17788681428532,79.15763779780077,81.97503662109375,500909400
2010-05-24,81.53175110888971,82.18538960495124,80.84806540722668,80.9231948852539,269823000
2010-05-25,78.9698047541889,81.04341172358892,78.42134863933592,81.00584411621094,396505200
2010-05-26,81.5017479584385,82.2455399373791,80.27711444978257,80.51753234863281,349719300
2010-05-27,82.03515548946196,83.24475936761183,81.72711708465982,83.21470642089844,300870500
2010-05-28,83.12453620518862,83.18464209038993,81.7796971168761,82.17037963867188,297933500
2010-06-01,81.40408860431081,82.60617830794126,80.6678111685941,80.78801727294922,277909400
2010-06-02,81.20122266518604,82.89917153697216,80.77297811157418,82.89166259765625,240243700
2010-06-03,83.13208560368402,83.44011836300442,82.32818768231581,83.17716217041016,226618300
2010-06-04,81.59938622444774,82.14032773406991,79.98407636432954,80.25454711914062,398475600
2010-06-07,80.54005106016133,80.84808946334418,79.19521752689091,79.25531768798828,264609100
2010-06-08,79.31542733129467,80.26207513050238,78.62422672387927,80.10430145263672,357774300
2010-06-09,80.5701067374713,81.3514661783541,79.33796454700598,79.67605590820312,268023300
2010-06-10,81.03594816739785,82.10280239848719,79.6685700837721,82.00513458251953,317890600
2010-06-11,81.2838824435421,82.45591918726637,81.23129119817025,82.40332794189453,214128200
2010-06-14,83.03439684337339,83.48518535605008,82.19293718134016,82.27558135986328,207196100
2010-06-15,82.85407611959921,84.22145365788154,82.71132605687308,84.14632415771484,238268700
2010-06-16,83.71055060447404,84.4618569406808,83.54526229338656,84.11625671386719,216374000
2010-06-17,84.356700710686,84.39426833196863,83.43259684008133,84.25151824951172,263185800
2010-06-18,84.41834430960644,84.64480515590624,84.07109973785205,84.34285736083984,174006600
2010-06-21,85.39211805821391,85.45250414507991,83.63324441427486,84.10127258300781,213140700
2010-06-22,84.10130258086276,84.47119269171708,82.59154044431477,82.71231842041016,239355400
2010-06-23,82.76515618840038,83.05955933120705,81.88949718292766,82.45565795898438,254639900
2010-06-24,82.04799627810075,82.15367912972276,80.87792873034972,81.08929443359375,268523600
2010-06-25,81.33085503605321,81.84417420573291,80.59861974526034,81.42899322509766,238726500
2010-06-28,81.5498268236274,81.76874309417428,80.8779829199054,81.1723861694336,169218600
2010-06-29,80.03250132545345,81.1572784465852,78.16794962172357,78.66616821289062,373649500
2010-06-30,78.44722231350899,79.17190729163956,77.66214548071314,77.91880798339844,284101700
2010-07-01,77.86595915573811,78.1226158747654,76.34109664631393,77.5715560913086,382924800
2010-07-02,77.83577868812233,78.06978995009239,76.71100763503695,77.14883422851562,233385200
2010-07-06,78.23584245012455,78.78690794566162,76.90725068388645,77.65458679199219,256935300
2010-07-07,77.85087032501677,80.19855054100918,77.76783295974748,80.10041809082031,253769400
2010-07-08,80.77229027638114,80.98365609580544,79.94947251372419,80.89307403564453,210842100
2010-07-09,80.87039565937896,81.50449866443276,80.71942177018194,81.4969482421875,144999900
2010-07-12,81.22518278555205,81.70830609544075,80.88548868804048,81.5497817993164,131283600
2010-07-13,82.39526723307011,83.10485149922371,82.22919248164523,82.78025817871094,213025900
2010-07-14,82.51603493050132,83.0972964881092,82.17634080618421,82.77269744873047,184426800
2010-07-15,82.74251530547305,83.08220948638731,81.6554847116905,82.79535675048828,232337900
2010-07-16,82.34996503128777,82.44055282408665,80.35707966399164,80.51560974121094,282693400
2010-07-19,80.81000298636992,81.24782953314333,80.18345045452372,80.99117279052734,186709000
2010-07-20,79.91924847443522,81.94987431932826,79.88150212311531,81.88948822021484,258162400
2010-07-21,82.31221239537633,82.33485790044193,80.4929466979846,80.8250961303711,264527000
2010-07-22,81.78381123026152,82.99162553301522,81.77626656635125,82.62928009033203,274781300
2010-07-23,82.46318242848497,83.46717534105584,82.22917120799245,83.34639739990234,222020800
2010-07-26,83.48986093089904,84.29758359771157,83.25584959805109,84.21454620361328,184445700
2010-07-27,84.67498503464579,84.76557281156316,83.8748131627028,84.20696258544922,204855600
2010-07-28,84.0333651689516,84.29002774189532,83.38416695180003,83.6634750366211,163056200
2010-07-29,84.18431386310866,84.41078043259667,82.59152049237026,83.25581359863281,220149100
2010-07-30,82.410354734838,83.68610542674054,82.26693126576883,83.24072265625,220070600
2010-08-02,84.53914534586887,85.25628595306638,84.19945110407667,85.12040710449219,188263200
2010-08-03,84.90902398368414,85.12793442245093,84.43344523094517,84.71275329589844,146657300
2010-08-04,84.94675069212094,85.3845830166392,84.6674484321194,85.27890014648438,158171700
2010-08-05,84.73537373723715,85.23359785284325,84.6070453775024,85.18830108642578,140473800
2010-08-06,84.35039829828318,84.97695088801137,83.73139613088364,84.84107208251953,239728300
2010-08-09,85.24115728102393,85.43742794474343,84.78822985337369,85.29399871826172,120800400
2010-08-10,84.56933461851996,85.2864751691823,84.07111605254893,84.83354187011719,242916300
2010-08-11,83.52757966376905,83.55777559338729,82.37261271247353,82.50849151611328,273406900
2010-08-12,81.26292083265402,82.29710386257592,81.22517448821566,82.00270080566406,239542600
2010-08-13,81.74607434580214,82.25184329646342,81.66303696473409,81.76116943359375,158698500
2010-08-16,81.20255703395581,81.98763404332702,80.9081538753523,81.72342681884766,147895300
2010-08-17,82.42546915958819,83.3313241759576,82.19145210225226,82.7274169921875,172270300
2010-08-18,82.68966719714132,83.32376448622713,82.21409423032696,82.87838745117188,182922100
2010-08-19,82.44811286057615,82.65192821903355,81.09687503000964,81.43656921386719,265847600
2010-08-20,81.19503168719925,81.48189027033042,80.58357967037723,81.1723861694336,209714200
2010-08-23,81.55735852473669,81.95744460484127,80.82512290222711,80.86286926269531,163490300
2010-08-24,79.97963866072017,80.31178813959838,79.23985851503585,79.66259002685547,280677800
2010-08-25,79.22477804332854,80.27406242948787,78.72655945617511,79.97211456298828,272234800
2010-08-26,80.34953198814131,80.4552148628018,79.17191376304842,79.43612670898438,224439500
2010-08-27,79.93435986457806,80.74963284139864,78.74164633470562,80.66659545898438,272649000
2010-08-30,80.45523086972686,80.704343020682,79.48898396100057,79.49652862548828,167238600
2010-08-31,79.20212545046343,80.00230335117215,78.87752633963014,79.49652862548828,273933100
2010-09-01,80.56844128251826,81.9876153063094,80.51559984969849,81.87438201904297,256828100
2010-09-02,82.07067995501498,82.6519359093012,81.89705475557116,82.6368408203125,156112200
2010-09-03,83.44456349976632,83.78425771553705,82.9991806238347,83.70877075195312,212197300
2010-09-07,83.31624835971954,83.4219312774317,82.69724594485383,82.76518249511719,141973700
2010-09-08,82.93121062875385,83.67854105753732,82.89346428254622,83.34639739990234,149924400
2010-09-09,84.2824728824462,84.30511839313175,83.50494629938638,83.73140716552734,147017900
2010-09-10,83.8823790361853,84.25226911465634,83.69365878563895,84.15413665771484,127819000
2010-09-13,84.98450419370627,85.26380647721004,84.6448042888089,85.0901870727539,178503500
2010-09-14,84.92410496502568,85.52046159322755,84.60705635538453,85.03733825683594,209823600
2010-09-15,84.78823492499822,85.46007856404422,84.53157814571551,85.36194610595703,168608400
2010-09-16,85.09777079688577,85.39217404076882,84.81091221925506,85.3393325805664,199962900
2010-09-17,85.788587302144,85.87206922790482,85.13591358626022,85.37117767333984,195836900
2010-09-20,85.66716826254996,86.86626718184056,85.39395570397441,86.6765365600586,214555200
2010-09-21,86.74483094484408,87.15464393755005,86.14528156571888,86.5019760131836,268389100
2010-09-22,86.365367164839,86.85107701360869,85.83411803704094,86.07697296142578,191322400
2010-09-23,85.37114756089636,86.26667589308694,85.13588355679997,85.37873840332031,202354300
2010-09-24,86.32739596178976,87.20015760645975,86.25150490358294,87.13944244384766,209671800
2010-09-27,87.16981305197113,87.26847086337195,86.63856977501678,86.7220458984375,128761800
2010-09-28,86.8359041557112,87.30643815274013,85.8948419517721,87.025634765625,209207500
2010-09-29,86.80553431124153,87.20776801118564,86.53232180831846,86.87384033203125,179665800
2010-09-30,87.31402723989554,87.87562821269665,86.20599540500997,86.61581420898438,287106700
2010-10-01,87.26846802181855,87.36713162012423,86.4640122885909,86.9800796508789,174638700
2010-10-04,86.79794172670917,87.16222117225854,85.89482237650081,86.32740783691406,166153200
2010-10-05,87.12429126654203,88.27785073286869,87.02562765177608,88.06535339355469,229634100
2010-10-06,88.05018655849521,88.28545647252948,87.701082900708,88.05777740478516,148626600
2010-10-07,88.41445064869933,88.43721739197542,87.42026425819114,87.95150756835938,164860000
2010-10-08,88.07296143175026,88.68768682478641,87.73903366757291,88.44483184814453,177760100
2010-10-11,88.5813988577769,88.7711294050939,88.22470450240226,88.52827453613281,103098300
2010-10-12,88.23986900845263,89.05950625669054,87.76934101751742,88.80147552490234,182210000
2010-10-13,89.29484126344609,89.97028195484235,89.08233805897018,89.49215698242188,194347200
2010-10-14,89.40861169208574,89.5603995877579,88.58138937360815,89.14299011230469,217764300
2010-10-15,89.76534117965959,89.81846551643011,88.61178167116324,89.32516479492188,243705000
2010-10-18,89.35552391169563,90.06132199233744,89.02918704021353,89.76534271240234,141204800
2010-10-19,88.93809276831567,89.43897839986654,88.05014941082453,88.5889892578125,280604700
2010-10-20,88.7483874213404,89.88677102278348,88.6952630848778,89.45418548583984,200051800
2010-10-21,89.85640916820994,90.38006166274572,88.95328970108055,89.65149688720703,221585500
2010-10-22,89.78810096845243,89.9550648111141,89.55283689385718,89.8184585571289,108212400
2010-10-25,90.41801125482097,90.88854521155814,90.01578332266547,90.0840835571289,151145700
2010-10-26,89.62873209130409,90.19033303234448,89.45418318603666,90.0992660522461,158982900
2010-10-27,89.46938473570022,89.93991883153812,88.99126558275843,89.84125518798828,190024000
2010-10-28,90.35730824821596,90.39525668810911,89.42383684408175,89.8564224243164,168576000
2010-10-29,89.7653325104512,90.09926018939835,89.60595951553131,89.9247055053711,144305500
2010-11-01,90.36486629100055,90.88093361956813,89.43898027885432,89.95504760742188,174074800
2010-11-02,90.630485717864,90.88093142791969,90.38763085087214,90.6684341430664,158345900
2010-11-03,90.8278312357094,91.08586206725974,89.89435415484337,91.0327377319336,226702800
2010-11-04,92.04208891859271,92.83136874796162,91.04790263078903,92.78583526611328,215039400
2010-11-05,92.84656975258538,93.2867461632084,92.72514517144866,93.13496398925781,180654100
2010-11-08,92.84657916411003,93.11220668062745,92.5430147854376,92.96041870117188,156107100
2010-11-09,93.21082908815646,93.30948689470573,91.92066359893063,92.29253387451172,186621600
2010-11-10,92.26979918692678,92.70997562773512,91.57159187468406,92.66443634033203,221387400
2010-11-11,91.86755383421772,92.45192150274909,91.58675047706375,92.31531524658203,158017600
2010-11-12,91.69303013859096,92.09525819823534,90.805092068419,91.22249603271484,239068800
2010-11-15,91.51087740786645,91.86757191305955,91.05552506107239,91.09346771240234,163940800
2010-11-16,90.53185853174408,90.68364070364518,89.24168691010993,89.67427825927734,299566200
2010-11-17,89.71221201156733,90.09167319381241,89.4465903420194,89.71980285644531,172308900
2010-11-18,90.5849767046667,91.36666583797214,90.57738585955275,91.04032897949219,197723700
2010-11-19,90.99477701752588,91.32869886321687,90.5014764073867,91.29075622558594,156852900
2010-11-22,90.83540551502298,91.25280927642932,90.13719264791838,91.2148666381836,181361000
2010-11-23,90.13720305980189,90.32693364329825,89.54524456571208,89.89434814453125,222309000
2010-11-24,90.46357341750051,91.24526857487213,90.44839751284906,91.22249603271484,140046100
2010-11-26,90.43318564055426,90.92648051215126,90.15997314453125,90.15997314453125,76007800
2010-11-29,89.9322978652294,90.67604431083849,89.35551526190713,90.43318939208984,223642300
2010-11-30,89.53765928490188,90.44077292278129,89.40863808796091,89.9247055053711,233930700
2010-12-01,91.22251077153744,92.01179111369879,91.21492571304623,91.83724212646484,221037200
2010-12-02,91.98140708513941,93.08184821293807,91.92828274035736,93.01354217529297,191213600
2010-12-03,92.69476247922752,93.37020281361737,92.67199573831148,93.26395416259766,151288900
2010-12-06,93.06664248353877,93.37780341555462,92.96798466588677,93.1653060913086,103050500
2010-12-07,94.06085689533802,94.11398123895493,93.16532810999637,93.21845245361328,206581000
2010-12-08,93.33230898147038,93.63587340591612,92.89972330750294,93.55998229980469,138019200
2010-12-09,94.08362841001787,94.12157106302676,93.46131215750108,93.92425537109375,123705100
2010-12-10,94.21260551982198,94.56170905210791,93.90145041522419,94.47064208984375,117571700
2010-12-13,94.90322523610574,95.01705893618335,94.50099159873588,94.5313491821289,133812700
2010-12-14,94.67559098893037,95.03987637165068,94.32648730013825,94.61487579345703,147249600
2010-12-15,94.44027225432107,94.81214247893168,94.0228627643689,94.18223571777344,160823100
2010-12-16,94.2429660612445,94.79698185624382,93.91662925928432,94.72867584228516,185035200
2010-12-17,94.66232012639377,94.95222519666594,94.46396096222398,94.83016204833984,141075300
2010-12-20,95.08955349826891,95.28791266999404,94.58603353382084,95.05903625488281,119085500
2010-12-21,95.35656132646666,95.72276238514847,95.2650154272225,95.66172790527344,94965500
2010-12-22,95.73036564210679,95.9897533761879,95.6769619427038,95.95923614501953,78878100
2010-12-23,95.85243953684996,95.9592469476798,95.58542100977532,95.8219223022461,70053700
2010-12-27,95.46334345204431,95.95160752048645,95.39468404581032,95.86006164550781,58126000
2010-12-28,96.05081735106569,96.08895953632069,95.74565076618327,95.9974136352539,55309100
2010-12-29,96.11187985866985,96.27971599975665,96.05084535978183,96.06610107421875,58033100
2010-12-30,95.97453240923309,96.22628947150487,95.76854247942941,95.91349792480469,76616900
2010-12-31,95.76852133537774,96.0279149266444,95.61594097856266,95.93636322021484,91218900
2011-01-03,96.66879844266778,97.34779119962192,95.89825394231752,96.92819213867188,138725200
2011-01-04,97.14179736345166,97.17231460820648,96.27207625993182,96.8747787475586,137409700
2011-01-05,96.56962444005148,97.43934565452241,96.4780726941077,97.37831115722656,133975300
2011-01-06,97.41643743866626,97.52324487481928,96.89765596853647,97.18756103515625,122519000
2011-01-07,97.31725611356775,97.47746726971687,96.24155097354692,96.99683380126953,156034600
2011-01-10,96.56961212057969,97.01210343867064,96.27970120569357,96.8747787475586,122401700
2011-01-11,97.2256941189229,97.45456466673366,96.8518623292,97.21806335449219,110287000
2011-01-12,97.81313895549114,98.20222062580889,97.24094804503149,98.09541320800781,107929200
2011-01-13,98.13356851517072,98.17934146318831,97.69107728244019,97.9352035522461,129048400
2011-01-14,97.79789506286217,98.66761609068979,97.72923563356625,98.64472961425781,117677900
2011-01-18,98.5531844226948,98.90412984054456,98.43875202618891,98.81258392333984,114401300
2011-01-19,98.72863322148031,98.8278040548752,97.58426303647597,97.8436508178711,151958400
2011-01-20,97.62243751731603,97.95811559133041,96.98921774183054,97.7139892578125,175745700
2011-01-21,98.3242968926682,98.5455366884653,97.82839612649295,97.9352035522461,151462900
2011-01-24,97.87420989124548,98.60661228837148,97.85132340769228,98.49217987060547,113715500
2011-01-25,98.23272730257885,98.62944553861543,97.7368382383843,98.54552459716797,167552200
2011-01-26,98.78969833486873,99.2169281405286,98.59133332428442,98.92701721191406,141281500
2011-01-27,98.94989111615138,99.33898450060926,98.77442424851334,99.171142578125,123302700
2011-01-28,99.28559621488682,99.44581322651446,97.27913512241898,97.43934631347656,295637300
2011-01-31,97.70634867015912,98.2480107978662,97.46221073458481,98.17171478271484,149249200
2011-02-01,98.7667807325941,99.91877585564171,98.70574625942704,99.7433090209961,167194300
2011-02-02,99.48392597657137,99.81960981368196,99.43052807946961,99.55259704589844,118323600
2011-02-03,99.37711591866004,99.92641461195636,98.85071534196004,99.77383422851562,145886700
2011-02-04,99.81201072998753,100.09428510199626,99.35425780784438,100.05613708496094,134634800
2011-02-07,100.27734321430428,101.00973358889044,100.26970662966924,100.68168640136719,112439100
2011-02-08,100.77327361222083,101.19287849948698,100.49862419884116,101.13948059082031,99072800
2011-02-09,100.8648257952853,101.18524815360718,100.40707291703161,100.91059875488281,146436700
2011-02-10,100.39945452363352,101.0631857633961,100.17057806956848,100.9487533569336,162708500
2011-02-11,100.55202990386643,101.68113894185835,100.52914342372155,101.55144500732422,137710300
2011-02-14,101.49037912098905,101.8794608042436,101.37594675566001,101.79553985595703,101690700
2011-02-15,101.4827494997996,101.63532986025136,100.9487124176508,101.47511291503906,119575400
2011-02-16,101.81844624050497,102.23803937488402,101.61245632504504,102.11598205566406,130183500
2011-02-17,101.81843083560834,102.55844614810867,101.72687330862483,102.42112731933594,109810500
2011-02-18,102.51268141454749,102.7568193178744,102.2761800964095,102.63475036621094,130002400
2011-02-22,101.55908196978116,102.65767971127538,100.30027884831786,100.5749282836914,233116400
2011-02-23,100.51387869041814,100.75801665904484,99.33899672953456,99.95695495605469,227584000
2011-02-24,99.85012352525284,100.27735322660784,98.94987953356654,99.88825988769531,260431400
2011-02-25,100.30789379617923,101.01740961730687,100.24685930094269,100.95637512207031,141686900
2011-02-28,101.33018084666371,101.71163761243285,100.99449703020498,101.5819320678711,141585500
2011-03-01,101.90236272174539,101.99390861742539,99.85774846951408,99.88825988769531,258565500
2011-03-02,99.75093000866731,100.56725295862452,99.44576929606993,100.10187530517578,200277400
2011-03-03,101.00977230936938,101.94052798309488,101.00214736294656,101.82609558105469,176480100
2011-03-04,101.74978132887126,101.94814631173318,100.39943266208626,101.06316375732422,277202300
2011-03-07,101.36069441144804,101.58957080398176,99.74332141551369,100.26972198486328,216790400
2011-03-08,100.42993887094363,101.46750176060735,99.99508420250363,101.14707946777344,174615000
2011-03-09,100.94873070375436,101.31492596339916,100.39943199371847,101.00212860107422,153806000
2011-03-10,99.94168985507791,100.07900872667422,99.03382073350686,99.13300323486328,301291800
2011-03-11,98.81257827004384,100.17818856848683,98.78969179205205,99.81961822509766,225621800
2011-03-14,99.17114599053953,99.54496621527747,98.46163026814438,99.2169189453125,234974100
2011-03-15,96.57723648034677,98.6676240790985,96.50857704549199,98.0801773071289,359585400
2011-03-16,97.76737741156532,98.0878113816239,95.57781901004037,96.26444244384766,468670300
2011-03-17,97.65295140012967,97.95048727078138,96.96632792148361,97.53851318359375,254303700
2011-03-18,98.72079404052269,98.75144970208244,97.70171543613618,97.89327239990234,230435400
2011-03-21,99.11154919267449,99.61725054571446,98.99660803248362,99.4103775024414,153992600
2011-03-22,99.39505098343547,99.52530828000042,98.97362344060419,99.06556701660156,129538600
2011-03-23,98.7897510864419,99.60962049794537,98.3223633219923,99.34910583496094,148603100
2011-03-24,99.91611851362217,100.44481766191326,99.35677539214065,100.29923248291016,159129800
2011-03-25,100.55974871901822,101.04246432124124,100.2915642908982,100.60572052001953,155642800
2011-03-28,100.82026845512192,101.08078313503432,100.32988306693566,100.36052703857422,109762400
2011-03-29,100.27623551336316,101.06544926766004,99.94676314815788,101.03480529785156,129798800
2011-03-30,101.56349986713514,102.03089930494731,101.41791471067924,101.73207092285156,135835000
2011-03-31,101.60180122968565,101.8776436789458,101.48686005566468,101.59413146972656,132537100
2011-04-01,102.22245822604914,102.49830071418984,101.77804467894975,102.02323150634766,153850100
2011-04-04,102.23778603027074,102.4216849405841,101.8163700264984,102.10752868652344,100768900
2011-04-05,101.90830234297528,102.5442728508275,101.86233054341879,102.09220123291016,120791500
2011-04-06,102.58257250121987,102.67451608771327,102.0002319422088,102.41400146484375,120411600
2011-04-07,102.23008864810973,102.65917424879511,101.64775986028039,102.15347290039062,170731500
2011-04-08,102.6055592246528,102.66685884671146,101.37959016689426,101.80101776123047,147945400
2011-04-11,101.90829521228159,102.25309537653791,101.24933885075941,101.49453735351562,121385400
2011-04-12,100.92754178077143,101.12675682942215,100.36819867715626,100.7359848022461,161187400
2011-04-13,101.20336711609217,101.27998287946907,100.34519573933869,100.72830963134766,162059000
2011-04-14,100.14596007882896,100.95815958659654,99.81648777317902,100.80491638183594,161220400
2011-04-15,100.9888422739371,101.42558610899202,100.69001385256999,101.1727294921875,170006700
2011-04-18,100.06169744923778,101.16506748261567,99.23416992420437,100.03871154785156,210759300
2011-04-19,100.19193756750758,100.64402083105915,99.9467507642919,100.61336517333984,124258800
2011-04-20,101.8163532659626,102.20712523287743,101.7473838786296,101.98492431640625,156133800
2011-04-21,102.51360136651422,102.55191509080036,101.98491406151116,102.50594329833984,135935400
2011-04-25,102.42931797627129,102.56724504822343,102.06153193724454,102.39867401123047,65757100
2011-04-26,102.71289059326324,103.48677685151556,102.60561911497366,103.27989196777344,146600000
2011-04-27,103.47912011669376,104.10742115716701,103.05769227092331,103.95417785644531,143031000
2011-04-28,103.77027954493428,104.42923626479944,103.75496339896414,104.29132080078125,124791100
2011-04-29,104.32958777318866,104.64374400044258,104.1916606792953,104.53646087646484,115094100
2011-05-02,105.02684760727176,105.111121439185,104.16866454175243,104.37554931640625,126278700
2011-05-03,104.17635528416393,104.35258443569947,103.47141529460094,104.00011444091797,138375000
2011-05-04,103.95412967839977,104.00010147813897,102.85075971782271,103.31050109863281,182678500
2011-05-05,102.73582992349868,103.40244440122126,101.92363028588063,102.37570190429688,226900000
2011-05-06,103.39480220281958,103.9235013628751,102.42934749603619,102.82778930664062,222787200
2011-05-09,102.82012694245407,103.52505522918754,102.65921393413944,103.22622680664062,114104500
2011-05-10,103.5709733918604,104.29122913770637,103.4407161153123,104.10733032226562,114806900
2011-05-11,103.95414534423045,103.96947317702308,102.53663064124713,103.01168823242188,193564200
2011-05-12,102.73585480115283,103.71662573596527,102.20715559422653,103.50208282470703,171550700
2011-05-13,103.55566762247794,103.70125275424492,102.33736840143861,102.70515441894531,157444900
2011-05-16,102.33736401718711,103.14190539552726,101.88529250548294,102.05386352539062,141675400
2011-05-17,101.67078807815817,102.17650132879106,101.2340325366905,102.03857421875,192686200
2011-05-18,102.09220693377,103.05764985349359,101.86999430122665,102.95037841796875,135217900
2011-05-19,103.28750429270839,103.46373340367046,102.62854795203745,103.19554901123047,119489500
2011-05-20,102.9273868830014,103.19555961127982,102.18414494479417,102.37570190429688,182594900
2011-05-23,101.12673443505857,101.69374717494512,100.82790608240252,101.18803405761719,168700000
2011-05-24,101.47921561110053,101.70141653730681,100.91220280824727,101.103759765625,147199600
2011-05-25,100.69766834742217,101.8623380190666,100.66702437603854,101.44091033935547,151050100
2011-05-26,101.16503764874884,102.09217826751257,100.9734807325478,101.90827941894531,164850000
2011-05-27,102.19183132383311,102.57494534897063,101.87768670892162,102.29910278320312,120921900
2011-05-31,103.26451120259301,103.37944068180055,102.55191335638547,103.3641128540039,164731200
2011-06-01,103.06530631377548,103.37946254565998,100.9581796768141,101.04246520996094,233094300
2011-06-02,101.11143675426749,101.32597962652981,100.34520886998502,100.93519592285156,200466800
2011-06-03,99.72451938410725,100.69763172852781,99.67088953076106,99.93140411376953,234690200
2011-06-06,99.67859567697897,99.88548050643033,98.74379660074541,98.87405395507812,179951200
2011-06-07,99.37972222136244,99.66323439752885,98.72843574466856,98.8127212524414,161660500
2011-06-08,98.65949385024778,98.988977905748,98.2150802938226,98.39897918701172,198696400
2011-06-09,98.66715626651187,99.55597162148833,98.4296275211428,99.14987182617188,160964400
2011-06-10,98.72845094030365,98.78973887202066,97.51014576961637,97.77066040039062,238629400
2011-06-13,97.9929133989147,98.2610979165047,97.34928458675455,97.84732818603516,207599800
2011-06-14,98.74378063871343,99.43339272817103,98.70547859905687,99.08859252929688,160570400
2011-06-15,98.26108363442698,99.0732834495839,97.06576397066397,97.32627868652344,300958000
2011-06-16,97.35691834959471,98.05418856785485,96.78991132152781,97.54081726074219,308032800
2011-06-17,98.5094922506416,98.51719416074192,97.50075939643375,97.83187103271484,233284900
2011-06-20,97.50079586713068,98.5403308757474,97.46999409004387,98.3324203491211,159479000
2011-06-21,98.84060554552349,99.87243827251098,98.37088889373481,99.679931640625,193157300
2011-06-22,99.37193668757081,99.95715268315597,99.01771927598396,99.0793228149414,176703000
2011-06-23,97.91659601407403,99.05623221714517,97.16966919018743,98.79442596435547,334286500
2011-06-24,98.77132356805897,98.84831918472203,97.50077839637407,97.64707946777344,226129300
2011-06-27,97.70865887773272,98.89449447858799,97.51615225911084,98.5171890258789,168904700
2011-06-28,98.90989001856406,99.81852729222948,98.77129090460032,99.8031234741211,165556300
2011-06-29,100.25745035213886,100.8195664206985,99.81854134645243,100.65786743164062,244295500
2011-06-30,100.98126089894981,101.78208317932892,100.65015518917556,101.6203842163086,223322700
2011-07-01,101.71283595237409,103.26059732130253,101.47412952723175,103.12198638916016,202385700
2011-07-05,103.01412396543586,103.24513421992668,102.71381415949865,103.03722381591797,165936000
2011-07-06,102.79082155061677,103.2913339775635,102.4982077781232,103.16043090820312,143331600
2011-07-07,104.07677099578656,104.49258008173928,103.86116454385991,104.23077392578125,170464200
2011-07-08,103.0526604703554,104.23080021903434,102.71384688909575,103.49156951904297,194100500
2011-07-11,102.2210038640105,102.55210957378475,101.38167791397453,101.6203842163086,195918600
2011-07-12,101.40478703293596,102.2441130596756,101.15067688958267,101.18147277832031,214675700
2011-07-13,101.71281610833806,102.58294997186715,101.27390703314998,101.52030944824219,204062600
2011-07-14,101.77440191692871,102.24411855570884,100.62705819278133,100.81956481933594,226111800
2011-07-15,101.38170818567613,101.5434071969784,100.69638495996567,101.4048080444336,220012800
2011-07-18,100.93504867645704,101.08905158631347,99.81851289291187,100.57313537597656,196872100
2011-07-19,101.13526073822017,102.32880396309795,101.11216088706581,102.20559692382812,166554900
2011-07-20,102.46741861987826,102.52901039212745,101.96689441040799,102.14399719238281,137145400
2011-07-21,102.72154463727696,103.81499275853953,102.15942850427614,103.56088256835938,245246300
2011-07-22,103.58393488726689,103.73793778799838,102.99870741495181,103.63013458251953,126019400
2011-07-25,102.6445677332696,103.56090144222122,102.53676445866797,103.05268096923828,136653800
2011-07-26,102.98336204235832,103.15276883487253,102.43663798475816,102.66764831542969,131278200
2011-07-27,102.09781308373192,102.12862072423276,100.43455298685237,100.56546783447266,249020100
2011-07-28,100.56546386145789,101.46639344092347,100.11113930456084,100.2728500366211,207939900
2011-07-29,99.26412231241355,100.5269653453953,98.54029549783762,99.58753204345703,307038400
2011-08-01,100.75027726500058,100.84268844654089,98.20149110550248,99.16402435302734,325790900
2011-08-02,98.41710740205666,98.94842768748603,96.63064575195312,96.63064575195312,346653800
2011-08-03,96.76154937567667,97.26206198649658,95.12138888998315,97.15425872802734,370830800
2011-08-04,95.80668512679755,95.96069393467054,92.44936948802544,92.60337829589844,520721800
2011-08-05,93.75842745843316,93.99713379138134,89.98529646672775,92.46478271484375,655619200
2011-08-08,90.02378476766994,92.49556868378525,86.25835045405017,86.44316101074219,702263900
2011-08-09,87.83692939098763,90.58592397290268,84.9108261154922,90.46272277832031,717828700
2011-08-10,88.75324210336974,89.53866642515396,86.20445079356472,86.46626281738281,662607400
2011-08-11,87.21322074740262,91.57156856764054,86.48939381045048,90.34722900390625,487979700
2011-08-12,91.17115767217634,91.79487738650833,90.30872569847756,90.95555114746094,313731600
2011-08-15,91.7794693675765,92.97300703409856,91.63316243835747,92.88060760498047,258810600
2011-08-16,91.99506396174739,92.93449720176768,91.10183043030653,92.08746337890625,294095200
2011-08-17,92.59567985767134,93.32720262927381,91.41754033874908,92.14906311035156,238201100
2011-08-18,89.70809431373262,92.17987886838385,87.31331124017738,88.17574310302734,512956300
2011-08-19,86.98221764173563,89.23069425560968,86.62800605529007,86.73580932617188,428281300
2011-08-22,88.68395256475209,88.7301581506668,86.55868360743075,86.80509185791016,275090600
2011-08-23,87.12850762994339,89.7619970911803,86.68959271973723,89.66189575195312,331136600
2011-08-24,89.4693863200148,91.0479372154774,89.26147586254629,90.92473602294922,246869700
2011-08-25,91.42525728191355,91.9411736740835,89.22298082074177,89.53868865966797,312365400
2011-08-26,89.08438982686286,91.25586486207682,87.66753765947162,90.84004974365234,314495900
2011-08-29,92.06436651419193,93.50431818497967,90.9093267635127,93.4504165649414,190977200
2011-08-30,93.04231693370329,94.27435833788007,91.83337538791156,93.69683837890625,241315700
2011-08-31,94.2974527414809,95.10598298720828,93.4042249781867,94.1126480102539,301828400
2011-09-01,94.16656427157537,95.02129436425368,93.00382232908588,93.12702941894531,254585900
2011-09-02,91.18654215446526,93.07311071680029,90.42421751898722,90.74762725830078,255517200
2011-09-06,88.08333560951115,90.2163124193094,88.07563369914222,90.08540344238281,285130500
2011-09-07,91.44834060292287,92.66497789919302,91.14032885551399,92.62648010253906,209803200
2011-09-08,92.07207645875103,93.12701497137076,91.45605285469755,91.6639633178711,250568200
2011-09-09,90.61671521194532,91.67934962545613,88.76865050923611,89.26146697998047,380195100
2011-09-12,88.14495578483903,89.90831760272894,87.82154598631881,89.8390121459961,305793500
2011-09-13,90.13163414163701,91.00176226099373,89.49251052418242,90.66294860839844,272514700
2011-09-14,91.12492055346407,93.01919065063458,89.87748155634586,91.91805267333984,319389500
2011-09-15,92.90369850658912,93.53512000232035,91.94116538048446,93.50431823730469,326777200
2011-09-16,93.87973540634535,94.4060627890172,93.1289442672896,94.05775451660156,284528300
2011-09-19,92.51745816170907,93.60107385584112,91.89051165452594,93.12118530273438,241517000
2011-09-20,93.51590992320881,94.42150041860504,92.88896356566202,93.01280212402344,218932200
2011-09-21,93.05926919910351,93.34564925608885,90.12576919398546,90.2728271484375,316251300
2011-09-22,87.65666854438373,88.39971774129792,86.147350785844,87.35480499267578,513911300
2011-09-23,86.77431408595547,88.36103790829014,86.70465007307826,87.88114929199219,307242500
2011-09-26,88.70932024204795,90.094799376534,87.44768558907637,89.97095489501953,260673700
2011-09-27,91.74345679487996,92.54068660573276,90.43537725752087,90.97718811035156,311753900
2011-09-28,91.16293949565896,91.71248614407624,88.98797226801402,89.11955261230469,286696800
2011-09-29,90.59790862093023,91.04683011014575,88.18299434188575,89.82389831542969,298108900
2011-09-30,88.58547928801751,89.35948961261435,87.5173471659567,87.57926940917969,288392300
2011-10-03,87.06840887361498,88.19846309759956,84.99406122685757,85.08694458007812,365136800
2011-10-04,83.86401676901697,87.13808301225374,83.15192869375666,86.95231628417969,459177500
2011-10-05,87.16903337279452,88.79445365879282,86.36406203286892,88.56224822998047,284108000
2011-10-06,88.51582688636651,90.29605310952972,87.85791924919072,90.16446685791016,257800800
2011-10-07,90.69078429566002,90.75270653613815,89.05762211073629,89.56072998046875,312657900
2011-10-10,91.08555412909531,92.59487221305245,91.07781237077899,92.5561752319336,230666300
2011-10-11,92.00661609406185,92.91220682236695,91.91373272248035,92.64904022216797,209088000
2011-10-12,93.3456434866801,94.53762008907471,93.13666329841182,93.46174621582031,281544900
2011-10-13,92.91219992097226,93.5546299065901,92.20011184076533,93.27598571777344,212538800
2011-10-14,94.35958633131482,94.89364935384276,93.83325915902306,94.87042999267578,211397600
2011-10-17,94.42152681506536,94.85497665357803,92.8270672845804,93.05927276611328,202311600
2011-10-18,92.98959448628094,95.59026949724793,92.26202293403725,94.87818145751953,318857900
2011-10-19,94.72337989478376,95.26519065653974,93.43078409047897,93.75586700439453,226601300
2011-10-20,93.98806695923194,94.50665242087351,92.74190995692749,94.16609191894531,262075600
2011-10-21,95.2729153820985,96.07015087107274,94.98653537933346,95.95404815673828,278999400
2011-10-24,96.10888345208443,97.37052436066692,96.02374182370531,97.13057708740234,203215600
2011-10-25,96.66616554270637,96.71260428047181,95.03300300533542,95.24198913574219,268596800
2011-10-26,96.24819252148112,96.57327547378796,94.59181072993972,96.2094955444336,289053800
2011-10-27,98.7869198675798,100.17239883655596,97.99743206054231,99.5609359741211,393220200
2011-10-28,99.07330886706463,99.73122228294348,98.91850918405159,99.5377197265625,225906500
2011-10-31,98.42316576871144,99.55321434425167,96.99898355518768,97.1383056640625,228146700
2011-11-01,94.45247961896793,95.59801750559528,94.05773269722896,94.42926025390625,416565800
2011-11-02,95.84571248895985,96.28689819566324,95.04074093712312,95.96955108642578,244717600
2011-11-03,96.96023283907407,97.91226776425201,95.66763751983625,97.71876525878906,291174800
2011-11-04,96.92932302647903,97.29310294671491,95.98502941277383,97.1228256225586,249401600
2011-11-07,97.05313338864804,97.8271435478399,96.1320594095365,97.72652435302734,196617200
2011-11-08,98.2374041733106,99.08882038622552,97.30085224433522,98.98045349121094,224426300
2011-11-09,96.66617573351019,97.37052815844017,95.09493528433626,95.32714080810547,337982000
2011-11-10,96.58873079676381,96.70483350448018,95.21872947512283,96.22494506835938,231866500
2011-11-11,97.39369536265042,98.29154403616312,97.36273424904948,98.03612518310547,189924400
2011-11-14,97.67237578011718,98.64762464747264,96.68937924994628,97.10734558105469,159258300
2011-11-15,96.88287461089456,98.10581238769669,96.5345723136221,97.58722686767578,184709400
2011-11-16,96.60424706629547,97.78848216746945,95.8999005933099,96.03922271728516,235782500
2011-11-17,95.86117291410135,96.10112011875329,93.83326974044654,94.51439666748047,331219600
2011-11-18,94.81627829913919,95.00978090791294,94.01904849582829,94.4137954711914,215580400
2011-11-21,93.03604819007285,93.15215093170822,91.83633560712263,92.61808776855469,229611600
2011-11-22,92.41685209939004,92.95865707098966,91.73571910054334,92.25431060791016,216494900
2011-11-23,91.3874081815999,92.25430196012924,90.2186508178711,90.2186508178711,224329100
2011-11-25,90.07931622304118,91.10100957869122,89.93999413339662,90.04835510253906,99557000
2011-11-28,92.52519608862163,93.02056223025036,91.96790770298176,92.65677642822266,210686000
2011-11-29,92.91996765136719,93.65527530197595,92.5794011242313,92.91996765136719,199241500
2011-11-30,95.58253008476247,96.9215704991389,92.88123579712708,96.74354553222656,324439500
2011-12-01,96.63517450931147,97.2466432899885,96.31009163509714,96.72805786132812,176954800
2011-12-02,97.61820685346827,97.91232871899375,96.58102970777988,96.64295196533203,221109700
2011-12-05,98.1754544613114,98.43862100948718,97.0918448665565,97.69557189941406,225263900
2011-12-06,97.6878214829762,98.38443180729465,97.33951927343142,97.72652435302734,178842100
2011-12-07,97.40146497836113,98.5005642239197,96.72807971609083,98.09033966064453,237802500
2011-12-08,97.44792264339844,97.66464463747688,95.70639902711335,95.9385986328125,240862800
2011-12-09,96.37202639182856,97.811686056387,96.28688478439112,97.56400299072266,209111400
2011-12-12,96.71261293798528,96.72809645544724,95.32713929195499,96.13984680175781,215826100
2011-12-13,96.64294617382365,97.19249288989556,94.7775781371632,95.24198913574219,245159800
2011-12-14,94.86272333586595,95.22650920935835,94.01905474009112,94.22803497314453,238618800
2011-12-15,95.22648821487262,95.35806855131284,94.42151677775523,94.5685806274414,199109200
2011-12-16,95.207299783565,95.76811663546174,94.4829046643477,94.70878601074219,220481400
2011-12-19,95.07487422897984,95.2773948819031,93.49366922744784,93.6961898803711,183903000
2011-12-20,95.16833236021611,96.69501302669923,93.75849074295321,96.53144073486328,225418100
2011-12-21,96.53143725326647,96.86637267952119,95.61231254466148,96.71837615966797,194230900
2011-12-22,97.07672550439703,97.6764967877335,96.76516248948745,97.57523345947266,119465400
2011-12-23,97.88678610607352,98.47876643258978,97.68427136866427,98.4476089477539,92187200
2011-12-27,98.27623589612288,98.78253457423318,98.19055430708814,98.5254898071289,86075700
2011-12-28,98.54106737355424,98.55664314241345,97.15459218049672,97.23248291015625,119107100
2011-12-29,97.55187462564871,98.3385849693551,97.25588736075078,98.2373275756836,123507200
2011-12-30,98.15941472319177,98.40088376480959,97.75437927246094,97.75437927246094,95599000
2012-01-03,99.51472311864616,99.99765518366853,99.25767834487544,99.31220245361328,193697900
2012-01-04,99.07854262984334,99.55368392643896,98.6968737980919,99.46800231933594,127186500
2012-01-05,98.93052350884388,99.8807998857873,98.47874897284487,99.73280334472656,173895000
2012-01-06,99.85743012345542,99.87301183396235,99.14861680510462,99.47576141357422,148050000
2012-01-09,99.7016652961727,99.8418650580204,99.24210578518569,99.71724700927734,99530200
2012-01-10,100.78436287399879,100.98687760346633,100.44163649692702,100.58184814453125,115282000
2012-01-11,100.27026718669603,100.76877500872062,100.10670080740265,100.63636016845703,111540700
2012-01-12,100.92455274654652,101.02580414675235,100.12225514493902,100.8778076171875,118983700
2012-01-13,100.2001526999036,100.51951238387282,99.48354855306489,100.3559341430664,179836200
2012-01-17,101.32180392177646,101.50874879551732,100.4026731492542,100.74539947509766,132209200
2012-01-18,100.72207863597036,101.9138245200537,100.54293047888662,101.85930633544922,163395200
2012-01-19,102.20979885023296,102.48242537899297,101.88265414694062,102.39674377441406,126328900
2012-01-20,102.2253553968317,102.77838134765625,101.97609555929265,102.77838134765625,138230200
2012-01-23,102.43568362993281,103.0120882512426,102.0228573083753,102.51358032226562,129295800
2012-01-24,101.88265414694062,102.4278953190945,101.72687265280611,102.39674377441406,103083300
2012-01-25,102.24091991285061,103.49498017760266,101.84367543843696,103.2535171508789,198613200
2012-01-26,103.71309586685021,103.90782568401318,102.31883560552389,102.723876953125,184880500
2012-01-27,102.22534950794571,102.85627209299652,102.15523775432476,102.6771240234375,135259100
2012-01-30,101.65673579417042,102.3811367969315,101.30622454751456,102.32660675048828,147311800
2012-01-31,102.83293034739108,102.95754840376588,101.78916944202348,102.28768920898438,157212000
2012-02-01,103.04322950698526,103.70531566959812,102.91861145121037,103.18344116210938,166234500
2012-02-02,103.38597135835357,103.61186464611136,102.98094181714501,103.3470230102539,113090400
2012-02-03,104.37516525913574,104.85809132492903,104.19601718398063,104.7957763671875,160598500
2012-02-06,104.35961494927848,104.77244126883957,104.24278179671082,104.7257080078125,107694500
2012-02-07,104.5075981427653,105.1696842834631,104.09477187609748,104.99052429199219,135528100
2012-02-08,105.04504112074652,105.32545250104256,104.61663319454931,105.30208587646484,139361400
2012-02-09,105.4734576165923,105.61365737544972,104.81137150546041,105.43450927734375,148602900
2012-02-10,104.49980477668925,104.74126783177297,104.25054492281959,104.65558624267578,167907500
2012-02-13,105.40335773716359,105.55913920879331,104.95158314968228,105.43450927734375,115841900
2012-02-14,105.15408933056368,105.36440083712658,104.56989994539389,105.30208587646484,165329500
2012-02-15,105.64482013992803,105.80060161058296,104.60105932727481,104.81137084960938,195195100
2012-02-16,104.81917995327693,106.06544375017877,104.63223503532707,105.97197723388672,186567800
2012-02-17,106.33807723721971,106.42375884455662,105.90188428545602,106.25239562988281,129869400
2012-02-21,106.50164042560972,106.75090032499142,105.97198096747287,106.29912567138672,134042300
2012-02-22,106.13550027871584,106.36139344796032,105.76940739230793,105.95635223388672,124455300
2012-02-23,105.90186971436452,106.50162899783516,105.54356161879184,106.42374420166016,137704300
2012-02-24,106.65737915039062,106.86769062048818,106.42371294512823,106.65737915039062,105539100
2012-02-27,105.94860324059468,107.12476706852532,105.77724004905977,106.8365707397461,145728900
2012-02-28,106.86769047534519,107.27273170618557,106.65737900553327,107.14810180664062,129355900
2012-02-29,107.30388578582956,107.63882716313807,106.35360357862169,106.72749328613281,185934700
2012-03-01,106.95343385194614,107.48310528841841,106.65744064081845,107.28057861328125,145023500
2012-03-02,107.21042149217479,107.3506331066967,106.71191375733602,106.95337677001953,120638300
2012-03-05,106.78978487471429,106.8676696327188,106.15106567813822,106.51715850830078,140765000
2012-03-06,105.42669914500246,105.48900221045957,104.65556499965278,104.95934295654297,202129900
2012-03-07,105.20084348292052,105.86292967181357,105.09958016605395,105.69156646728516,143692200
2012-03-08,106.3380279181134,106.9611655110673,106.11993154338369,106.74305725097656,116968900
2012-03-09,106.94562564927075,107.43633674174127,106.8132107903269,107.15593719482422,122836800
2012-03-12,107.14032966578276,107.30389602874098,106.78202163322199,107.1636962890625,104003500
2012-03-13,107.74011657577839,109.14995851937854,107.56095659046538,109.09542846679688,184090500
2012-03-14,109.12662667253403,109.39924136623405,108.64368850062345,108.97863006591797,145163600
2012-03-15,109.14217883892118,109.65626847804826,108.86176738897608,109.60953521728516,165118500
2012-03-16,109.80819139746362,109.90206747852368,109.52655121683674,109.7612533569336,152893500
2012-03-19,109.69087401270593,110.52796380104866,109.61263596708896,110.19156646728516,125291100
2012-03-20,109.56571738897453,110.0038218724191,109.24495805736268,109.8708267211914,121729700
2012-03-21,109.93339341734111,110.03508855001583,109.46398902632859,109.69087219238281,122388400
2012-03-22,108.88507631944971,109.17454758074692,108.54085990559737,108.90072631835938,135216700
2012-03-23,108.99464059965067,109.3779761342861,108.39224083992508,109.25279998779297,120521000
2012-03-26,110.03508059924337,110.78612518310547,109.99597351735937,110.78612518310547,120164000
2012-03-27,110.88782985461854,110.95823692542987,110.37148746043867,110.44189453125,119868500
2012-03-28,110.38717591044045,110.55929010179244,109.24496463487293,109.89430236816406,148562100
2012-03-29,109.2449466151003,109.90993423904007,108.81466120769518,109.7065200805664,164963700
2012-03-30,110.24637358153858,110.34808069950765,109.56574763809668,110.16031646728516,135486800
2012-04-02,110.02730544896663,111.25557390864103,109.80825317828452,110.96610260009766,151741100
2012-04-03,110.8096193911182,110.9973835641194,109.8629914328995,110.5123291015625,155806700
2012-04-04,109.698716422658,109.79259254744662,109.01025967433534,109.41707611083984,146896000
2012-04-05,109.04155728900432,109.68306402344773,108.94766922881716,109.3623046875,137439400
2012-04-09,107.98538807126097,109.40140843278616,107.83674293939693,108.134033203125,127555900
2012-04-10,107.92281551013804,108.22792484764594,106.20950463895826,106.31903076171875,235360300
2012-04-11,107.40647485729963,107.60205807550521,106.98402035845457,107.17960357666016,154133000
2012-04-12,107.28132292746635,108.66604367560657,107.20308485626417,108.57998657226562,154321500
2012-04-13,108.32962762870359,108.60344889343507,107.18741644754999,107.28912353515625,169246700
2012-04-16,107.83674183471219,107.99320599495822,106.85100688145702,107.21870422363281,147825300
2012-04-17,107.83674209348418,109.02589120161795,107.72721598730412,108.80683898925781,147877600
2012-04-18,108.32179518515598,108.80683765838486,108.25920713418289,108.43914031982422,123884200
2012-04-19,108.45479985832768,108.86160431926659,107.23436260060858,107.74287414550781,198666700
2012-04-20,108.22008076492548,108.61124710387014,107.86020248061868,107.92279052734375,143199600
2012-04-23,106.81971373881952,107.10918498816535,106.35032122797256,107.01529693603516,171844900
2012-04-24,107.10919078312989,107.69594040652194,107.023133694201,107.422119140625,137484200
2012-04-25,108.47044738462172,108.93985188045195,108.37657126043656,108.89291381835938,150252200
2012-04-26,108.6581979555585,109.77694002421273,108.59560990145995,109.65176391601562,136291600
2012-04-27,109.98034833056026,110.144631536387,109.37012969115823,109.83170318603516,130725000
2012-04-30,109.61266807163419,109.69090614016636,109.12762547160378,109.4249038696289,115092200
2012-05-01,109.36231918227901,110.82528993436365,109.2371549811937,110.10554504394531,138832200
2012-05-02,109.46401433869002,109.88648077578195,109.10414790148818,109.7769546508789,121081000
2012-05-03,109.79258979887065,109.8786468902566,108.73644760908155,108.93984985351562,143759700
2012-05-04,108.36875288583674,108.97897157164198,107.1170155143401,107.17960357666016,193927300
2012-05-07,106.79624235109348,107.61769414874409,106.757135262475,107.25782775878906,127765900
2012-05-08,106.61631958393689,106.9996669769881,105.55234643302416,106.82755279541016,213377700
2012-05-09,105.69315519320276,106.87447330231971,105.21593175674757,106.19384765625,220752500
2012-05-10,106.92923336891398,107.06224043991362,106.17038159217945,106.41290283203125,150600000
2012-05-11,105.74791189238613,107.07787512339357,105.70097383937232,106.0921401977539,153032400
2012-05-14,105.07509665033899,106.09213148610836,104.76216836430946,104.91863250732422,163910000
2012-05-15,104.84826918346565,105.46630698436881,104.15199330968436,104.31627655029297,207629300
2012-05-16,104.78565672776838,105.26288021137994,103.893797816792,103.91726684570312,207265500
2012-05-17,103.94071043795638,104.0658865198164,102.32127621469395,102.37604522705078,247992900
2012-05-18,102.77502612777062,102.95497121423013,101.35118705470059,101.49983215332031,319615900
2012-05-21,101.82842554535019,103.2835648226751,101.66413042837583,103.24444580078125,177861100
2012-05-22,103.51044214905833,104.23018683200779,102.75157844190996,103.42438507080078,197531200
2012-05-23,102.6811964559511,103.62782454813865,101.69546126745708,103.47917938232422,204958400
2012-05-24,103.76079420062595,103.9250773895884,102.81416634119188,103.68255615234375,167357600
2012-05-25,103.6434392157416,103.93291045025605,103.09580867908645,103.34616088867188,135465600
2012-05-29,104.1754307039817,104.77781831986178,102.61858425120073,104.59788513183594,152883500
2012-05-30,103.70602297957693,104.59006276912346,102.86893318047395,103.08015441894531,162370400
2012-05-31,103.04105854240898,103.61997717557475,101.96925448684176,102.8532943725586,196186000
2012-06-01,101.24169472722973,102.87676748230226,100.26377868652344,100.26377868652344,253240900
2012-06-04,100.44372157158206,100.71754286433854,99.46580543667007,100.21685028076172,202545800
2012-06-05,100.02123987997618,101.1243259425586,99.96647682678025,100.97569274902344,164149400
2012-06-06,101.67978042462326,103.29138385207408,101.6484804321284,103.24444580078125,184202800
2012-06-07,104.4179637986612,104.46490185847954,103.09581940567057,103.30705261230469,184772700
2012-06-08,103.04106731229847,104.15197855253173,102.71247700273096,104.12850952148438,143915400
2012-06-11,104.96562377317566,105.02821184960298,102.7046817386042,102.80638885498047,169756100
2012-06-12,103.10362347920693,104.05807034855648,102.61076198516243,103.98766326904297,181931800
2012-06-13,103.68256691004443,104.33190457831905,102.97064118414018,103.32270050048828,172223900
2012-06-14,103.53395148440019,104.83262719372958,103.25231111294869,104.4179916381836,230615500
2012-06-15,104.88823619425773,105.58024816122504,104.6680489321355,105.48588562011719,169444500
2012-06-18,105.04549229497405,105.94983181688244,104.80957398512292,105.69032287597656,131360900
2012-06-19,106.22506031219392,107.14513082134903,105.66672077280796,106.71261596679688,137382600
2012-06-20,106.72047401893997,107.02716414989054,105.58807599718375,106.53959655761719,206451800
2012-06-21,106.66548268351424,106.77557633243377,104.0625448417466,104.1490478515625,205272200
2012-06-22,104.69164760892525,105.14775325815705,104.29058277979884,104.95115661621094,130029200
2012-06-25,103.84230045040248,103.88162216039166,102.89863940716805,103.26824188232422,146375700
2012-06-26,103.56708998217856,104.10183899189886,102.96156907389818,103.78727722167969,141634000
2012-06-27,104.13330882362126,104.92755494463634,103.77943726472571,104.72309875488281,108088000
2012-06-28,104.03105453053348,104.58153462560914,103.23680856372836,104.42424774169922,169242100
2012-06-29,106.31945895706095,107.16089832362084,106.04423086467054,107.02721405029297,212250900
2012-07-02,107.32602636929303,107.45971063463679,106.57110204743346,107.34961700439453,129524500
2012-07-03,107.32602735410046,108.13600449816627,107.21593372284799,108.057373046875,80450000
2012-07-05,107.65630432334751,108.36405935500355,107.17660809052597,107.5698013305664,126177500
2012-07-06,106.53177715037826,106.76769549367427,106.0442213737238,106.5475082397461,151192100
2012-07-09,106.4609538290185,106.61036910758537,105.92620504253172,106.41377258300781,103780500
2012-07-10,106.95642454914183,107.12943054071012,105.12414254702736,105.48588562011719,167884800
2012-07-11,105.54093915713979,105.84762941714374,104.88823691163273,105.50161743164062,141733400
2012-07-12,104.88823354359313,105.55665485839161,104.27485304328135,104.9904556274414,143583200
2012-07-13,105.26569084154312,106.86205437759445,105.24995975271312,106.75196075439453,129642600
2012-07-16,106.50819197931071,106.81488224153556,106.08353653973413,106.50032043457031,97525200
2012-07-17,106.92495347876907,107.45183089586237,105.80828629636636,107.23164367675781,138860300
2012-07-18,106.9800139412486,108.23823713815926,106.91711358077819,108.02590942382812,113349700
2012-07-19,108.24611625433758,108.66290021381651,107.9001162119706,108.30902862548828,129847300
2012-07-20,107.69560783876769,107.86075425135722,107.20019259960588,107.31814575195312,142904500
2012-07-23,105.74538492367842,107.24738589506157,105.24995762962,106.23294067382812,145210900
2012-07-24,106.31156362564633,106.35874488278542,104.61296637282435,105.32070922851562,173301200
2012-07-25,105.5409187948498,105.81614682163158,104.78598260855797,105.34432220458984,129122300
2012-07-26,106.86205000625955,107.31029602479062,106.36662272247354,107.08223724365234,156526500
2012-07-27,107.64843440698206,109.36276300803135,107.05864460374431,109.05606079101562,236768900
2012-07-30,108.93024808579615,109.57507869769786,108.7336514847169,109.05606079101562,106782000
2012-07-31,108.90663899847269,109.20545762194894,108.29325866699219,108.29325866699219,120575900
2012-08-01,109.07179536145874,109.09538599439713,108.04949060334462,108.19890594482422,138293800
2012-08-02,107.38107898593935,108.18319657582771,106.6182831209162,107.45185089111328,199556600
2012-08-03,108.9616948179609,109.81099354769317,107.48328458480059,109.58294677734375,157825000
2012-08-06,109.87387809794508,110.22774947930522,109.74805342923455,109.79523468017578,86326200
2012-08-07,110.23564328254906,110.8175735567233,110.11769011853619,110.34574890136719,109545100
2012-08-08,109.97615951877617,110.60525913474245,109.94469733839425,110.47944641113281,89754700
2012-08-09,110.32211164966327,110.79394815625945,110.2120180646976,110.57376098632812,90291700
2012-08-10,110.12553484613429,110.79396801708478,109.94466935254765,110.75464630126953,99792700
2012-08-13,110.56595409267715,110.75467918574051,110.12556754381404,110.69963836669922,79426900
2012-08-14,111.10850990426061,111.17929378745417,110.38503598166545,110.71531677246094,102379400
2012-08-15,110.59737053941353,111.02988541126403,110.52659865110242,110.84114837646484,71085900
2012-08-16,110.99845329857406,111.7927113690565,110.7232252141733,111.65902709960938,112014200
2012-08-17,111.84774762786246,111.90280044208261,111.55678846500062,111.80842590332031,90813700
2012-08-20,111.65113775592897,111.83987481175241,111.344447539781,111.8162841796875,78255700
2012-08-21,112.09152994334187,112.52404493175837,111.23437151131122,111.4781494140625,105581100
2012-08-22,111.19505194248421,111.70621039300461,110.93555494370598,111.52534484863281,133243500
2012-08-23,111.2500844645494,111.25794400876433,110.44010743615881,110.61311340332031,111466400
2012-08-24,110.33791641986888,111.53322756868847,110.26714449640616,111.28157806396484,99481200
2012-08-27,111.58034711027864,111.72976242111876,111.14783226292622,111.30510711669922,68785900
2012-08-28,111.02201662996455,111.54103448909434,110.856882219798,111.19502258300781,75689600
2012-08-29,111.28944961055547,111.58040885099695,110.97488772965093,111.28157806396484,65421300
2012-08-30,110.80185576455843,110.83331794494036,110.24352805549245,110.47944641113281,96589900
2012-08-31,111.10853158396559,111.52532742435717,110.37719797578401,111.00630950927734,151970400
2012-09-04,110.91193516699266,111.24222802209535,110.19633264574877,110.9040756225586,120226200
2012-09-05,110.95128198683948,111.25011273319753,110.58955087217076,110.80973815917969,100660300
2012-09-06,111.47815506937161,113.06665928954732,111.47029552347664,113.05879974365234,158272500
2012-09-07,113.24748849885154,113.54631913726097,113.14526643779267,113.49913787841797,107272100
2012-09-10,113.38906574460637,113.58566235987912,112.81500698781534,112.85431671142578,86458500
2012-09-11,112.92509115591952,113.53060004075391,112.89362898049968,113.16886901855469,88760000
2012-09-12,113.54633331298828,113.67215801848012,113.16099965215865,113.54633331298828,87640900
2012-09-13,113.53055103669777,115.6302003657795,113.23173249501541,115.27632904052734,225470200
2012-09-14,115.50442942939958,116.47168126754698,115.41005490909752,115.78752899169922,169777000
2012-09-17,115.55163066921827,115.74822728816024,115.10338461836402,115.39435577392578,119427800
2012-09-18,115.19773521431249,115.44937259462353,115.00899817960206,115.29995727539062,98326600
2012-09-19,115.43362588260386,115.7324564806177,115.13480728389128,115.36285400390625,128318300
2012-09-20,114.83601664034146,115.4336660450058,114.52146684826664,115.37076568603516,154009800
2012-09-21,115.93129363688477,115.9550102033461,115.27510715028046,115.32254028320312,108737500
2012-09-24,114.75331317307163,115.40949962886417,114.66634841234348,115.14860534667969,95682000
2012-09-25,115.39370525169333,115.61506792038898,113.89158764170344,113.9232177734375,133165200
2012-09-26,113.89945783810133,113.93107589443585,113.01399543710558,113.28279113769531,146502200
2012-09-27,113.75715950909785,114.61099188859986,113.45673365426636,114.35009765625,111830300
2012-09-28,113.9152550214639,114.28683049705239,113.41719526363578,113.82038879394531,150696100
2012-10-01,114.25525513242218,115.18023738640338,113.85204938810422,114.12085723876953,135911200
2012-10-02,114.57150020731522,114.7533312580906,113.70976602824753,114.23945617675781,113422200
2012-10-03,114.54775713692202,114.97466734505284,113.94691742016336,114.70587158203125,121283100
2012-10-04,115.14070076807438,115.69410738366001,114.98258631552984,115.52809143066406,124311600
2012-10-05,116.14469511851624,116.34234111304234,115.18808319713415,115.53594207763672,124842100
2012-10-08,115.10906797403685,115.52016308537877,114.87979179332893,115.14068603515625,78415400
2012-10-09,115.05370611125326,115.14857234545569,113.9626961645,114.00222778320312,148872900
2012-10-10,113.98641561564236,114.09710897616266,113.1246817974855,113.27489471435547,124247500
2012-10-11,114.06548603201855,114.23151401988879,113.31443346376938,113.33815002441406,123601500
2012-10-12,113.41721440604111,113.80459294269362,112.72149645120109,112.9665756225586,124181900
2012-10-15,113.23536254989719,114.02594668679335,112.87170060240464,113.90736389160156,107689100
2012-10-16,114.44496030165085,115.1406782327121,114.36590912253023,115.06161499023438,108815500
2012-10-17,115.14069453131701,115.67829811687976,114.96676502393132,115.58341979980469,128834100
2012-10-18,115.28301239013672,115.83641900654044,114.89562172697437,115.28301239013672,148108500
2012-10-19,115.06953460718424,115.07743610650492,113.09307407481542,113.36186981201172,185645200
2012-10-22,113.17212592973975,113.58323310065244,112.48432152066796,113.377685546875,125578600
2012-10-23,112.15227180974576,112.31038623244329,111.33797107266413,111.80441284179688,192056300
2012-10-24,112.20760448820383,112.34201441169675,111.3142525869053,111.4881820678711,120179400
2012-10-25,112.27878606011993,112.48433363603631,111.13244123374479,111.81233215332031,134457400
2012-10-26,111.70959098240954,112.13650129963754,110.9901562004478,111.7491226196289,146023500
2012-10-31,112.1444148650986,112.28671428305394,111.21942039494095,111.7491226196289,103438500
2012-11-01,111.9862707391099,113.06146596056175,111.88350297450411,112.9191665649414,100995600
2012-11-02,113.59113478145437,113.62276490569084,111.79651729016405,111.91510009765625,137702200
2012-11-05,111.74907894174773,112.39735169798803,111.41702296958096,112.14437103271484,98378500
2012-11-06,112.48431573718877,113.464644459466,112.36573293598302,113.02191925048828,107068100
2012-11-07,111.99416162177624,112.00996462029352,109.9386378589132,110.4604263305664,264304500
2012-11-08,110.44459755202266,111.00591757697117,109.04526030214615,109.1322250366211,181517300
2012-11-09,108.80020480829869,110.2390739890379,108.74487018161729,109.22712707519531,201055300
2012-11-12,109.56705995241944,109.74098943921743,109.06900011600463,109.31407928466797,97677500
2012-11-13,108.73696237890195,110.08886687788373,108.59466299130357,108.93460845947266,123018300
2012-11-14,109.26666227404938,109.44057972313293,107.21903975272093,107.46411895751953,191505000
2012-11-15,107.50363494734636,107.90684060542851,106.87116518168128,107.28227233886719,178128400
2012-11-16,107.44038279177516,108.02541941447085,106.49168421003492,107.81195831298828,239483900
2012-11-19,109.0215304985397,110.00976051416589,107.84356804046027,109.99395751953125,151495800
2012-11-20,109.82007259352538,110.22326626055067,109.16388614952453,110.04143524169922,119807400
2012-11-21,110.13629743976044,110.34185707931232,109.91493479975006,110.24697875976562,81710800
2012-11-23,110.78460857561387,111.78864219348628,110.71344680327422,111.7491226196289,65409200
2012-11-26,111.1956837663072,111.75700396149495,110.83202172156004,111.51192474365234,100124400
2012-11-27,111.40125127845236,111.78072841468453,110.87156117530144,110.94271087646484,128646200
2012-11-28,110.4920566194264,111.89929569809537,109.8912168986173,111.8360595703125,177086500
2012-11-29,112.25505086429412,112.66614594789436,111.76488047483674,112.35781860351562,151085900
2012-11-30,112.37366740741165,112.59503007685231,111.99419026885059,112.3815689086914,136568300
2012-12-03,112.8954646353294,112.99033091137524,111.74120600220462,111.82817077636719,124656300
2012-12-04,111.82023398904212,112.16017941317594,111.36959519330247,111.6700210571289,127512200
2012-12-05,111.7649340763517,112.38950262691121,110.9743495256222,111.86771392822266,147300500
2012-12-06,111.76488973927687,112.29457973053432,111.59887380496534,112.24714660644531,103220600
2012-12-07,112.68197104612777,112.80846742005254,112.00206811547986,112.58710479736328,108726400
2012-12-10,112.42897395426256,112.90331719221967,112.38152877344606,112.634521484375,98840700
2012-12-11,113.10100229049606,113.93111832284988,113.04566765546478,113.40142822265625,152570400
2012-12-12,113.84414726906368,114.278971077555,113.29864213326182,113.45675659179688,145880100
2012-12-13,113.38558833565227,113.70973076377643,112.47642130037111,112.76103210449219,135715000
2012-12-14,112.51592469054057,112.72147219507704,112.16806578797505,112.34199523925781,137701700
2012-12-17,112.63456086146574,113.7255711978907,112.6029307298635,113.66232299804688,143238200
2012-12-18,113.8440889063551,115.02996483246295,113.67806096882434,114.92718505859375,177762800
2012-12-19,115.0537158816442,115.09324750370435,114.0338675872933,114.0733871459961,150895400
2012-12-20,114.14456669994917,114.74540643359192,113.82832573748514,114.7295913696289,168487000
2012-12-21,113.19454417343434,114.72323039659464,113.01142353000797,113.68817901611328,245883800
2012-12-24,113.44138728224102,113.50508407457754,113.210497040327,113.337890625,53874600
2012-12-26,113.56872481149023,113.62446403311816,112.54164339569964,112.86011505126953,106947700
2012-12-27,112.89195237353228,113.12285464020472,111.40307861865274,112.70883178710938,167920600
2012-12-28,111.97632345237369,112.59735158080123,111.36325286188034,111.49064636230469,148806700
2012-12-31,111.19612369685875,113.50507451726533,111.10057244193911,113.38565063476562,243935200
2013-01-02,115.53535326527951,116.36338710995928,115.2327965965895,116.29173278808594,192059000
2013-01-03,116.23595577740593,116.53850016724041,115.71842421644706,116.02893829345703,144761800
2013-01-04,116.22007196693205,116.72963403106652,115.98121209179321,116.53854370117188,116817700
2013-01-07,116.12452317335402,116.33152856842123,115.7901120867515,116.22006225585938,110002500
2013-01-08,116.01305180122266,116.1722876480926,115.43182334421864,115.88565826416016,121265100
2013-01-09,116.14043244710865,116.4987282864216,115.95731183182437,116.18024444580078,90745600
2013-01-10,116.82513375674374,117.11176308054557,116.22003280601267,117.10380554199219,130735400
2013-01-11,117.07198168134202,117.15956322397005,116.72962520037963,117.09587860107422,113917300
2013-01-14,116.95261484264225,117.0959356863205,116.586361263396,117.01631164550781,89567200
2013-01-15,116.47483811312829,117.20734491451744,116.40318380068271,117.09587860107422,93172600
2013-01-16,116.8570081891479,117.26306140524726,116.72961465702878,117.07994079589844,104849500
2013-01-17,117.59746675055578,118.17072552754591,117.15955905300547,117.8363265991211,133833500
2013-01-18,117.8124459189376,118.22646886089557,117.38249574681127,118.09907531738281,169906000
2013-01-22,118.09905983468181,118.73601531982422,117.82038801339594,118.73601531982422,111797300
2013-01-23,118.73606106730463,119.03064808125599,118.52108592659738,118.92713928222656,104596100
2013-01-24,118.75191348043438,119.54014714775164,118.64044719758368,118.95893096923828,146426400
2013-01-25,119.33315967943227,119.62774658203125,118.92709432837371,119.62774658203125,147211600
2013-01-28,119.6595945873899,119.69144904529962,119.03856629622733,119.48444366455078,113357700
2013-01-29,119.24558329137055,120.10547141733721,119.16595929586927,119.95419311523438,105694400
2013-01-30,119.93826642397755,120.17712626263611,119.37296521078287,119.48444366455078,137447700
2013-01-31,119.34111288480986,119.73125099350284,119.11022275446669,119.18983459472656,108975800
2013-02-01,119.94623057363248,120.55930135855893,119.73922518147661,120.4159927368164,131173000
2013-02-04,119.68351768775652,120.43989721821401,118.97489555677909,119.0624771118164,159073600
2013-02-05,119.70740831679204,120.60709653644919,119.65962661713758,120.26473999023438,113912400
2013-02-06,119.84265694098447,120.4318304281002,119.75507545656065,120.35221862792969,138762800
2013-02-07,120.39213260923738,120.5035989430473,119.31726913049098,120.19308471679688,162490000
2013-02-08,120.4000544922656,120.93350122814414,120.4000544922656,120.86184692382812,103133700
2013-02-11,120.81410503355801,120.94148644296334,120.53543314333965,120.8379898071289,73775000
2013-02-12,120.84591989879125,121.25994279483977,120.7105688296614,121.0370101928711,65392700
2013-02-13,121.28383895973286,121.50677158264996,120.79816171360987,121.14051818847656,82322600
2013-02-14,120.77424569189553,121.39527385917089,120.63889464507025,121.251953125,80834300
2013-02-15,121.36344037820456,121.49083390861041,120.66280025880387,121.1086654663086,215226500
2013-02-19,121.31566702860727,122.04020404248828,121.1484736555057,122.01631927490234,95105400
2013-02-20,121.92879104191643,121.96860305493416,120.43194682467842,120.49564361572266,160574800
2013-02-21,120.19304213977692,120.5592833287359,119.38092362460606,119.76309204101562,183257000
2013-02-22,120.3443845618276,120.9335708618164,119.81890721202419,120.9335708618164,106356600
2013-02-25,121.52269353443168,121.70581414910649,118.63251495361328,118.63251495361328,245824800
2013-02-26,119.20576602745646,119.58793446136433,118.41753224291323,119.44462585449219,186596200
2013-02-27,119.34114500851702,121.28385423773001,119.23763622451062,120.94945526123047,150781900
2013-02-28,120.94144614750326,121.71375263275976,120.5513202098824,120.71055603027344,126866000
2013-03-01,120.29654689611598,121.29178607319467,119.75514261526473,121.1086654663086,170634800
2013-03-04,120.82995545881644,121.7535400390625,120.63887737249787,121.7535400390625,99010200
2013-03-05,122.34273006169849,123.17076347858627,122.32680283764901,122.84432220458984,121431900
2013-03-06,123.28229889579865,123.34599567881052,122.74089446357634,123.0115966796875,94469900
2013-03-07,123.17082318033624,123.39375582943659,123.02751454116526,123.2345199584961,86101400
2013-03-08,123.77589121520037,123.92715734045656,123.13893581554922,123.75996398925781,123477800
2013-03-11,123.66447005268594,124.23771675772645,123.51319172331931,124.2297592163086,83746800
2013-03-12,124.14217828690968,124.2854990755764,123.5768891204553,123.95108795166016,105755800
2013-03-13,124.01478489555507,124.3014143243527,123.59280436828608,124.12625122070312,92550900
2013-03-14,124.4526266535581,124.84276465913307,124.13415507886428,124.78702545166016,126329900
2013-03-15,124.63830488925777,124.79024380144725,124.2064425406604,124.62230682373047,138601100
2013-03-18,123.43071963899841,124.4703744013328,123.31875756939012,123.93455505371094,126704300
2013-03-19,124.19846197992867,124.3663989743725,122.830914010423,123.64664459228516,167567300
2013-03-20,124.37443813500627,124.71831735300556,124.16649981439917,124.51039123535156,113759300
2013-03-21,123.76659679670065,124.47036529874316,123.23878262311824,123.44670867919922,128605000
2013-03-22,123.83863117540844,124.43843078613281,123.7426549396836,124.43843078613281,111163600
2013-03-25,124.7662784457086,124.97421673145189,123.43873160487954,123.91856384277344,151322300
2013-03-26,124.43038051882286,124.9422088462227,124.29442745405491,124.91022491455078,86856600
2013-03-27,124.16646732146748,124.95021398135309,123.95854125822532,124.91022491455078,99950600
2013-03-28,124.83028195883712,125.43808665843534,124.55837575267651,125.29412841796875,102932800
2013-04-01,125.23011374602402,125.48603401263544,124.49436128394112,124.79826354980469,99194100
2013-04-02,125.24610567849962,125.72595005341685,125.05416548794285,125.41405487060547,101504300
2013-04-03,125.4860590934001,125.58202311108462,123.81462070298176,124.14250183105469,154167400
2013-04-04,124.30243279243226,124.89423931250288,124.03052663575836,124.64632415771484,131885000
2013-04-05,123.11879006663335,124.23842265316355,122.97484410429279,124.08647155761719,159666000
2013-04-08,124.17454905980955,124.93429298593946,123.7586844738287,124.92630004882812,86571200
2013-04-09,125.15815248139546,125.81393907385828,124.74228811063736,125.35808563232422,101922200
2013-04-10,125.69395593393737,127.05349874738509,125.66197200314018,126.8935546875,135711100
2013-04-11,126.91759765069918,127.72533561870102,126.78963746922004,127.3094711303711,110142500
2013-04-12,126.9015290037767,127.18943315051592,126.29373678419292,126.99750518798828,116359900
2013-04-15,126.35773018226344,126.46169930824318,124.03851090186988,124.05449676513672,217259000
2013-04-16,124.99019365945546,125.94988247251943,124.68630359140535,125.88590240478516,147507800
2013-04-17,124.9901872833656,125.01419048512288,123.38272934849952,124.0465087890625,226834800
2013-04-18,124.25445015183551,124.28644628948675,122.7989431654312,123.27078247070312,167583200
2013-04-19,123.55874101541612,124.39846305514129,123.25483858887875,124.34247589111328,149687600
2013-04-22,124.58232326946919,125.19011555394466,123.7585998011482,124.89421844482422,106553500
2013-04-23,125.51800618249261,126.30174057038577,124.89421584476862,126.1817855834961,166141300
2013-04-24,126.22175258189459,126.59762774570711,125.98982337718643,126.2617416381836,96781200
2013-04-25,126.62962428210588,127.37338175373489,126.43769631751613,126.7735824584961,131060600
2013-04-26,126.62169378637007,126.83762505595371,126.14184923239617,126.54972076416016,95918800
2013-04-29,126.89358727967878,127.67732191648001,126.69365410273286,127.39742279052734,88572800
2013-04-30,127.37338241886542,127.73325955729835,126.84555610759153,127.70126342773438,116010700
2013-05-01,127.4213866438935,127.4853667112373,126.43771903975151,126.5816650390625,138874200
2013-05-02,126.90152841931754,127.86920997007941,126.78157344329023,127.75724792480469,96407600
2013-05-03,128.86890611186396,129.46071260796694,127.78126932626566,129.05284118652344,144202300
2013-05-06,129.14883545455507,129.5646876638593,129.0928483092916,129.38075256347656,66882100
2013-05-07,129.66063901682395,130.07649114637366,129.29275668366077,130.03651428222656,90359200
2013-05-08,129.89252833344446,130.668269698203,129.82055534981467,130.62828063964844,97419200
2013-05-09,130.57233220699737,130.91621133383927,129.93254374918357,130.26043701171875,106738600
2013-05-10,130.34842467562603,130.79627299223924,129.96454423028493,130.68431091308594,103203000
2013-05-13,130.51640855846395,131.00424612200757,130.21251835047119,130.78831481933594,81843200
2013-05-14,130.89223535985246,132.23579249578648,130.89223535985246,132.1398162841797,119000900
2013-05-15,131.92391235424614,133.11550627451874,131.88392327841527,132.85159301757812,120718500
2013-05-16,132.57966749440206,133.0435138599081,132.02785005607674,132.227783203125,109913600
2013-05-17,132.71563028180645,133.58733593801767,132.53968812329296,133.5073699951172,129801000
2013-05-20,133.37940412017957,134.01919265069148,133.24345104042536,133.49935913085938,85071200
2013-05-21,133.61931118144707,134.19511957327023,133.15546485453675,133.6912841796875,95804200
2013-05-22,133.82727207380174,135.21081848245896,132.09185351451893,132.69964599609375,244031800
2013-05-23,131.28413076462326,132.6836630728156,131.10818858392852,132.31578063964844,211064400
2013-05-24,131.53203910133337,132.25979879233202,131.14016568242192,132.2038116455078,151573900
2013-05-28,133.58730814155697,134.17911457004752,132.6036406076024,132.99551391601562,143679800
2013-05-29,132.29178003481204,132.59568236177157,131.4280672657842,132.1318359375,160363400
2013-05-30,132.23576076080025,133.2274211534578,132.1317916410739,132.61962890625,107793800
2013-05-31,132.25180936574841,133.0035601509867,130.46041570181455,130.71632385253906,176850100
2013-06-03,131.02014043770401,131.5239756772815,130.08445513773586,131.43600463867188,168390700
2013-06-04,131.50802883689903,132.03585527414361,130.14048074093822,130.80426025390625,157631500
2013-06-05,130.42836131628033,130.6922744870591,128.86089256025608,128.9728546142578,211737800
2013-06-06,128.91685237530598,130.14844702791723,128.15710908341964,130.14044189453125,200225500
2013-06-07,131.0361702892277,131.9158686857912,130.46835486536975,131.79591369628906,188337800
2013-06-10,132.2037728635454,132.27574585724668,131.45202238813448,131.79591369628906,105667100
2013-06-11,130.5963607356554,131.5880215374363,130.14851234737327,130.43641662597656,159505400
2013-06-12,131.33210651554927,131.46805961179464,129.2368107218399,129.3567657470703,177361500
2013-06-13,129.28483617991506,131.5560749092125,128.99693181965503,131.32415771484375,163587800
2013-06-14,131.1801284971852,131.69195683832396,130.2844319509299,130.50035095214844,141197500
2013-06-17,131.38802842570962,132.13178589078328,130.53232111757728,131.50799560546875,136295600
2013-06-18,131.57992617672073,132.74754045407727,131.57193324849243,132.547607421875,114695600
2013-06-19,132.4357566960627,132.6676738389991,130.6603489020182,130.71632385253906,206149500
2013-06-20,129.4446955344103,130.73226527388454,127.14146216120197,127.47734832763672,321255900
2013-06-21,128.34487288447363,128.44134468427987,126.6002716553478,127.8866195678711,271956800
2013-06-24,126.55203758513531,127.37207243039019,125.2013710307056,126.27064514160156,222329000
2013-06-25,127.4122530336002,128.71468348227236,126.56005287716697,127.484619140625,162262200
2013-06-26,128.52976763658,129.0362690669356,128.0313137003707,128.74684143066406,134848000
2013-06-27,129.5186309358606,130.09748611180456,129.3980289514859,129.50254821777344,129483700
2013-06-28,129.14080752885803,129.75985129397824,128.52175149621445,128.9719696044922,160402900
2013-07-01,129.64721405946278,130.6280509985748,129.50250644591293,129.7276153564453,131954800
2013-07-02,129.5347353238375,130.4834196592201,129.03628134021778,129.6071014404297,154863700
2013-07-03,129.02018670580443,130.05730751680247,128.81116040528406,129.66336059570312,75216400
2013-07-05,130.62005785974844,131.1104764873101,129.67942126606837,131.06224060058594,122416900
2013-07-08,131.7375521842123,132.1636521572693,131.1104611949013,131.80990600585938,108092500
2013-07-09,132.63801921718303,132.91941161314907,132.06721146653786,132.7586212158203,119298000
2013-07-10,132.63002684994012,133.25711818942958,132.35668185939858,132.80690002441406,121410100
2013-07-11,134.35045877289508,134.75244087534912,132.7988014783119,134.6157684326172,135592200
2013-07-12,134.57560156105106,135.00973694300475,134.36657523159533,134.6720733642578,104212700
2013-07-15,135.0419530075499,135.37961671286502,134.8087963723739,135.18666076660156,69450600
2013-07-16,135.2750711812789,135.35547254353548,134.3183636685682,134.68014526367188,88702100
2013-07-17,135.19462523624676,135.4518874057414,134.8489142449479,135.02578735351562,92873900
2013-07-18,135.31519345126532,136.0870043721004,135.22675691103962,135.76541137695312,103620100
2013-07-19,135.4840504911824,136.05485820367562,135.31521261138346,136.00662231445312,103831700
2013-07-22,136.1996340515026,136.46494381866145,135.8780408787986,136.27198791503906,79428600
2013-07-23,136.5131174612366,136.53723540474806,135.91014433841093,135.9824981689453,80829700
2013-07-24,136.50509567184525,136.56137906231635,135.21071263375063,135.48406982421875,112914000
2013-07-25,135.24283678948953,135.93424638014838,135.01772783136974,135.8136444091797,111088600
2013-07-26,135.24286161950974,135.9985899465968,134.68008912088757,135.95838928222656,107814600
2013-07-29,135.61271335113096,135.9182237583073,135.15446000789,135.5403594970703,79695000
2013-07-30,135.95038920512775,136.09509691324902,135.21877863400732,135.5403594970703,85209600
2013-07-31,135.821749199449,136.55335975573786,135.45996766895644,135.6368408203125,142388700
2013-08-01,136.66588948327694,137.32513379982402,136.5935233762911,137.2045440673828,110438400
2013-08-02,136.89905893971655,137.4537963461753,136.71415056007143,137.43771362304688,91116700
2013-08-05,137.13220257304312,137.44574817313784,136.9553294378592,137.23670959472656,54072700
2013-08-06,136.97138477166956,137.2688598848345,136.15135007272843,136.45684814453125,87495000
2013-08-07,136.02272644956236,136.21567003683055,135.50818977097708,136.01467895507812,84854700
2013-08-08,136.65784550002965,136.8186359032555,135.8136805486922,136.5131378173828,102181300
2013-08-09,136.33624490255866,136.7543097042753,135.64483522828556,136.11917114257812,91757700
2013-08-12,135.43581744797464,136.11917967218713,135.37149883848636,135.95838928222656,68593300
2013-08-13,136.19959167751333,136.59352632366887,135.39562739716797,136.36038208007812,80806000
2013-08-14,136.2960454894497,136.51311925141906,135.62875375266967,135.66091918945312,79829200
2013-08-15,134.5916932526098,134.60776370919956,133.53045427652665,133.76361083984375,152931800
2013-08-16,133.50630422053487,133.9645697411533,133.05608619380033,133.32139587402344,130868200
2013-08-19,133.16866815336348,133.6269337684539,132.46117552691808,132.46922302246094,96437600
2013-08-20,132.68622910494037,133.61883040119932,132.54152145596152,133.12037658691406,89294400
2013-08-21,132.75061794979882,133.48222860904008,132.00293683273526,132.30039978027344,159530500
2013-08-22,132.5737004022711,133.69925771689518,132.56566517604927,133.5063018798828,101471400
2013-08-23,133.9002413357057,134.12535033261096,133.2731502346809,133.95651245117188,90888900
2013-08-26,134.09324121759525,134.50327098723474,133.36967803327036,133.45811462402344,89702100
2013-08-27,132.13954447217682,133.45804515043216,131.21499063266037,131.31146240234375,158619400
2013-08-28,131.25520211960384,132.24408700293066,131.08637649295275,131.7777862548828,108113000
2013-08-29,131.48836247058762,132.68626141500485,131.3677604662192,131.98681640625,119200500
2013-08-30,132.26019658759168,132.27627931263345,131.1828870927652,131.56878662109375,134928900
2013-09-03,132.83899271145904,133.12038507020816,131.60892854667685,132.16366577148438,142375100
2013-09-04,132.19582619752347,133.48217381168647,131.95464675394794,133.25706481933594,97389400
2013-09-05,133.33751251410786,133.7796831594427,133.24102843560496,133.4259490966797,63090500
2013-09-06,133.8681292023133,134.24599351204844,132.23608219112745,133.49026489257812,159756500
2013-09-09,133.819885479099,134.84895903391654,133.819885479099,134.76856994628906,87559300
2013-09-10,135.58050307194245,135.78952931814936,135.27499279343212,135.76541137695312,105847200
2013-09-11,135.58056552572268,136.1915740966797,135.347421230924,136.1915740966797,94545900
2013-09-12,136.14325737543848,136.32013043237023,135.64480363363992,135.8297119140625,83209000
2013-09-13,135.97447876707815,136.2397884440981,135.66093319742203,136.13526916503906,72727800
2013-09-16,137.6065312941415,137.6708499096654,136.70608294432822,136.92315673828125,106299200
2013-09-17,137.04376097024016,137.5663328620238,137.04376097024016,137.5341796875,82523300
2013-09-18,137.48591324442916,139.50387123498155,137.1402145272946,139.12600708007812,203460600
2013-09-19,139.503812131584,139.56813071235183,138.7561193642333,138.89279174804688,146616900
2013-09-20,139.22249094193668,139.22249094193668,137.80869556933962,137.9217987060547,132867100
2013-09-23,137.73602484526563,137.86527680130223,136.84734830633593,137.28359985351562,104616500
2013-09-24,137.2593162064163,137.76828643907112,136.701887293647,136.9604034423828,106333100
2013-09-25,137.04927943628218,137.32395671337798,136.44336715175592,136.56454467773438,117306500
2013-09-26,136.79077834687598,137.477471615293,136.5726464487584,137.08969116210938,77146900
2013-09-27,136.4029759588223,136.64534334773532,136.10406316464287,136.45953369140625,99141800
2013-09-30,135.30421443889009,136.16056827595366,135.03761162271323,135.73239135742188,143937000
2013-10-01,135.83744291990226,136.93616425896653,135.7001042934337,136.80690002441406,127160000
2013-10-02,136.00711076657038,136.80690706346908,135.58700814631746,136.67764282226562,113350000
2013-10-03,136.36261085665777,136.48380074278336,134.78724095558755,135.41738891601562,176698000
2013-10-04,135.52241871548443,136.58074382816403,135.34468340967192,136.4434051513672,96878000
2013-10-07,135.2558111034497,136.08792985779814,135.11847243137782,135.26388549804688,96295000
2013-10-08,135.23962589267592,135.41736116070837,133.5915497941142,133.68849182128906,178015000
2013-10-09,133.94703559859622,134.27018394422615,132.9210204938764,133.78546142578125,168973000
2013-10-10,135.15077705773123,136.74230797092412,135.10230603740163,136.6696014404297,195955000
2013-10-11,136.4595815333024,137.59870003143925,136.34647835579872,137.5502166748047,105040000
2013-10-14,136.7019139348431,138.2126514883296,136.59688518006388,138.09954833984375,112106000
2013-10-15,137.75214641665318,138.269191120598,136.91195339548716,137.09776306152344,155485000
2013-10-16,137.92180405408246,139.0851576924431,137.85717192669378,139.012451171875,161676000
2013-10-17,138.44693947547108,140.02232157091123,138.42270396575532,139.9415283203125,129389000
2013-10-18,140.4585265250383,140.98364549794732,140.17576256897027,140.88670349121094,138316000
2013-10-21,140.93520252815037,141.17756992051605,140.579731996323,140.89480590820312,104104000
2013-10-22,141.30687377165452,142.1309058783706,140.91908090427165,141.7108154296875,126663000
2013-10-23,141.2260495912681,141.29068172168235,140.5393563193387,141.03216552734375,105484000
2013-10-24,141.31490750550492,141.6784524276652,140.98367248266928,141.50071716308594,70350000
2013-10-25,141.79156314325232,142.18743031320886,141.51688583870362,142.14703369140625,93625000
2013-10-28,142.09850700716137,142.56708051640172,141.94500730083791,142.37318420410156,84979000
2013-10-29,142.69639321155236,143.18920238636818,142.49442244035436,143.1326446533203,87401000
2013-10-30,143.30226304710746,143.40727943442522,141.91270356697675,142.42166137695312,140002000
2013-10-31,142.30864550251772,142.90648361234182,141.8077617761352,142.01780700683594,133795000
2013-11-01,142.20355593591427,142.680203903195,141.55724713033413,142.3570556640625,142805000
2013-11-04,142.74483755618027,142.91448606899442,142.1712352491206,142.85794067382812,85677000
2013-11-05,142.30054984995945,142.79335910715614,141.84006282485547,142.40557861328125,85825000
2013-11-06,143.01954151454214,143.3992475505798,142.62367436515973,143.1326446533203,87348000
2013-11-07,143.39920179424456,143.5123048969334,141.1855984104047,141.32293701171875,157000000
2013-11-08,141.27450819442646,143.24574485324757,141.2583594087306,143.22958374023438,136713000
2013-11-11,143.09222824080413,143.42346321830797,142.9225797197618,143.25381469726562,62614000
2013-11-12,142.94680580890028,143.28611515595537,142.48630662748013,142.9629669189453,83990000
2013-11-13,142.26012461117855,144.15056800683436,142.26012461117855,144.1101837158203,103844000
2013-11-14,144.23946002555203,144.95040118097876,144.00517932332417,144.8292236328125,103435000
2013-11-15,145.06348344008305,145.5158959911639,144.87767378388574,145.4593505859375,102818000
2013-11-18,145.7017314184489,145.8229089603417,144.62724534683133,144.9503936767578,104796000
2013-11-19,144.87765177575164,145.3139031473615,144.38484268018954,144.63528442382812,93891000
2013-11-20,144.9261734624022,145.36242498657234,143.7870551391247,144.18292236328125,124909000
2013-11-21,144.58685552907409,145.4593708537249,144.49798788506374,145.3462677001953,92841000
2013-11-22,145.40275894534813,146.0894643320882,145.2331104419137,146.07330322265625,81296000
2013-11-25,146.33190490360585,146.3642148113263,145.7179057110303,145.92796325683594,79486000
2013-11-26,146.00061445911894,146.40455595279127,145.75017270541264,145.96829223632812,86994000
2013-11-27,146.1218359550713,146.42076113293228,145.9441006581766,146.3238067626953,58800000
2013-11-29,146.48535037458007,146.83273414485365,146.06524776609342,146.22682189941406,55870900
2013-12-02,146.29955002222823,146.57422732218132,145.6209311656437,145.84713745117188,99726000
2013-12-03,145.37044918434552,145.73399401934603,144.74837590746,145.21694946289062,116563000
2013-12-04,144.6918325600065,145.80670258127464,144.08592038400533,145.20079040527344,123033000
2013-12-05,144.94228226465688,145.20888511604898,144.42523767243705,144.5625762939453,106934000
2013-12-06,145.96024334779506,146.31571389670836,145.54014066932314,146.17837524414062,127728000
2013-12-09,146.60649973242403,146.76807383470936,146.3560580247847,146.54994201660156,70124000
2013-12-10,146.21068148943306,146.5176810153308,145.93600419116558,146.02487182617188,80976000
2013-12-11,146.08141648423324,146.1056519891275,144.20712192363195,144.38485717773438,130591000
2013-12-12,144.3202955306619,144.4980308715568,143.60935416708236,143.9082794189453,115565000
2013-12-13,144.2071179496423,144.33638219039403,143.6173668012728,143.8920440673828,107808000
2013-12-16,144.57064075098288,145.26542052972027,144.5302441410057,144.7887725830078,96195000
2013-12-17,144.91805631164297,144.94229181542872,144.00514457799218,144.3282928466797,89886000
2013-12-18,144.54644434223633,146.81659390551522,143.25383876459165,146.7923583984375,234906000
2013-12-19,146.37222659524824,146.79232917983856,145.99253295083477,146.6226806640625,136531200
2013-12-20,146.76890055247065,147.82485282455733,146.67143223002162,147.47557067871094,197087000
2013-12-23,148.19850574942802,148.35283887289273,147.88985189674239,148.26348876953125,85598000
2013-12-24,148.2716096827048,148.65337718631838,148.2634914528864,148.58839416503906,45368800
2013-12-26,148.92139716243395,149.42501237618944,148.90516070610488,149.34378051757812,63365000
2013-12-27,149.53879121298692,149.60376185358072,149.181390718488,149.33572387695312,61814000
2013-12-30,149.3518828276116,149.47373060254188,149.11633029353067,149.311279296875,56857000
2013-12-31,149.51435679430605,150.01795959472656,149.40062723886555,150.01795959472656,86119900
2014-01-02,149.44127983449258,149.51439348010695,148.22287606801078,148.5802764892578,119636900
2014-01-03,148.83210732098473,149.1326554041114,148.34475315476658,148.55593872070312,81390600
2014-01-06,149.04328015057538,149.1001325496372,147.89797760256857,148.1254119873047,108028200
2014-01-07,148.71835651673857,149.2869424460167,148.60463933088295,149.03514099121094,86144200
2014-01-08,149.01074691458743,149.3194131035275,148.55587825356508,149.06761169433594,96582300
2014-01-09,149.5468981697351,149.5631470257818,148.48282739222077,149.16513061523438,90683400
2014-01-10,149.41686443283984,149.6361805102733,148.65332966967455,149.57119750976562,102026400
2014-01-13,149.18948155224749,149.6037343797526,147.29689284066546,147.58119201660156,149892000
2014-01-14,148.06848759509154,149.27065445252154,147.79231915253575,149.18942260742188,105016100
2014-01-15,149.53876830500644,150.22107147493819,149.2219838050921,149.99363708496094,98525800
2014-01-16,149.68492785717837,149.99359403823954,149.3194092920613,149.79864501953125,72290600
2014-01-17,149.53877993883458,149.82306675130076,148.90521088971542,149.16513061523438,107848700
2014-01-21,150.02612798719937,150.08299278393366,148.68588868247738,149.60374450683594,88621200
2014-01-22,149.85555078410871,149.920533808118,149.3844331557247,149.7012176513672,61270900
2014-01-23,148.9457573835016,148.9701244611148,147.686750392683,148.47463989257812,132496900
2014-01-24,147.5080320497445,147.5567661989653,145.2580438048807,145.30677795410156,208677100
2014-01-27,145.44488013867925,145.8185293192535,143.86907634997013,144.5919952392578,180843100
2014-01-28,144.6976015609586,145.6398365911834,144.68135271030187,145.45301818847656,110463200
2014-01-29,144.24269604051906,145.03059777378925,143.67411035523088,144.05587768554688,216597300
2014-01-30,145.25812030920463,146.05414075228362,144.7951208592761,145.58302307128906,118938100
2014-01-31,143.7797491777281,145.6317217373915,143.70664793321995,144.7301025390625,194677900
2014-02-03,144.55952529087867,144.8844279564876,141.1967318854332,141.472900390625,254837100
2014-02-04,142.10646682492052,142.82938577859557,141.42416380230986,142.4638671875,165012400
2014-02-05,141.96840229206623,142.60197124309002,141.09928073894127,142.28518676757812,164230500
2014-02-06,142.6182230680074,144.16152954101562,142.3258056695776,144.16152954101562,132877600
2014-02-07,144.83569691925305,146.10283469439105,144.36457936799155,145.94850158691406,170787200
2014-02-10,145.96475130247214,146.26529929037392,145.56674738530018,146.216552734375,92218800
2014-02-11,146.33843358657785,148.19040651708121,146.24095284680453,147.81675720214844,117814100
2014-02-12,148.03606457014416,148.5071822025876,147.59744464710766,147.88986206054688,94717700
2014-02-13,146.89074359882417,148.80769920360365,146.8826253696118,148.6533660888672,100542200
2014-02-14,148.51522547064388,149.7498775257867,148.3771412609732,149.4737091064453,96498400
2014-02-18,149.6037040085563,149.85551781904024,149.17320241415996,149.65245056152344,80460900
2014-02-19,149.2625702448168,150.2291724885674,148.53965121789932,148.6614990234375,126524300
2014-02-20,148.86458762405798,149.87992417773333,148.32036871859736,149.5387725830078,104998100
2014-02-21,149.82303277468804,150.1804331611909,149.2950628182361,149.3681640625,118116400
2014-02-24,149.6849218662105,151.20386084418195,149.61993886257525,150.1966552734375,114063900
2014-02-25,150.318501199358,150.7490027836681,149.64431643288864,150.13980102539062,117085000
2014-02-26,150.3591041639048,150.75712040692034,149.7255353814656,150.14791870117188,98677200
2014-02-27,149.92863389191095,150.97645559090873,149.7580519252521,150.93585205078125,93880800
2014-02-28,150.91146190903174,152.01614831692262,150.3103907421043,151.31759643554688,150842000
2014-03-03,149.98552020227027,150.6353381164185,149.25448279525713,150.25357055664062,167748500
2014-03-04,151.72370284791597,152.69030482499105,151.69121754528075,152.3654022216797,167545900
2014-03-05,152.49539129315727,152.7634415588529,152.25982633501184,152.50350952148438,88376900
2014-03-06,152.8771779384426,153.20208063174144,152.5278957686152,152.85279846191406,82516500
2014-03-07,153.48633801807773,153.48633801807773,152.2435551884938,152.91773986816406,114513500
2014-03-10,152.68221474855062,152.89340024021618,151.9592957877914,152.8365478515625,74939200
2014-03-11,153.06398198683578,153.2832981010413,151.7318612386755,152.0811309814453,99009100
2014-03-12,151.3420088755226,152.1786451908426,151.00084489200364,152.1217803955078,104824400
2014-03-13,152.57663935335296,152.69848716654545,149.99362931769363,150.41600036621094,155014300
2014-03-14,150.14797021978364,150.9196234996525,149.8149368650867,149.99363708496094,153919600
2014-03-17,150.74901408110952,151.70749803096908,150.68403106804766,151.35009765625,98359500
2014-03-18,151.65879713075236,152.63351775196622,151.49633336534578,152.43045043945312,101804600
2014-03-19,152.44662365359977,152.6578215033086,150.6515162965147,151.6181182861328,176267300
2014-03-20,151.28510598336334,152.61722668927268,151.0170557176677,152.50350952148438,117241000
2014-03-21,153.14393460922662,154.2127011814709,151.77329364139052,151.9119873046875,163128000
2014-03-24,152.43418607213763,152.62184148947756,150.62298886709678,151.28382873535156,121411000
2014-03-25,152.0507497993797,152.51579268884322,151.15331761021235,152.00180053710938,103852000
2014-03-26,152.59738124635106,152.84214002365772,150.86777413156165,150.9085693359375,119843000
2014-03-27,150.72910208086796,151.21045319448774,150.03562085355446,150.5904083251953,142383000
2014-03-28,151.0227047116587,152.09147124945878,150.93296029136562,151.33273315429688,101642000
2014-03-31,152.29550379187185,152.80949592751452,151.35727643053576,152.57289123535156,99745000
2014-04-01,153.07052641914066,153.67426287228858,152.5647009131443,153.5845184326172,89193000
2014-04-02,153.78031294617563,154.30245896748852,153.49475908887229,154.09849548339844,78774000
2014-04-03,154.33510219842512,154.375897388878,153.421349687213,153.89454650878906,77435000
2014-04-04,154.73490310243366,154.76753179132442,151.8304642822421,152.07521057128906,169381000
2014-04-07,151.70805675676095,151.9609695181776,150.08451517904317,150.39453125,140803000
2014-04-08,150.3292301701911,151.25930308753277,149.7826095691075,151.01455688476562,112660000
2014-04-09,151.4224929231843,152.68705654330043,150.98192483383693,152.6381072998047,100254000
2014-04-10,152.62996996159802,152.70339383488462,149.24416834458842,149.43182373046875,172959000
2014-04-11,148.59970080772737,149.64399330951258,147.922540248938,148.08570861816406,167251000
2014-04-14,149.24418334525566,149.60316113821924,148.0285687132919,149.25234985351562,132382000
2014-04-15,149.56242164562607,150.3864300367233,148.08571485225016,150.28036499023438,157093000
2014-04-16,151.31645276886337,151.8630734925339,150.64744646742048,151.85491943359375,105197000
2014-04-17,151.6509660045128,152.49129474219663,151.3898867137258,152.06704711914062,105255000
2014-04-21,152.10781564565764,152.64628225178816,151.92017271889466,152.59732055664062,68329000
2014-04-22,152.75233539373755,153.70688304524137,152.67075746606295,153.29080200195312,85790000
2014-04-23,153.23371345265846,153.31529138818834,152.80946586149057,152.9318389892578,73869000
2014-04-24,153.68248398368067,153.69880455681744,152.5076516968284,153.24192810058594,88170000
2014-04-25,152.74422451322528,152.83396897329675,151.6428163622525,151.9854736328125,100380000
2014-04-28,152.6055516494133,153.12769791147758,150.90041912396342,152.46685791015625,135121000
2014-04-29,152.95629066116265,153.41316686819164,152.62995407012565,153.17657470703125,84098000
2014-04-30,152.92370999025368,153.78851343204536,152.71157993543522,153.6334991455078,101508000
2014-05-01,153.56006633817708,154.06589191838742,153.1602933302696,153.64981079101562,93019000
2014-05-02,153.63352901500804,154.31068961214612,153.20112721004443,153.4295654296875,98122000
2014-05-05,152.67892862204283,153.8292858368881,152.2546810242168,153.7232208251953,75883000
2014-05-06,153.38058171621594,153.48664674042726,152.3526099586748,152.38523864746094,85454000
2014-05-07,152.89921665253303,153.35609294709138,151.75701346719174,153.2826690673828,106500000
2014-05-08,153.14399391441802,154.2372355300772,152.63000179631769,153.1195068359375,93618000
2014-05-09,153.143967398107,153.41318827636255,152.42601185890635,153.34793090820312,83679000
2014-05-12,154.03325480041556,154.9143787121676,153.3805690381238,154.8409423828125,86940000
2014-05-13,155.0449174112006,155.35494597230885,154.82464575362556,154.9796600341797,66454000
2014-05-14,154.84090065048434,154.91433696004708,154.0250467797429,154.24533081054688,72367000
2014-05-15,153.93531376454447,153.96795489320084,152.14043760567884,152.89102172851562,154956000
2014-05-16,152.9808184738291,153.48665654944006,152.33629912530432,153.42138671875,97458000
2014-05-19,153.12761911136053,154.10664129280352,152.98892544347584,153.98426818847656,63839000
2014-05-20,153.91090575410598,153.9272263254976,152.6218669399825,153.0134735107422,111644000
2014-05-21,153.45402534698314,154.37594464787895,153.42955071500788,154.30252075195312,89093000
2014-05-22,154.34330742485903,154.99599334165097,154.08224052751132,154.6778106689453,61549000
2014-05-23,154.81650333599268,155.40391941216086,154.6778096025847,155.29786682128906,61092800
2014-05-27,155.877036341972,156.30128383444628,155.78729191950518,156.25233459472656,72010000
2014-05-28,156.2524026858507,156.49716144005143,155.87710426954993,156.13818359375,66723000
2014-05-29,156.49715198458762,156.97033644545286,156.09737896191558,156.94586181640625,64377000
2014-05-30,156.79897000729179,157.29664140638604,156.66843038973914,157.19873046875,76316000
2014-06-02,157.41906057939948,157.45170171781027,156.61952697358964,157.37826538085938,64656000
2014-06-03,156.9947716874131,157.3782240448708,156.84792394997493,157.29664611816406,65047000
2014-06-04,157.02739136152914,157.70455155028168,156.86422308146703,157.61480712890625,55529000
2014-06-05,157.7942939743097,158.80594476725457,157.21503227113834,158.6427764892578,92103000
2014-06-06,158.98548724499392,159.4423635570988,158.91206336246546,159.40158081054688,78696000
2014-06-09,159.3771000886128,159.94819545690575,159.23023988022584,159.5647430419922,65119000
2014-06-10,159.36895514747275,159.6137138952767,159.02629788012598,159.58108520507812,57129000
2014-06-11,159.0098940385835,159.1893828630467,158.667236950683,159.02621459960938,68772000
2014-06-12,158.83861492181427,158.92835935845557,157.54956412685019,157.90037536621094,106350000
2014-06-13,158.21042480585496,158.5367739136293,157.70459924998664,158.3817596435547,82017000
2014-06-16,158.1859466735979,158.84678648489708,157.99830372137666,158.5122833251953,87424000
2014-06-17,158.2920105353074,159.06706941391917,158.12067570265137,158.95285034179688,84834000
2014-06-18,158.9528718481977,160.209281811536,158.60204807631922,160.11953735351562,105267000
2014-06-19,160.2582312902932,160.39693745656223,159.74425161996928,160.2990264892578,85929000
2014-06-20,160.6982569228396,160.75564637875877,160.42773343479152,160.62448120117188,100587000
2014-06-23,160.66543082062591,160.71461462250087,160.2801410278098,160.57525634765625,70611000
2014-06-24,160.28831518838626,161.08348658084702,159.4275612316551,159.60791015625,96237000
2014-06-25,159.2718589488944,160.49331117464442,159.2390739097881,160.32936096191406,82782000
2014-06-26,160.35392737589297,160.3703261471388,159.1406809842467,160.21456909179688,84312000
2014-06-27,159.83743611153415,160.57523054690193,159.76366042057575,160.5260467529297,71445100
2014-06-30,160.42769302665718,160.812982820898,160.2883347512972,160.444091796875,70201200
2014-07-01,160.8375849538412,162.009853181357,160.78020801732367,161.5179901123047,90470000
2014-07-02,161.53437913533935,161.8868713902967,161.46060343201293,161.6819305419922,52475000
2014-07-03,162.1410058028876,162.5508875241745,162.01804628994051,162.47711181640625,52938800
2014-07-07,162.1655903904235,162.2967430186687,161.67372738156718,161.9114532470703,61696000
2014-07-08,161.61636711536997,161.6737565638203,160.47689636415342,160.87039184570312,108143000
2014-07-09,161.27204388545425,161.739315009344,160.9277447719232,161.5917510986328,72992000
2014-07-10,160.0342157745594,161.37862728235584,159.90305062536046,160.9523468017578,99040000
2014-07-11,160.8539835539339,161.28845717740887,160.493285638159,161.17369079589844,64243000
2014-07-14,161.99342262191155,162.19836344236796,161.8540643650326,161.9852294921875,58658000
2014-07-15,162.08361910776387,162.39513319993767,160.9687403926434,161.6819305419922,111307000
2014-07-16,162.40335503508928,162.52631456236603,161.83771619241833,162.2803955078125,79986400
2014-07-17,161.78032466691153,162.39514726507522,160.20636780804645,160.4359130859375,145398000
2014-07-18,160.96054549147752,162.239374369457,160.87037101887145,162.07542419433594,124330000
2014-07-21,161.56712341237565,161.9032293208764,161.02607670726624,161.77206420898438,67592000
2014-07-22,162.32135476094163,162.77222715607672,162.2065883793252,162.47711181640625,67678000
2014-07-23,162.72304794619725,163.00997016263975,162.39514756334682,162.8378143310547,65612000
2014-07-24,162.99358750245784,163.18212961580392,162.682073351939,162.8460235595703,56888000
2014-07-25,162.38689604035036,162.52625428911566,161.76388048553005,162.08358764648438,76837000
2014-07-28,162.11641815486394,162.38694159904455,161.181888306148,162.1492156982422,69259000
2014-07-29,162.4525355928564,162.68206837824252,161.42783119074025,161.45242309570312,80466000
2014-07-30,162.0262297186965,162.23937620650426,160.80479026790707,161.47698974609375,104222000
2014-07-31,160.35393924281232,160.49329753722154,158.18976409630736,158.2881317138672,183479000
2014-08-01,157.85364242207208,158.83735602602434,157.04208464039513,157.80445861816406,189261000
2014-08-04,158.10783767855494,159.2801063990509,157.4356378773371,158.94400024414062,91340000
2014-08-05,158.29633798279252,158.7062197357168,156.82895430250852,157.4027862548828,152690000
2014-08-06,156.66504767889424,158.12422612448213,156.6404557675665,157.4520263671875,94818000
2014-08-07,158.16514679253137,158.32090383438734,156.20591283630395,156.59939575195312,135733000
2014-08-08,156.95190915610848,158.5176477743838,156.53382180837986,158.4110870361328,117014000
2014-08-11,159.0095059805407,159.5751447218043,158.79637200193852,158.87014770507812,74544000
2014-08-12,158.714416811645,159.15708361201993,158.16517675011,158.64883422851562,73632000
2014-08-13,159.2718296428697,159.9030509797662,159.00131872136836,159.7227020263672,69047000
2014-08-14,159.9850323866912,160.4768829345703,159.83746846630947,160.4768829345703,57371000
2014-08-15,161.05891433977885,161.20646574594937,159.28822241415259,160.444091796875,139951000
2014-08-18,161.32947808908787,161.86231942269973,161.2393035932428,161.78854370117188,75424000
2014-08-19,162.182001127093,162.75583305162903,161.85410074410035,162.63287353515625,59135000
2014-08-20,162.411554197156,163.26411531325724,162.37876915819797,163.06736755371094,72763000
2014-08-21,163.20669490190684,163.7559348876182,163.0755297537557,163.5428009033203,67791000
2014-08-22,163.41162527211495,163.69854745171457,162.91977476099643,163.28866577148438,76107000
2014-08-25,164.06746963278633,164.43636071335854,163.25589924864857,164.1166534423828,63855000
2014-08-26,164.22323608398438,164.62492473296763,164.18224540411273,164.22323608398438,47298000
2014-08-27,164.30518997358752,164.41996887021614,163.90351386977994,164.1576385498047,47874000
2014-08-28,163.6165866997406,164.17403235946583,163.45263650873824,164.0674591064453,58330000
2014-08-29,164.3215824995246,164.55111526686048,163.80514002731772,164.53472900390625,65907000
2014-09-02,164.74782829547493,164.77242019332363,163.83789054928738,164.4527130126953,72426000
2014-09-03,165.083975217902,165.1085671218544,164.13304656974861,164.36257934570312,57462000
2014-09-04,164.6412592711407,165.24788862029243,163.67394457479654,164.12481689453125,85236000
2014-09-05,164.09204549081844,164.9282076979851,163.46902978252413,164.8626251220703,102177000
2014-09-08,164.7068484759879,164.94458684897467,163.95266770557376,164.4363250732422,64146000
2014-09-09,164.28880286757308,164.40356925501504,163.05915764129563,163.395263671875,88591000
2014-09-10,163.48541021218205,164.11663153781817,162.9443758702337,164.01007080078125,67251000
2014-09-11,163.35422275253785,164.22316977713328,163.23125076257418,164.19857788085938,66774400
2014-09-12,164.03468884391262,164.0510751084701,162.7722459914494,163.23951721191406,117409300
2014-09-15,163.2640953007919,163.3952604577449,162.62468079639333,163.1165313720703,76401000
2014-09-16,162.8131922359984,164.64126092316172,162.72301777114663,164.3461456298828,116201000
2014-09-17,164.58390365345207,165.32987885149302,163.74774147119203,164.5675048828125,151266000
2014-09-18,165.06757492606397,165.46926353458537,164.85444092423927,165.44467163085938,94990000
2014-09-19,165.970947517806,166.28390522229688,164.95791613367513,165.29559326171875,121649000
2014-09-22,165.00730624460255,165.0320130956712,163.67307345156692,164.01898193359375,125553000
2014-09-23,163.42604775941257,164.10963352713458,163.03072544127247,163.08013916015625,111393000
2014-09-24,163.104820976313,164.46376087231326,162.67656043369593,164.356689453125,107276000
2014-09-25,163.92844783667869,163.93669183485724,161.64709727974255,161.70474243164062,150300000
2014-09-26,162.0011749577976,163.39305287054304,161.77056930484082,162.98948669433594,103547000
2014-09-29,161.58942405843112,162.98130237347627,161.46588976830785,162.6930389404297,95112000
2014-09-30,162.81659323279968,163.31898698069193,161.92710860208533,162.26478576660156,131302000
2014-10-01,162.00119151917943,162.05884922184575,159.70336618264446,160.0657501220703,177798000
2014-10-02,159.92574023545657,160.65050817037758,158.41857179262334,160.09046936035156,157285000
2014-10-03,161.16113664392648,162.19887485739335,160.6669869600991,161.85296630859375,121569000
2014-10-06,162.52832142826045,162.74246428599938,161.07879797519814,161.66354370117188,104778000
2014-10-07,160.83172671580297,161.19411074311196,159.13512201255622,159.16806030273438,147913000
2014-10-08,159.25868204811766,162.1824490314447,158.42685499068276,161.95184326171875,186461000
2014-10-09,161.6964809823491,161.9188552516913,158.60799833563883,158.73977661132812,210705000
2014-10-10,158.69857860206253,159.4892230437084,156.88667147563507,156.92784118652344,221909000
2014-10-13,156.86200542496846,157.43027576712726,154.25944061285335,154.35003662109375,230939000
2014-10-14,155.18181097923474,156.33485183590665,154.04524554586172,154.5888214111328,215847000
2014-10-15,152.4969504462394,154.58064611941268,149.8284964207241,153.54290771484375,380715000
2014-10-16,150.7673858053878,154.4900408751826,150.62737608253514,153.4111328125,270391000
2014-10-17,155.18180966899277,156.27719281840282,154.52293098032416,155.22299194335938,214625000
2014-10-20,154.94299373055915,156.8537283646901,154.89358002140185,156.73019409179688,130011000
2014-10-21,157.866769376241,159.94223342313626,157.70205280012183,159.83517456054688,154949000
2014-10-22,160.11516278002628,160.52696042357323,158.63268874984385,158.69857788085938,151822000
2014-10-23,160.2881444493085,161.5894267845268,159.99164958094144,160.54345703125,154944000
2014-10-24,160.8070025671867,161.82826539188608,160.18107458453974,161.77883911132812,117927000
2014-10-27,161.20228977931822,161.79527934634817,160.62577563555737,161.5564422607422,82954000
2014-10-28,162.10000211924722,163.41774680814825,162.02586900538904,163.40951538085938,106736000
2014-10-29,163.52489013668068,163.99433303995716,162.08359800200066,163.16250610351562,142557000
2014-10-30,162.7259761251014,164.67789314748217,162.57772242233918,164.2084503173828,113330000
2014-10-31,166.18510063287715,166.21805149076317,165.3532736937722,166.08627319335938,146903000
2014-11-03,166.30032256935598,166.73682697088975,165.797929051186,166.17678833007812,93600000
2014-11-04,165.73209224588456,166.0368310773971,164.76848717417494,165.60032653808594,93343000
2014-11-05,166.81101784703924,166.85220013318357,165.91330181761182,166.64630126953125,91709000
2014-11-06,166.68744188609193,167.4039657310186,166.06974544955068,167.31336975097656,107089000
2014-11-07,167.32993042997663,167.6840831022435,166.868718866434,167.46994018554688,89540000
2014-11-10,167.5028290818128,168.0463924708541,167.2969302408988,167.99697875976562,66319000
2014-11-11,168.06283946465948,168.26873827074027,167.72516240659115,168.1616668701172,54499400
2014-11-12,167.4781664954248,168.21116606014814,167.4452156346107,167.98056030273438,90120300
2014-11-13,168.14523027856535,168.69703765700748,167.36281720665687,168.16993713378906,85357900
2014-11-14,168.09583300624917,168.41703472263535,167.78286272005323,168.2111358642578,80417500
2014-11-17,167.88993095931818,168.49115209558295,167.7252018220895,168.3181915283203,80441000
2014-11-18,168.37583247820055,169.59475005652524,168.37583247820055,169.29002380371094,76068100
2014-11-19,169.09238534733024,169.2900527859263,168.26055843982735,169.0182647705078,82373000
2014-11-20,168.22762140855156,169.42184500182628,168.1617322569379,169.3147735595703,72840300
2014-11-21,171.0113602937156,171.17607687180276,169.64418881816016,170.220703125,142327300
2014-11-24,170.62427419823754,170.80546620932492,170.4101438974387,170.69839477539062,65880800
2014-11-25,170.9289537703916,171.13485258423458,170.31950132433875,170.57481384277344,79108300
2014-11-26,170.72305864904294,171.11014943280531,170.50892840215877,171.01132202148438,62167800
2014-11-28,170.8878365513866,171.20079429895137,170.41014964849603,170.64898681640625,57890100
2014-12-01,169.9901133348364,170.10541620701127,169.15005493773523,169.4630126953125,103968400
2014-12-02,169.5041486186971,170.7642484367272,169.47944176478018,170.558349609375,74507200
2014-12-03,170.7313667786352,171.43141548357062,170.56665017553692,171.21728515625,68952000
2014-12-04,170.92896153293347,171.53019514494707,170.23714450309882,171.02780151367188,91316600
2014-12-05,171.2007441455767,171.69490633264874,170.937200194987,171.3078155517578,91025500
2014-12-08,170.91251496508642,171.4066646476086,169.60298877379267,170.1630401611328,108588200
2014-12-09,168.31818936881524,170.15481617538774,167.93934251901482,170.04774475097656,125180100
2014-12-10,169.58648090820157,169.6441260340168,167.13215830487405,167.32159423828125,159856400
2014-12-11,167.91462458509903,169.81712783973018,167.77461488314216,168.16993713378906,159012800
2014-12-12,166.8933640303132,167.86521309454568,165.4191338585101,165.4520721435547,202330200
2014-12-15,166.3497566334868,166.80273651141,163.71425448065943,164.3154754638672,189965800
2014-12-16,163.54957963889098,166.69570760124464,162.956589932477,162.99777221679688,259543800
2014-12-17,163.4342764930577,166.64629359121042,163.31072964031722,166.1933135986328,253910100
2014-12-18,168.6229408411701,175.40112803201805,167.9475865244209,170.30307006835938,257633900
2014-12-19,170.95312189902327,171.69845629950134,170.27405292411032,171.0276641845703,245084600
2014-12-22,171.21814484177622,171.8144073486328,170.97798952149458,171.8144073486328,148318900
2014-12-23,172.39409758489148,172.44378401935393,171.75642552429184,172.04627990722656,122167900
2014-12-24,172.26988619233464,172.5348847288303,172.02144137682555,172.06285095214844,42963400
2014-12-26,172.51002867949322,172.9572318414319,172.46034224737275,172.61769104003906,57326700
2014-12-29,172.43553882985796,173.056644647571,172.36928602626364,172.849609375,79643900
2014-12-30,172.42728578092087,172.55977876997716,171.84757682851793,171.922119140625,73540800
2014-12-31,172.24509684459983,172.41072256126307,170.0919246186809,170.2161407470703,130333800
2015-01-02,170.91175939051038,171.325829928709,169.08983891329257,170.12501525878906,121465900
2015-01-05,169.08157077807908,169.24719647462058,166.74621939305322,167.05262756347656,169632600
2015-01-06,167.35898134910641,167.88071412827958,164.68408994172034,165.47911071777344,209151400
2015-01-07,166.80416895939857,167.88075485287703,166.3569783519322,167.5412139892578,125346700
2015-01-08,168.94902014003745,170.72953065352303,168.93246642029644,170.5142059326172,147217800
2015-01-09,170.92829469871802,170.94486105666158,168.53496775123423,169.14779663085938,158567300
2015-01-12,169.28030541730055,169.43765422966325,167.21822977118725,167.82276916503906,144396100
2015-01-13,169.0401406430063,170.1664129335598,166.05055106093315,167.35073852539062,214553300
2015-01-14,165.33833694878177,166.53915144512624,164.44395583561231,166.34039306640625,192991100
2015-01-15,166.97803739877665,167.2927223172649,164.7006501462518,164.81658935546875,176613900
2015-01-16,164.60958936534854,167.1354219312357,164.42739733525644,166.9780731201172,211879600
2015-01-20,167.61576295504287,167.8807741873434,165.76901173701117,167.33419799804688,130991100
2015-01-21,166.87039932448977,168.65918678671582,166.4066424201559,168.17886352539062,122942700
2015-01-22,168.9324925342067,170.8123635660142,167.55777539756028,170.67987060546875,174356000
2015-01-23,170.42316402997878,170.67989840459322,169.61158923007656,169.7440948486328,117516800
2015-01-26,169.5287243661273,170.2326365292039,168.81652270697356,170.14154052734375,92009700
2015-01-27,168.0877619624292,169.04011895690113,167.06915217860907,167.8972930908203,134044600
2015-01-28,169.0814856079298,169.18085844851225,165.55361076658596,165.74407958984375,168514300
2015-01-29,165.9429070087455,167.53293630229993,164.53505711997988,167.27621459960938,173585400
2015-01-30,166.1002407142217,167.42525868672465,164.9077156934692,165.17271423339844,197729700
2015-02-02,165.66961155632973,167.30932721771725,163.85598072283597,167.21823120117188,163107000
2015-02-03,168.11262191798005,169.6446878126908,167.73996099766435,169.6363983154297,124212900
2015-02-04,168.87449351685765,170.0835848102543,168.53495270967596,168.9904327392578,134306700
2015-02-05,169.6529125727224,170.8454372606485,169.57838293883324,170.6963653564453,97953200
2015-02-06,171.06079833152506,171.62394076730268,169.70264763355704,170.22438049316406,125672000
2015-02-09,169.57844839821885,170.29892707677755,169.05671548674957,169.46250915527344,87219000
2015-02-10,170.49768765305734,171.52457449325172,169.50390825922682,171.26785278320312,96164200
2015-02-11,171.10220422257584,171.79783959611729,170.45625528479763,171.36720275878906,91087800
2015-02-12,172.16224399290283,173.07320421101406,171.40035573613238,173.01522827148438,97545900
2015-02-13,173.13942875474757,173.77708816692638,172.88269445414045,173.72740173339844,93670400
2015-02-17,173.412685833708,174.17458652213574,173.1642536922928,174.00067138671875,76968200
2015-02-18,173.6280152176981,174.09177207607388,173.363004077811,174.01724243164062,80652900
2015-02-19,173.42104776276773,174.25746580654345,173.28026527835587,173.89308166503906,91462500
2015-02-20,173.47897194148132,175.01103783545233,172.8578661957788,174.93650817871094,140896400
2015-02-23,174.68811097887024,174.91171264648438,174.30716045761775,174.91171264648438,74411100
2015-02-24,174.83716514800997,175.6073430307594,174.5390338121766,175.40858459472656,72472300
2015-02-25,175.28434944784004,175.76467280547013,174.9199653395393,175.25950622558594,73061700
2015-02-26,175.16841422758196,175.32576306309747,174.44792285634952,175.05247497558594,72697900
2015-02-27,174.95305374936794,175.21806492067336,174.4064903222998,174.4561767578125,108076000
2015-03-02,174.55554583408522,175.6155652234063,174.50585939965265,175.55760192871094,87491400
2015-03-03,175.1269362441758,175.6072594252525,173.97582103594183,174.8370819091797,110325800
2015-03-04,174.24086485392425,174.31540714911114,173.13115892432225,174.10008239746094,114497200
2015-03-05,174.4230966268628,174.57216861477016,173.7854369969754,174.2906036376953,76873000
2015-03-06,173.42929317901158,173.85993005329047,171.50801255821912,171.83926391601562,188128000
2015-03-09,172.03793321317505,172.90747073616,171.8805844769632,172.55137634277344,89818900
2015-03-10,171.18507375151364,171.26788029001222,169.71097078362848,169.75238037109375,157121300
2015-03-11,170.00902304979164,170.1829381816836,169.2719782268706,169.35479736328125,110145700
2015-03-12,169.98419153228792,171.57422049665473,169.93450510159317,171.5079803466797,93993500
2015-03-13,171.23472289413294,172.19535687729632,169.42109203161417,170.45626831054688,162410900
2015-03-16,171.18505327392148,172.8247691226568,170.48112828051322,172.73367309570312,136099200
2015-03-17,171.99662846553838,172.60116793520493,171.4086427197753,172.22023010253906,94510400
2015-03-18,171.74820407178777,174.96139599219856,171.1105318054684,174.2906036376953,228808500
2015-03-19,173.876525449042,174.29887289622786,173.1063475907249,173.49557495117188,117917300
2015-03-20,174.44469367420336,175.5343990554761,174.26168836055672,175.0269775390625,177715100
2015-03-23,175.0352680996626,175.60923808051962,174.68589782714844,174.68589782714844,71784500
2015-03-24,174.56113747478216,175.0186380320636,173.6377971673957,173.704345703125,77805300
2015-03-25,173.91232923658438,174.14524279752095,171.11735381250836,171.158935546875,159521700
2015-03-26,170.49344462384173,171.6663260245403,169.79469137466845,170.75131225585938,153067200
2015-03-27,170.63482107676123,171.3169211890724,170.44348932341674,171.14224243164062,118939000
2015-03-30,172.17380219828652,173.52970201502546,172.15717457940005,173.23023986816406,96180400
2015-03-31,172.40667436163744,173.10542766496235,171.65802552080422,171.71624755859375,126768700
2015-04-01,171.6829788209666,171.7079329360202,170.11911991581752,171.1090087890625,137303600
2015-04-02,171.0424202482258,172.17371973980016,170.8594149854099,171.7245330810547,86900900
2015-04-06,170.8344874743749,173.39654885986658,170.70140310210584,172.8808135986328,114368200
2015-04-07,172.90579199409237,173.65444087797837,172.39005666043033,172.42332458496094,81236300
2015-04-08,172.64794631435277,173.44650353315095,172.25698151393598,173.00563049316406,89351900
2015-04-09,172.83923512621033,174.0038028212306,172.3484539327972,173.77088928222656,85548900
2015-04-10,174.02043665507665,174.76077166783332,173.82080373926343,174.71917724609375,72722900
2015-04-13,174.5777722030921,175.2099769718649,173.87903158871407,173.92893981933594,74436600
2015-04-14,173.72926696373247,174.44464772149354,173.1053888386908,174.2616424560547,75099900
2015-04-15,174.72751990891874,175.55103114849615,174.6443310577444,175.04360961914062,99529300
2015-04-16,174.71084587168448,175.50108903393541,174.5112002831102,174.99366760253906,68934900
2015-04-17,173.8041451072998,174.04537241941927,172.19869198583558,172.98062133789062,191113200
2015-04-20,173.903967892209,174.89385667427484,173.82079174730367,174.56112670898438,92189500
2015-04-21,175.24320896092908,175.40126012071377,174.05368739890025,174.3531494140625,72559800
2015-04-22,174.69425862660887,175.3930120524366,173.7709181248589,175.2100067138672,78264600
2015-04-23,174.81066901866583,176.29966545157106,174.6942122607432,175.6508331298828,102585900
2015-04-24,176.06678292189486,176.32465059604635,175.60926961638245,176.05845642089844,61327400
2015-04-27,176.62406528021913,176.74883583330077,175.13506898499944,175.32640075683594,79358100
2015-04-28,175.30148992418802,175.93368203726482,174.12859566432547,175.88377380371094,86863500
2015-04-29,174.99370225288143,175.75899145469907,174.35319632844374,175.1600799560547,125684900
2015-04-30,174.58608461209516,174.97704931085852,172.70612345816878,173.40487670898438,161304900
2015-05-01,174.18680399234466,175.32643023772877,174.08698753309534,175.2848358154297,103399700
2015-05-04,175.7090300084097,176.366188735552,175.60089976549773,175.78390502929688,70927200
2015-05-05,175.5427076329979,175.90040444186292,173.62947839731953,173.77088928222656,113326200
2015-05-06,174.31989297658694,174.62766884021258,171.99074505712267,173.0554962158203,135060200
2015-05-07,172.95566748495605,174.17015593221083,172.62293753129305,173.74591064453125,88244900
2015-05-08,175.4179260513807,176.23312338675464,175.33473721002545,176.03347778320312,155877300
2015-05-11,175.99189859029525,176.25808003936282,175.11846651482492,175.19332885742188,75708100
2015-05-12,174.36150511096568,175.20998313991484,173.53798119820593,174.66928100585938,119727600
2015-05-13,175.07690014939882,175.7007784900197,174.46966211852228,174.70257568359375,94667900
2015-05-14,175.7174083707801,176.61579465109463,175.4429003940587,176.5242919921875,95934000
2015-05-15,176.71554565429688,176.85695649425244,176.23307842177277,176.71554565429688,76510100
2015-05-18,176.5492521915636,177.51417435447638,176.48270364708046,177.26463317871094,74549700
2015-05-19,177.3810055196285,177.6555133751335,176.9234924271202,177.20631408691406,72114600
2015-05-20,177.3061757537048,177.83023749274426,176.7654864018446,177.0815887451172,76857500
2015-05-21,176.94017446354965,177.80527994839312,176.77379679588046,177.59732055664062,64764600
2015-05-22,177.214677429024,177.63059623069003,177.1065471717183,177.173095703125,57433500
2015-05-26,176.68230992815077,177.1065552486118,174.85226965592858,175.2681884765625,124308600
2015-05-27,175.7257377359185,177.164813596282,175.31813263873076,176.93190002441406,93214000
2015-05-28,176.62409580961238,176.84036903661448,176.04181197319468,176.73223876953125,74974600
2015-05-29,176.66569965442963,176.70728138630633,175.36803483753582,175.63421630859375,124919600
2015-06-01,176.2996734515906,176.63240343422953,175.2016416617787,175.9918975830078,93338800
2015-06-02,175.5343779627752,176.50762645412786,174.91049974835676,175.81719970703125,91531000
2015-06-03,176.34959907877004,176.9069288357371,175.792269321803,176.28305053710938,87820900
2015-06-04,175.57595090371493,176.23309695766497,174.47791928810233,174.7940216064453,151882800
2015-06-05,174.6443230825445,175.16838489677073,173.8374394957793,174.49459838867188,121704700
2015-06-08,174.38642816048372,174.53616552378108,173.3466311950418,173.42149353027344,89063300
2015-06-09,173.39657592773438,173.93727807931117,172.76438380905586,173.39657592773438,105034700
2015-06-10,174.16180006317958,175.8587555420628,174.10357804288222,175.47610473632812,134551300
2015-06-11,175.91702581659672,176.42444729989205,175.6841122858548,176.04180908203125,73876400
2015-06-12,175.21826032451227,175.9170008174416,174.4196906948547,174.69419860839844,135382400
2015-06-15,173.55454628961573,174.2283325203897,172.84747945645518,173.9455108642578,124384200
2015-06-16,173.79584327368917,174.97706396858496,173.62116446597867,174.8938751220703,85308200
2015-06-17,175.17665100097656,175.78390149721426,174.15349445962744,175.17665100097656,126708600
2015-06-18,175.7755652722538,177.4641942394372,175.20992191251028,176.9983673095703,165867900
2015-06-19,176.7560397831322,176.83126628353637,175.8365622629324,176.21270751953125,130478700
2015-06-22,177.13218450840156,177.70057951585434,176.90649225328806,177.11546325683594,70696000
2015-06-23,177.32443823168492,177.57520599247403,176.84799096530594,177.2408447265625,68476800
2015-06-24,176.97330087956456,177.34944599980352,175.92844623747123,175.95352172851562,92307300
2015-06-25,176.45511032865318,176.58048782172534,175.34338312329731,175.41860961914062,97107400
2015-06-26,175.77801604409242,176.02042951258704,174.83347592995116,175.38516235351562,104174800
2015-06-29,173.90562329995635,175.39349541072858,171.63201839380625,171.70724487304688,202621300
2015-06-30,173.24528270573194,173.29544645073344,171.59023624879336,172.0666961669922,182925100
2015-07-01,173.6381420409531,173.8889097374112,172.66015950388396,173.44589233398438,135979900
2015-07-02,173.92232811672662,174.08950230632675,172.86910648855684,173.28704833984375,104373700
2015-07-06,171.9997821025657,173.571234690276,171.7991654350704,172.7938690185547,117975400
2015-07-07,172.9945193989469,174.005931669229,170.61224543215388,173.88055419921875,173820200
2015-07-08,172.54318399105082,172.8273815068212,170.72931713393493,170.96336364746094,164020100
2015-07-09,173.06145089417922,173.3205856976561,171.16400303405985,171.2726593017578,144113100
2015-07-10,173.2703487371135,173.84711060466248,171.31438368987548,173.42916870117188,129456900
2015-07-13,174.69139531345752,175.45204003194522,174.6495985640824,175.3433837890625,106069400
2015-07-14,175.301592929007,176.41332017593288,175.24307492700046,176.10403442382812,81709600
2015-07-15,176.14583422650855,176.6055729838911,175.569072217663,176.0455322265625,97914100
2015-07-16,177.09872367910233,177.45816040039062,176.8563229520847,177.45816040039062,106683300
2015-07-17,177.44974633930389,177.66708426579632,177.04017148628014,177.6085662841797,89030000
2015-07-20,177.83427547271813,178.1936993785049,177.38290384028775,177.70053100585938,70446800
2015-07-21,177.5667620835762,177.82589673539107,176.69744867786937,176.9983673095703,77965000
2015-07-22,176.31302560874954,177.01517794032756,176.27959585704536,176.68081665039062,88667900
2015-07-23,176.81449864335698,176.91480061758097,175.32662650435347,175.68605041503906,90509100
2015-07-24,175.78635043164496,175.8448556601876,173.52946691847038,173.8638153076172,117755000
2015-07-27,172.97783776306483,173.48772751549507,172.4094300081794,172.85244750976562,132361100
2015-07-28,173.6883023863461,175.11766940495826,172.86078552440136,174.97557067871094,123544800
2015-07-29,175.10091734081814,176.40489389767507,174.95881863957842,176.17921447753906,105791300
2015-07-30,175.6693676290362,176.38822831017677,175.05080893679738,176.22105407714844,91304400
2015-07-31,176.72253321454752,176.7476087055919,175.66932432696382,175.95352172851562,103266900
2015-08-03,175.9201150310407,175.97862026628187,174.4071545973059,175.3600616455078,113965700
2015-08-04,175.2847948551061,175.744533403032,174.5325046890979,175.01731872558594,81820800
2015-08-05,175.91174338222967,176.63060396132454,175.30990602510028,175.5941162109375,85786800
2015-08-06,175.77806812173253,175.8867371401203,173.57133452826318,174.15646362304688,116030800
2015-08-07,173.99757795629148,174.1480309207651,172.91928069259777,173.82203674316406,117858000
2015-08-10,174.9337723852112,176.09565043501362,174.9337723852112,176.01206970214844,80270700
2015-08-11,174.67468743861062,175.0926294552117,173.6632621464217,174.42391967773438,126081400
2015-08-12,173.11988024460172,174.81672320019484,171.6570837136026,174.63282775878906,172123700
2015-08-13,174.47407837264055,175.1595094322887,173.87224082183005,174.4155731201172,89383300
2015-08-14,174.22325170871736,175.12600772977814,174.0811529953894,175.05078125,72786500
2015-08-17,174.45737046858608,176.02882385253906,173.9976316775711,176.02882385253906,79072600
2015-08-18,175.75295212180188,176.10402184503204,175.284859157495,175.51890563964844,71692700
2015-08-19,174.77499973400174,175.54401155928704,173.32056959350558,174.13137817382812,172946000
2015-08-20,172.61836329246614,174.10623547356118,170.43670600935428,170.49522399902344,194327900
2015-08-21,168.62277938021884,170.47008757649,165.10371689393864,165.3628387451172,346588500
2015-08-24,156.71987190379426,165.07034363018442,152.46521329774097,158.39999389648438,507244300
2015-08-25,163.35678309850042,163.3735043476429,156.243415760208,156.53598022460938,369833100
2015-08-26,160.55658221227628,162.82182045521694,157.45544730866962,162.54598999023438,339257000
2015-08-27,164.6858505688254,166.6919668394145,163.17290274119117,166.56658935546875,274143900
2015-08-28,165.9229171193844,167.04299823430685,165.43810303503588,166.5749053955078,160414400
2015-08-31,165.5969474230745,166.44955250791443,164.67747010073978,165.22915649414062,163298800
2015-09-01,161.42585968397782,162.8050754726631,159.4280981063428,160.29742431640625,256000400
2015-09-02,162.6797172217289,163.38186937689952,160.84077523011493,163.34007263183594,160269300
2015-09-03,164.0505780006922,165.5468174006703,162.96393907885664,163.4571075439453,152087800
2015-09-04,161.20024817761805,162.04448649759297,160.16374733803622,160.98291015625,207081000
2015-09-08,163.78310551299384,165.17903019862646,163.1394712911374,165.028564453125,116025700
2015-09-09,166.60834216995147,166.73371962083738,162.4539992362937,162.82177734375,149347700
2015-09-10,162.62960340291133,164.85305810093504,162.37048138069403,163.70790100097656,158611100
2015-09-11,163.31502521644617,164.5187002556144,162.60451869192718,164.4518280029297,119691200
2015-09-14,164.62733141681923,164.67748241004523,163.35678431859728,163.8415985107422,79452000
2015-09-15,164.34310579897624,166.3325132199818,163.79978645933429,165.88949584960938,113806200
2015-09-16,166.19041977275248,167.51947192594085,165.84770436080095,167.32720947265625,99581600
2015-09-17,167.19347850406095,169.59246088923587,166.57491991056307,166.95106506347656,276046600
2015-09-18,164.44132249149104,166.93679233260318,163.81115036110563,164.2228546142578,223657500
2015-09-21,165.05467924749908,166.09655558562346,164.02120058856195,165.0714874267578,105726200
2015-09-22,162.90370344182836,163.3910381019392,161.79459432139305,162.9289093017578,153890900
2015-09-23,163.09692361831407,163.56745001444625,162.08865093790467,162.6684112548828,92790600
2015-09-24,161.4501499196142,162.54245121687745,160.1141876230847,162.080322265625,159378800
2015-09-25,163.5422434508639,163.84472653576523,161.16439280417225,162.03823852539062,155054800
2015-09-28,161.1392111367556,161.2484450735252,157.66066154868136,157.97154235839844,178515900
2015-09-29,158.19003749953106,159.4251760927764,157.06412004099744,158.06399536132812,159045600
2015-09-30,159.95454684955038,161.18128802885317,159.17313927039686,161.01324462890625,163452000
2015-10-01,161.39125928266085,161.7357564021295,159.49234551780697,161.4332733154297,131079000
2015-10-02,159.4503305630042,163.869932417839,158.90417378193294,163.8447265625,211003300
2015-10-05,165.07150392864102,166.98722628735067,164.96226998386578,166.76036071777344,126320800
2015-10-06,166.62593361163326,167.1888859175835,165.52523486261958,166.1890106201172,110274500
2015-10-07,167.1216304200561,167.90305046579965,165.92850615424473,167.55015563964844,124307300
2015-10-08,167.16364949767825,169.3482512350333,166.8611663774427,169.0625762939453,153055200
2015-10-09,169.20542041114757,169.64233051907377,168.53323424856578,169.1634063720703,107069200
2015-10-12,169.23907675402643,169.5247517954694,168.81056419186194,169.32310485839844,56395600
2015-10-13,168.59203758650224,169.86079228825207,168.08790759835043,168.25595092773438,88038700
2015-10-14,168.19715993141767,168.77692042315795,167.15528340331548,167.44935607910156,99106200
2015-10-15,168.11313728403783,170.02885971648277,167.7434342144632,170.0204620361328,134142200
2015-10-16,170.42375399346568,170.8102523905057,169.6591420581285,170.79345703125,114580100
2015-10-19,170.14646115682586,170.87745666503906,169.83558036751842,170.87745666503906,76523900
2015-10-20,170.44057202868953,171.27239109091616,170.1885005955447,170.65902709960938,78448500
2015-10-21,171.07917199047438,171.23040718444668,169.43231611552224,169.60037231445312,102038000
2015-10-22,170.5497324054414,172.67551141754842,169.60028205538418,172.4654541015625,174911700
2015-10-23,174.13760873201892,174.72576696934874,173.33939306557932,174.35606384277344,144442300
2015-10-26,174.17962274859224,174.23843216186992,173.5578481430269,173.92755126953125,69033000
2015-10-27,173.25530069206067,173.92748678002485,172.91080355910756,173.59140014648438,77905800
2015-10-28,173.92750355326413,175.5911543452303,173.2637279006993,175.56594848632812,135906700
2015-10-29,175.06179663643488,175.8348061283462,174.94416503594584,175.46510314941406,90525500
2015-10-30,175.65837148776131,175.97766279002747,174.54927525080592,174.7089080810547,131076900
2015-11-02,175.0365954494891,176.96911282037263,174.91055334646418,176.77586364746094,86270800
2015-11-03,176.42297110123278,177.84296086237885,176.1961055695823,177.2884063720703,95246100
2015-11-04,177.5825491672903,177.70857849176633,176.21297067717566,176.75071716308594,96224500
2015-11-05,176.80946669781952,177.27159543254461,175.6835623774952,176.57420349121094,78408700
2015-11-06,176.2297072006126,176.71704175856806,175.1542146661186,176.4817657470703,110471500
2015-11-09,175.86845501142494,176.0197030058444,173.88551264837628,174.83497619628906,131008700
2015-11-10,174.35602243429958,175.27188235158212,174.087155655755,175.23826599121094,75874600
2015-11-11,175.50710100539192,175.55751271225728,174.48202022952364,174.5492401123047,67846000
2015-11-12,173.50736316291074,173.97788955404522,172.0957839895073,172.11257934570312,121315200
2015-11-13,171.7008950599256,171.9697618199223,170.09605371636437,170.18006896972656,153577100
2015-11-16,169.9952579618973,172.82682759682015,169.87761351044455,172.76800537109375,117645200
2015-11-17,173.07881424506243,173.96104463164716,172.14615933789355,172.6418914794922,121123700
2015-11-18,173.12085393898545,175.5239104525939,173.07885272714665,175.38107299804688,121342500
2015-11-19,175.26349245945312,175.6500037238599,174.93580342217007,175.22988891601562,88220500
2015-11-20,175.9860245336429,176.5489766268179,175.49029232305503,175.86839294433594,94011500
2015-11-23,175.92724764453766,176.43137762573497,175.20464979935923,175.66677856445312,64931200
2015-11-24,174.65853522344543,176.30539099731106,174.27203675975926,175.90208435058594,98874400
2015-11-25,176.02814255814042,176.2298023250398,175.61642534188763,175.8769073486328,51980100
2015-11-27,175.9692725230474,176.28016618185288,175.49034833546534,176.07850646972656,37317800
2015-11-30,176.23816025391488,176.35579188618337,175.23828496918972,175.34751892089844,112822700
2015-12-01,175.97767012472167,177.1371909479036,175.70039284870492,177.01954650878906,97858400
2015-12-02,176.9691196566122,177.28841094488294,174.96097181798655,175.21304321289062,108441300
2015-12-03,175.46512244925123,175.7339892138497,172.03698465965167,172.75958251953125,166224200
2015-12-04,172.75957555460377,176.42297642336592,172.75957555460377,176.12889099121094,192913900
2015-12-07,175.80122188532042,176.22133665250286,174.0955569562305,175.06182861328125,102027100
2015-12-08,173.49898441928113,175.01138717844287,172.9024158662772,173.88548278808594,103372400
2015-12-09,173.2468843716996,175.33904715900064,171.55801524454498,172.53268432617188,162401500
2015-12-10,172.59992666728508,174.28878319329965,172.36466345433428,172.97802734375,116128900
2015-12-11,170.86062632763822,171.52440180642807,169.3145947347069,169.62548828125,211173300
2015-12-14,169.78518000646062,170.60860132073222,168.00388476098058,170.48255920410156,182385200
2015-12-15,171.99500051913554,173.17972735944812,170.4573787771975,172.27227783203125,154069600
2015-12-16,173.39816935138043,175.09543664417558,172.07901561545526,174.79295349121094,197017000
2015-12-17,175.1038164735659,175.1710363696927,172.1126016107863,172.12940979003906,173092500
2015-12-18,171.38729453922076,171.52252154037956,168.9023162201679,169.0629119873047,251393500
2015-12-21,170.23781010837587,170.63506931648848,169.12210010333064,170.4575653076172,99094300
2015-12-22,171.3450398183421,172.30015391894648,170.3561221898982,172.0043182373047,111026200
2015-12-23,173.01016544709367,174.17658720802717,172.91718961256726,174.1343231201172,110987200
2015-12-24,173.8807402551436,174.39633114107903,173.6271686412562,173.846923828125,48539600
2015-12-28,173.15379511806398,173.49188191389518,172.37618516990457,173.4496307373047,65899900
2015-12-29,174.5484659304294,175.63035944290874,174.51466240068416,175.30072021484375,92640700
2015-12-30,175.05562110545048,175.14014928136507,173.91455521654785,174.05824279785156,63317700
2015-12-31,173.38206059532405,174.0244308507707,172.3170623779297,172.3170623779297,114877900
2016-01-04,169.46017121139246,169.91658974704953,167.85422643642048,169.90814208984375,222353500
2016-01-05,170.22929912718922,170.6519140832122,169.08824648423808,170.19549560546875,110845800
2016-01-06,167.64294053081133,169.0967373830813,167.01747849014774,168.0486602783203,152112600
2016-01-07,165.0987695370902,166.8822052675258,163.62806476457075,164.01687622070312,213436100
2016-01-08,164.98045866166842,165.53831360060605,161.92917760723282,162.216552734375,209817200
2016-01-11,163.13783807353647,163.47593781271146,160.4415652002888,162.37713623046875,187941300
2016-01-12,163.82251103515432,164.4395254227884,161.55728756572674,163.68727111816406,172330500
2016-01-13,164.3549862801032,164.70153370781395,159.2244464071734,159.60479736328125,221168900
2016-01-14,160.21339738466008,163.34919440769588,158.6159127188971,162.22503662109375,240795600
2016-01-15,157.8636572556273,159.54565719734782,156.8071194441184,158.74269104003906,324846400
2016-01-19,160.55990909796947,160.68668844906233,157.38183579391037,158.95396423339844,195244400
2016-01-20,156.39292313915038,158.4806425014782,153.00355510783967,156.91696166992188,286547800
2016-01-21,157.39029842299223,159.63860062752195,156.0632810105243,157.79600524902344,195772900
2016-01-22,160.40783475668354,161.23615699156855,159.64713250587795,161.03330993652344,168319600
2016-01-25,160.5261383503218,160.7205377097093,158.40461492283907,158.59901428222656,130371700
2016-01-26,159.25826297444084,161.0416991030109,158.92017607403994,160.7627716064453,141036800
2016-01-27,160.23864196225827,161.9121930932192,158.10865958828361,159.0130615234375,185681700
2016-01-28,160.5599425643283,160.7627895683574,158.19329530553264,159.84149169921875,143798800
2016-01-29,160.61061231496032,163.8732007142099,160.4922806278243,163.7379608154297,210529300
2016-02-01,162.73216408290494,164.4648885160024,162.14895320031806,163.67881774902344,136061600
2016-02-02,162.2503440754742,162.25879173184157,160.20487628226638,160.7289276123047,182564900
2016-02-03,161.78548070059944,162.09821167988892,158.14254138972404,161.6925048828125,205054900
2016-02-04,161.1938668084789,162.91813084538626,160.55994412036455,161.9461212158203,139531800
2016-02-05,161.43051462671764,162.00526495100985,158.22708506365447,158.8610076904297,180788300
2016-02-08,157.01836981803837,157.31419255920386,154.50803586041826,156.7225341796875,191526700
2016-02-09,154.9814134783294,158.00733921014103,154.84617354795813,156.7310333251953,184513100
2016-02-10,157.55937189276221,159.19066006281625,156.4690176624034,156.59580993652344,148214100
2016-02-11,154.11926880693227,155.6068821864375,153.06273107589232,154.5587921142578,219058900
2016-02-12,156.33379779484181,157.76222613011902,155.488567517376,157.74533081054688,127632400
2016-02-16,159.55412843064954,160.4331622738821,158.59056639796398,160.40780639648438,120250700
2016-02-17,161.57420294874984,163.3999032175602,161.44741068450003,163.0279998779297,136009500
2016-02-18,163.29849670683265,163.35766902041428,162.04755943324454,162.36029052734375,102343000
2016-02-19,161.58263715473004,162.43631491530687,160.97407044912688,162.2841796875,114793000
2016-02-22,163.86474867785222,164.7775986962907,163.79712872494707,164.6339111328125,103640300
2016-02-23,163.97465273403023,164.24513257867517,162.43632763628713,162.55467224121094,111455300
2016-02-24,161.12621208575905,163.57737412554178,160.01896275957054,163.29844665527344,150812200
2016-02-25,163.74639621495925,165.28472092975863,162.98569441134163,165.27626037597656,110728300
2016-02-26,166.14685412788492,166.23981703922124,164.7353087901888,164.89590454101562,129833700
2016-02-29,164.9128312909009,165.85948479522963,163.40832287272696,163.60272216796875,125918100
2016-03-01,164.82828365069315,167.5330297386058,164.354956954464,167.44850158691406,141799700
2016-03-02,167.13574447035765,168.25144109431767,166.72157722741514,168.2007293701172,102415000
2016-03-03,168.0232944198999,168.8769851183664,167.4485441134209,168.86007690429688,95172200
2016-03-04,169.05445926898167,170.18707734864023,168.22613742329827,169.40945434570312,129293600
2016-03-07,168.48810993732056,169.95036681808796,168.41204234852233,169.54464721679688,100219000
2016-03-08,168.47130300471764,168.97843342659024,167.53309689248437,167.6936798095703,123974900
2016-03-09,168.505033929405,168.86847659694155,167.71896341330543,168.52194213867188,94801200
2016-03-10,169.0122651739037,169.95047137114787,166.83156933984455,168.65725708007812,156838700
2016-03-11,170.11100010344728,171.42110929799443,168.64030802842734,171.37884521484375,137964500
2016-03-14,170.87175870754606,171.61555259346525,170.54211940997521,171.1591339111328,73612000
2016-03-15,170.19553839216928,171.18445609021217,169.9335191171137,170.8801727294922,93169100
2016-03-16,170.39840264831153,172.27481460482147,170.35613856156,171.8690948486328,129303200
2016-03-17,171.78454248728832,173.46654186106701,171.38728337252377,172.95941162109375,134278500
2016-03-18,173.46064914307334,173.97889914453387,173.14630524444627,173.63906860351562,138372400
2016-03-21,173.37570643415262,174.11484502690527,173.14631367775516,173.8854522705078,72926700
2016-03-22,173.1123485254018,174.36124610349137,172.9509374130184,173.79202270507812,97471900
2016-03-23,173.4097672034792,173.59667798860747,172.4752132778379,172.6451416015625,81052500
2016-03-24,171.61709783714622,172.60262487660995,171.39620920983543,172.56863403320312,84360900
2016-03-28,172.98487611595067,173.1972734387705,172.2202509392807,172.6705322265625,62408200
2016-03-29,172.26276003646242,174.37824252994776,171.95690730202728,174.26779174804688,92922900
2016-03-30,175.27032421900458,175.7545835143622,174.66710994321056,175.03244018554688,86365300
2016-03-31,174.93895959263287,175.36375430022682,174.4461961761792,174.6076202392578,94584100
2016-04-01,173.61368010469423,175.9840299329567,173.29932306465736,175.797119140625,114423500
2016-04-04,175.72059242996414,175.9244985706201,174.92197625036152,175.2278289794922,63497000
2016-04-05,173.88549100305198,175.23633527129175,173.2228121935869,173.47769165039062,99662200
2016-04-06,173.47770275458515,175.43176143021483,173.2992832342897,175.37228393554688,91839800
2016-04-07,174.2848021043923,174.64162816452992,172.54314091080727,173.27378845214844,113859000
2016-04-08,174.45472576278593,174.88802475657786,173.20582801075355,173.74107360839844,95040600
2016-04-11,174.37824339944453,175.07491300612878,173.23979659036752,173.333251953125,83757500
2016-04-12,173.5031796002762,175.22784535626184,173.06138940275196,174.94747924804688,115350600
2016-04-13,175.8650101881761,176.79956373697718,175.72907276949485,176.714599609375,96336400
2016-04-14,176.77413080152618,177.22441229447622,176.3748226151426,176.72314453125,65212900
2016-04-15,176.72312719696814,176.85906464361813,176.20487702485997,176.52772521972656,75761600
2016-04-18,176.52770580484832,177.80209005868852,175.86502702994795,177.7681121826172,82531000
2016-04-19,178.19291768689132,178.583721621976,177.5132434510871,178.32884216308594,88316100
2016-04-20,178.3713025834669,179.19540538775044,177.89553456526323,178.49874877929688,81100300
2016-04-21,178.5157649326934,178.62621573052118,177.26686716730248,177.5387420654297,85695000
2016-04-22,177.18191598441922,177.8106039998482,176.63817915187346,177.5387420654297,99251700
2016-04-25,176.9354876391209,177.2753311847621,176.32378222067248,177.23284912109375,66166500
2016-04-26,177.59816239988538,178.00597464558777,177.02044783069846,177.4962158203125,75864200
2016-04-27,177.11394452979732,178.25239147981213,176.75711845428708,177.86158752441406,77329400
2016-04-28,177.1054540237371,178.20991013466426,175.83106962155173,176.2473602294922,97216200
2016-04-29,175.62710041549644,175.97543513836212,174.19129243017042,175.29576110839844,142424100
2016-05-02,175.79706110583365,176.86753922912456,175.36377511958173,176.6891326904297,62188000
2016-05-03,175.45723519883327,175.6951192326224,174.4037395036904,175.15138244628906,106422100
2016-05-04,174.15736446689803,174.88801198982688,173.6730922065313,174.17434692382812,92243800
2016-05-05,174.64162030796456,174.9984463520497,173.71557083900257,174.14036560058594,67619200
2016-05-06,173.36719024929846,174.819993654363,173.2142703980832,174.7775115966797,89315000
2016-05-09,174.650150382527,175.35529838319349,174.47173085218958,174.92201232910156,74374900
2016-05-10,175.62715279540032,177.1139345077505,175.55918407576223,177.09693908691406,77472200
2016-05-11,176.63818635257326,177.1734190140535,175.4402618408203,175.4402618408203,81727000
2016-05-12,176.1114229761982,176.28135126764383,174.48021249524697,175.49122619628906,89586300
2016-05-13,175.19384438205137,175.74607233337468,173.63909414893814,173.96192932128906,96474600
2016-05-16,174.13191506868455,176.1539297910658,174.07243756558287,175.67816162109375,77486800
2016-05-17,175.40621516619194,175.69507242115859,173.51162166541314,174.0383758544922,114924900
2016-05-18,173.69010833541265,175.27034558672304,173.0019428001775,174.08941650390625,120062100
2016-05-19,173.36724877245652,173.77504814372764,172.279775139928,173.48619079589844,115430500
2016-05-20,174.09786585989488,175.1003881365985,174.04689256787208,174.58213806152344,104990400
2016-05-23,174.59910471830312,174.8794707627664,174.15732758494116,174.34423828125,58682600
2016-05-24,175.15987214221596,176.91852869488514,175.13438549336922,176.6041717529297,93537800
2016-05-25,177.28385859501512,178.21841233163534,176.60418432871938,177.80210876464844,76621400
2016-05-26,177.93805252659968,178.16744535440486,177.53874436711646,177.85308837890625,55280700
2016-05-27,178.01444641062378,178.6261517485952,177.96347312641018,178.61766052246094,64211200
2016-05-31,178.88955273186752,179.0000035088857,177.7171151410786,178.27784729003906,109879400
2016-06-01,177.6661679449455,178.82161028659505,177.47076597234752,178.64320373535156,69936200
2016-06-02,178.24387532557296,179.20390262173052,177.76810729142292,179.18692016601562,63044700
2016-06-03,178.62623148616456,179.00005302220788,177.4453023411421,178.65171813964844,101757100
2016-06-06,179.00844344096353,179.91751011563406,178.847019417334,179.56068420410156,64887000
2016-06-07,179.7136617341384,180.40182713900126,179.68817508682545,179.84109497070312,60974800
2016-06-08,179.9770105373412,180.55473805490792,179.84957731625556,180.4272918701172,66170900
2016-06-09,179.69663605830496,180.29985019179415,179.424774211506,180.180908203125,73786900
2016-06-10,178.80462126420403,179.14445189656794,177.9295321066371,178.47328186035156,113829200
2016-06-13,177.87006868862602,178.72814946710477,177.01198791014727,177.09693908691406,117751200
2016-06-14,176.71464882670367,177.34334984042636,175.7970904406122,176.74862670898438,125059300
2016-06-15,176.748541926602,177.87000595956422,176.3152560758865,176.50216674804688,109124500
2016-06-16,176.50223504979886,177.19890472720832,174.66711844773843,177.0289764404297,149533100
2016-06-17,176.92483570503603,176.95045490253258,175.7121459093967,176.36973571777344,117055700
2016-06-20,178.3338816172478,179.00854191906885,177.4200871876243,177.5054931640625,82789600
2016-06-21,177.889823587045,178.41930424189601,177.44573589171452,178.00938415527344,72461700
2016-06-22,178.188718513434,178.91463034063102,177.57383186786404,177.71902465820312,95560500
2016-06-23,179.17936322509908,180.08460935149466,178.71820477564012,180.0333709716797,102731400
2016-06-24,173.90158969879573,180.06752624940424,173.12443957515057,173.5685272216797,333444400
2016-06-27,172.15942810806536,172.16797652592734,169.6486431080972,170.4599609375,230775800
2016-06-28,172.06548362968255,173.5599972426327,171.75804030805926,173.5343780517578,159382400
2016-06-29,174.93489683982207,176.71976942477082,174.83242010763226,176.48919677734375,137328600
2016-06-30,176.95894904941898,178.9487756107237,176.40383620128068,178.8975372314453,165021900
2016-07-01,178.8975042330917,179.76006022892233,178.73524070789102,179.2732696533203,106055300
2016-07-05,178.4448925195293,178.55591768190934,177.38593139327895,177.98373413085938,109803700
2016-07-06,177.48838839477244,179.17078428909844,176.8307989410261,179.0512237548828,96021500
2016-07-07,179.23062137922298,179.89674645255874,178.1716599965484,178.9402618408203,85593800
2016-07-08,180.23834693966376,181.85242114379284,180.00776118732395,181.60475158691406,133971000
2016-07-11,182.06587444942394,182.81740527485772,181.86090794309075,182.24520874023438,73633900
2016-07-12,183.21027279368047,183.86786237841264,182.27085910120599,183.56895446777344,101275600
2016-07-13,183.98739202620553,183.99592741065823,183.05652690712833,183.54330444335938,87324100
2016-07-14,184.80725159441695,185.03783731031177,184.17529426872974,184.56813049316406,91230900
2016-07-15,185.13180036772673,185.3282185029604,183.87640792347915,184.32049560546875,107155400
2016-07-18,184.4400456808458,184.97807470667493,184.18384076230222,184.81581115722656,58725900
2016-07-19,184.39732871638222,184.66206900073772,184.1496722336013,184.62791442871094,54345700
2016-07-20,184.62792842682754,185.63565126705168,184.62792842682754,185.3965301513672,58159500
2016-07-21,185.28552597358498,185.50756329594216,184.2521708690835,184.69625854492188,67777300
2016-07-22,184.81576936709695,185.57583553386687,184.551029122543,185.52459716796875,62787500
2016-07-25,185.31965984273972,185.3708982167028,184.44003300671332,185.020751953125,55873100
2016-07-26,184.9182879161025,185.46485232781606,184.2606983324223,185.10617065429688,70080500
2016-07-27,185.48195844957993,185.55028063815573,184.14115993213971,184.90977478027344,84083900
2016-07-28,184.71329695254167,185.41358943524244,184.2521385850259,185.12322998046875,65035700
2016-07-29,184.85843841173323,185.78075489081644,184.57661441991186,185.4220733642578,79519400
2016-08-01,185.48188871317655,185.87472486088473,184.8157639139147,185.2683868408203,73311400
2016-08-02,185.02077583861927,185.17450401147684,183.24445116667687,184.0813751220703,92295500
2016-08-03,184.021551542253,184.67914103418707,183.72265670491691,184.61935424804688,53993600
2016-08-04,184.7304051740042,185.13178983912698,182.97115138106105,184.81581115722656,46585500
2016-08-05,184.81579320588517,186.37008030679934,184.81579320588517,186.32737731933594,71892200
2016-08-08,186.5152950525933,186.61778484796963,185.95165981808444,186.21640014648438,39906500
2016-08-09,186.28468736299476,186.82270330544242,186.00286328308303,186.32737731933594,51251700
2016-08-10,186.43845568079632,186.51531326148844,185.51612561911315,185.86627197265625,57941100
2016-08-11,186.3956820855218,186.97641399232035,186.130941831544,186.72874450683594,72504300
2016-08-12,186.4213660374062,186.78006079832295,186.16517410978778,186.56655883789062,61313500
2016-08-15,186.93370854575915,187.45465366260393,186.92517316162494,187.10450744628906,49813500
2016-08-16,186.68610608441162,186.754415239482,186.13954162597656,186.13954162597656,53213600
2016-08-17,186.17367586661427,186.62629889847904,185.33675198161646,186.48965454101562,75134300
2016-08-18,186.4640696208249,186.94231192871393,186.35305746221707,186.9081573486328,52989300
2016-08-19,186.43840854877823,186.81417400089106,185.95163096299396,186.63482666015625,75443000
2016-08-22,186.3957112750905,186.85688271905013,186.0284942281625,186.6262969970703,61368800
2016-08-23,187.24116576255827,187.54007363414905,186.9422578909675,187.00204467773438,53399200
2016-08-24,186.8568673660783,186.95080872426826,185.6270943247268,186.04556274414062,71728900
2016-08-25,185.66127554317524,186.33594894822622,185.5075604065047,185.91748046875,69224800
2016-08-26,186.10535078200306,187.13015738473075,184.67915952994585,185.56732177734375,122506300
2016-08-29,185.69540895608844,186.74583462328442,185.66124135570402,186.48109436035156,70502200
2016-08-30,186.39571284425205,186.67753694435032,185.6185757536911,186.17367553710938,58114500
2016-08-31,185.8406289512786,185.9601895162898,184.8670606272948,185.6442108154297,85269500
2016-09-01,185.63565667514803,185.9430999801453,184.49128944087306,185.65274047851562,97844200
2016-09-02,186.50673834347933,186.9166583847464,185.91747095415118,186.48965454101562,79293900
2016-09-06,186.77150532691024,187.13018704315655,186.0541418944176,187.05332946777344,56702100
2016-09-07,186.89102937094438,187.21555644507737,186.42987097765442,187.0362091064453,76554900
2016-09-08,186.70319431559915,186.97648308593327,186.30180957862453,186.6092529296875,74102900
2016-09-09,185.29402068317268,185.34525905161283,182.11711152867053,182.14273071289062,221589100
2016-09-12,181.3827292905529,185.15744247689145,181.31440709785718,184.7560577392578,168110900
2016-09-13,183.4750201242403,183.73976043922337,181.47664513586105,182.10006713867188,182828800
2016-09-14,182.15125303304183,183.3554067295064,181.47659284509885,182.0316925048828,134185500
2016-09-15,181.8694931310886,184.2350851766038,181.6901457728944,183.8507843017578,134427900
2016-09-16,183.23453738348098,183.41479072727432,182.45347448558053,183.14012145996094,155236400
2016-09-19,183.79235460148155,184.43609561305325,182.84819587906532,183.1743621826172,80250500
2016-09-20,184.03271111719636,184.18720269659795,183.148641043208,183.18296813964844,69665300
2016-09-21,183.88684635353547,185.42323643914656,183.20018637179064,185.2429962158203,110284400
2016-09-22,186.25580196538942,186.71071140169641,186.00689444431455,186.41029357910156,76678700
2016-09-23,186.01545659349085,186.15279119157253,185.29446959898425,185.38888549804688,73630900
2016-09-26,184.55631536636452,184.73655556931107,183.68940216236516,183.88682556152344,89827300
2016-09-27,183.72374408609076,185.12279941090966,183.35465898167763,185.0283966064453,78494800
2016-09-28,185.25156939742342,186.10131257383443,184.29025330876007,185.94680786132812,87411000
2016-09-29,185.74079483696008,186.14420704939064,183.71515527343914,184.2644805908203,128070600
2016-09-30,185.0970969916479,186.3588311267156,184.84818942415677,185.65501403808594,117202900
2016-10-03,185.24291257459961,185.43173121479765,184.57340989940488,185.2085723876953,83512100
2016-10-04,185.3202256217932,185.54338452990322,183.6722496696497,184.2644805908203,119948100
2016-10-05,184.89109370191122,185.50908641765957,184.8224263893891,185.07992553710938,72816000
2016-10-06,184.85665750511777,185.43173121479765,184.31592398234216,185.2085723876953,62927400
2016-10-07,185.48328763260932,185.65494931899855,183.8438903691559,184.57345581054688,89788300
2016-10-10,185.53477478027344,185.99826261811654,185.3888616998979,185.53477478027344,51855000
2016-10-11,185.10567154445468,185.17433885601315,182.46203898573143,183.1916046142578,130367400
2016-10-12,183.32890778506237,183.95549198417868,182.83107968438495,183.43191528320312,73866100
2016-10-13,182.10153487758862,183.32892862112476,181.28613188259507,182.8311004638672,101357000
2016-10-14,183.80956151455825,184.2730625030485,182.84824553390877,182.9254913330078,93346200
2016-10-17,182.89972992564168,183.15722900155498,182.11007569726877,182.2903289794922,58275700
2016-10-18,183.88682468440092,183.94690038611378,183.05425168289966,183.43191528320312,76869700
2016-10-19,183.69798368773058,184.23013886318134,183.33749020465612,183.921142578125,66519200
2016-10-20,183.56921296847952,184.1357082954343,182.91689335064908,183.5778045654297,73639800
2016-10-21,183.57782621169983,183.7494879106389,182.6164971231346,183.6636505126953,89089100
2016-10-24,184.5391333016309,184.81380248424253,184.09280242836073,184.44471740722656,60146600
2016-10-25,184.26449104867996,184.52199017077416,183.66366849509308,183.82675170898438,66542300
2016-10-26,183.00276269752138,184.0413245480299,182.76242058903588,183.45767211914062,75705500
2016-10-27,184.17866626831315,184.21299337259487,182.89118375808377,182.9684295654297,77220200
2016-10-28,182.94264095250443,183.62070916360392,181.71524751439193,182.42764282226562,140623200
2016-10-31,182.76238677756908,182.98555874481494,182.27315034350397,182.4362335205078,61272500
2016-11-01,182.7624168621641,182.81392716097056,179.90421738346265,181.11444091796875,122781800
2016-11-02,180.80541562522504,181.1916707711364,179.58660068782996,180.02435302734375,103330800
2016-11-03,180.23893794516417,180.4535183218848,178.92570708738964,179.2003631591797,88939300
2016-11-04,179.31191062869206,180.1530618576069,178.85700137551763,179.00291442871094,109122100
2016-11-07,179.0029616433653,182.985573106403,179.0029616433653,182.95123291015625,109794900
2016-11-08,182.55640778089457,184.341718129742,182.29033020287906,183.7752227783203,106772100
2016-11-09,182.28175479937755,186.3416254149627,182.25600619902065,185.7236328125,258429000
2016-11-10,186.513269641377,187.38016966505043,184.7279593011942,186.18710327148438,172113300
2016-11-11,185.46616934738674,185.99832465294227,184.8138495180944,185.75799560546875,100552700
2016-11-14,186.28151793340604,186.48751981254912,185.15711884076237,185.9038543701172,94580000
2016-11-15,186.290077346994,187.35440063476562,186.08408858590283,187.35440063476562,91652600
2016-11-16,186.73644010696472,187.23426819301946,186.6162756101203,187.0025177001953,65617700
2016-11-17,187.15702752907129,188.02392763030738,187.04544153003013,187.96385192871094,69797200
2016-11-18,188.03249293841097,188.2041546150475,187.36299013471958,187.54324340820312,86265800
2016-11-21,188.11832125486393,188.98522125344928,187.97240817175233,188.95947265625,72402600
2016-11-22,189.2684939642912,189.508822967917,188.5990041546267,189.32858276367188,67429000
2016-11-23,188.813586973485,189.48307679171555,188.61617666732693,189.43157958984375,56620200
2016-11-25,189.77489776013326,190.1697183342997,189.69763886784216,190.13539123535156,37872300
2016-11-28,189.8264176025209,190.1010737177132,189.13975766911682,189.2427520751953,76572500
2016-11-29,189.27710198994313,190.06675636995516,188.9766841608632,189.61184692382812,69886700
2016-11-30,190.2297620223161,190.39284517178172,189.09677157146706,189.1568603515625,113291800
2016-12-01,189.45735898916308,189.45735898916308,188.1012090326381,188.4617156982422,79040500
2016-12-02,188.5475128071081,189.0453409292025,188.19559779196308,188.55609130859375,74840300
2016-12-05,189.38868432882037,190.03242562578706,189.19127399822997,189.68910217285156,67837800
2016-12-06,189.87794147185406,190.32427245579137,189.39728338005267,190.28993225097656,59877400
2016-12-07,190.13540536392824,192.83911317744608,190.01524086325963,192.77903747558594,110738100
2016-12-08,192.75326842189756,193.72316282546717,192.48717775148606,193.25108337402344,99714400
2016-12-09,193.47431095396163,194.43562713358634,193.43997074928893,194.41845703125,88005800
2016-12-12,194.32404026579505,194.80471145046042,193.77471486598523,194.19529724121094,102016100
2016-12-13,194.85615295459598,195.98913053789093,194.83898285724317,195.49130249023438,110477500
2016-12-14,195.19096262236184,195.894779684129,193.43997882556818,193.8777313232422,142501800
2016-12-15,194.1180299970146,195.5342554988994,193.88627948139643,194.67593383789062,124972600
2016-12-16,195.13270755664146,195.19315054171125,193.9757803415458,194.29522705078125,156420200
2016-12-19,194.476516159919,195.14132303377673,194.3297430116391,194.71826171875,90341100
2016-12-20,195.25354568789194,195.61617718563676,195.02044237752733,195.46939086914062,89838800
2016-12-21,195.33986456397218,195.5125380525151,194.92544555664062,194.92544555664062,67909000
2016-12-22,194.77870519756837,194.89957797729542,194.19159942879057,194.58876037597656,56219100
2016-12-23,194.6318832783898,194.882271031124,194.4419516656797,194.87364196777344,36697800
2016-12-27,195.14131729197032,195.75431023591776,195.1240459885206,195.35716247558594,42672500
2016-12-28,195.61614696434052,195.63340509079023,193.63036896881238,193.7425994873047,64095000
2016-12-29,193.8117086894327,194.16569796168298,193.25914553178495,193.69947814941406,48696100
2016-12-30,194.0275551350218,194.11389848095968,192.30079360942415,192.9915008544922,108998300
2017-01-03,194.2951630733348,194.97724112010118,193.29365159666258,194.4678497314453,91366500
2017-01-04,194.79593516853652,195.77155950439442,194.78730610485513,195.62478637695312,78744400
2017-01-05,195.35716033330948,195.62480625019472,194.67508218304283,195.46939086914062,78379000
2017-01-06,195.58164118486133,196.63496675886233,195.03770709401715,196.1687469482422,71559900
2017-01-09,195.90969783980825,196.0478418995289,195.48663659721726,195.52117919921875,46939700
2017-01-10,195.53843732607686,196.37591757368713,195.1326473844866,195.52117919921875,63771900
2017-01-11,195.43483932065197,196.07374572753906,194.7700325488776,196.07374572753906,74650000
2017-01-12,195.55571889690535,195.7715640612507,194.2261184811609,195.5816192626953,72113200
2017-01-13,195.75427524526074,196.33273865305418,195.7197458186779,196.0305633544922,62717900
2017-01-17,195.39169026213537,195.79748025784545,194.9513708339613,195.3398895263672,61240800
2017-01-18,195.59021444809997,195.8147018115871,195.03765145005184,195.7715301513672,54793300
2017-01-19,195.84926336401224,195.98740742972183,194.6146353588587,195.04632568359375,66608800
2017-01-20,195.72839684852326,196.25505958847907,195.09813264304947,195.762939453125,129168600
2017-01-23,195.7629446644216,195.8233744628679,194.49377398146592,195.2535400390625,75061600
2017-01-24,195.46939521414495,196.91988171493335,195.3571646758191,196.50546264648438,95555300
2017-01-25,197.45516391773648,198.20631408691406,197.29111947648914,198.20631408691406,84437700
2017-01-26,198.0594837402296,198.3271427646296,197.72276586826825,197.99905395507812,59970700
2017-01-27,198.07676629744958,198.22353941160668,197.50693196662186,197.68824768066406,59711100
2017-01-30,196.99754148922224,197.02344185218226,195.47799644095304,196.46224975585938,79737300
2017-01-31,195.97009964421937,196.50540450565055,195.40027853400153,196.44496154785156,75880800
2017-02-01,196.44503448466165,197.36021603464965,195.93564296897333,196.52273559570312,79117700
2017-02-02,196.52269142412754,196.9371236048232,195.83199747125346,196.65220642089844,69657600
2017-02-03,197.55877248141195,198.18903668573455,197.24795491128205,198.00772094726562,80563200
2017-02-06,197.6019163121953,197.99907719005563,197.3169991295408,197.65371704101562,57790100
2017-02-07,198.04224308142176,198.28398859163022,197.4724087327266,197.662353515625,57931200
2017-02-08,197.66235464778478,198.05087327897783,197.11842065962912,197.92137145996094,51566200
2017-02-09,197.92138285613618,199.39775637450677,197.92138285613618,199.0955810546875,65955200
2017-02-10,199.44093670024577,200.10574351134014,199.11284782674448,199.88125610351562,66015900
2017-02-13,200.37339667221764,201.2281483174449,200.34749630486021,200.96913146972656,55182100
2017-02-14,200.7877651982782,201.78066066899103,200.44241827098554,201.7720184326172,71109000
2017-02-15,201.55617749630827,203.01529266658943,201.50437677355242,202.82534790039062,86785800
2017-02-16,202.851299098102,203.03261484732786,201.90158820324316,202.65272521972656,84722400
2017-02-17,201.9878689318468,202.9721221923828,201.97059763278025,202.9721221923828,77204100
2017-02-21,203.3433974707437,204.3535511663621,203.33475523351058,204.18087768554688,88946100
2017-02-22,203.77505280839523,204.2240011466829,203.61100841880784,203.99952697753906,62115200
2017-02-23,204.5176154292191,204.53487355707574,203.3779466317962,204.13772583007812,74615900
2017-02-24,203.29158722240828,204.43987174441176,203.24841556069094,204.39671325683594,82381600
2017-02-27,204.31036610677148,204.88882947535308,204.0599915521268,204.71615600585938,56515400
2017-02-28,204.33624767236012,204.57799314224226,203.77505565459222,204.16357421875,96961900
2017-03-01,205.82132469295286,207.48765629569718,205.80405339018023,207.02142333984375,149158200
2017-03-02,206.8314369681235,206.84007920484513,205.66588116100127,205.71768188476562,70246000
2017-03-03,205.63138382461676,206.01127344802936,205.25149420120417,205.84722900390625,81974300
2017-03-06,205.0528914316423,205.58818318512778,204.62983019715523,205.2342071533203,55391500
2017-03-07,204.93209451183537,205.28608384878152,204.41406069317526,204.62127685546875,65103700
2017-03-08,204.91475357997692,205.17377040129966,204.1031736877656,204.24131774902344,78168800
2017-03-09,204.3621916313429,204.82842454711275,203.5333536075299,204.50033569335938,90683900
2017-03-10,205.45867971496864,205.50185137922537,204.2672102870221,205.21693420410156,81991700
2017-03-13,205.1565122041711,205.36372830929346,204.82843650540687,205.320556640625,57256800
2017-03-14,204.7766576863683,204.82847160213478,203.9219191013369,204.534912109375,59880800
2017-03-15,205.10471095952914,206.72787084357762,204.87159448861624,206.3048095703125,96081800
2017-03-16,206.4429360696499,206.52063716195985,205.57092640517246,205.8990020751953,78344000
2017-03-17,206.1617540442583,206.35252518012385,205.53741455078125,205.53741455078125,89002100
2017-03-20,205.53743200294863,205.82358873104448,204.9217722924802,205.31198120117188,52537000
2017-03-21,205.91892256509212,206.0403211557688,202.54576183330434,202.6758270263672,131809300
2017-03-22,202.7105512985133,203.4389429554005,202.086211812194,203.1527862548828,97569200
2017-03-23,203.1528040928162,204.07196696408943,202.56315743254936,202.93601989746094,100410300
2017-03-24,203.23948897426524,203.811789098104,202.00815653895305,202.78857421875,112504900
2017-03-27,201.1150268384983,202.84063379234286,200.8375499495262,202.5804901123047,87454500
2017-03-28,202.27697835428734,204.4794997138661,202.1642463510937,204.0546112060547,93483900
2017-03-29,203.7684315312076,204.47947665285002,203.542967550248,204.24534606933594,61950400
2017-03-30,204.18467623434705,205.09517239970486,204.01125154367315,204.89572143554688,56737900
2017-03-31,204.557600874416,205.08655494230038,204.36682968721445,204.4188690185547,73733100
2017-04-03,204.47084878902993,204.67028653720263,202.83196085683875,204.06329345703125,85546500
2017-04-04,203.7771526650686,204.2800936083573,203.39561034730073,204.19337463378906,56466200
2017-04-05,204.86969271906057,205.84956133200993,203.3782166767564,203.58633422851562,108800600
2017-04-06,203.72507732476717,204.6789196571488,203.28282918541828,204.1586456298828,69135800
2017-04-07,203.90717152843487,204.6442429502869,203.46493661419655,203.95053100585938,74412300
2017-04-10,204.0892458487571,204.86966340112645,203.54294562322684,204.0718994140625,67615300
2017-04-11,203.69040229352734,203.9331995071442,202.33767118010337,203.8291473388672,88045300
2017-04-12,203.5516928341111,203.74246398454034,202.71056909761606,202.93601989746094,81864400
2017-04-13,202.59780381684874,203.33487525261768,201.61793518066406,201.61793518066406,92880400
2017-04-17,202.13827125452727,203.404296875,201.93883348420877,203.404296875,68405400
2017-04-18,202.66717600787345,203.3348749236641,202.11220908904167,202.7972412109375,83225800
2017-04-19,203.3609172502775,203.73377970706045,202.19894393259753,202.42440795898438,68699900
2017-04-20,203.0400048687066,204.51414749433096,202.71916859984742,204.0718994140625,92572200
2017-04-21,203.99389845187585,204.0459245342356,203.02270963061275,203.4215850830078,110389800
2017-04-24,205.66748008040375,205.8669310518589,203.39558611710683,205.6588134765625,119209900
2017-04-25,206.30045612075094,207.20227229488893,206.2137371747102,206.8554229736328,76698300
2017-04-26,206.82080367281426,207.70528695753478,206.6820718338343,206.7254180908203,84702500
2017-04-27,207.04621534919443,207.20229359036477,206.36117000684501,206.8988037109375,57410300
2017-04-28,207.15896701695812,207.18498006128496,206.3178432998386,206.4479217529297,63532800
2017-05-01,206.96817016601562,207.39307188967717,206.55194827702297,206.96817016601562,66882500
2017-05-02,207.10697260945435,207.22837124536892,206.63872450848646,207.04627990722656,57375700
2017-05-03,207.0462310779163,207.1416166430293,206.11838846895753,206.7947540283203,73137700
2017-05-04,207.09827306270273,207.17631219520794,206.18777682243794,207.03756713867188,61462700
2017-05-05,207.41041095964437,207.8699923112897,206.9681628138105,207.85264587402344,62001300
2017-05-08,207.89604755921138,208.04345922726574,207.39310662801898,207.81800842285156,48385700
2017-05-09,208.07814260288913,208.27758035273882,207.2803651405766,207.62722778320312,51363200
2017-05-10,207.58386961040986,208.00009155273438,207.3757520235191,208.00009155273438,54293800
2017-05-11,207.54915175528123,207.739922866949,206.49124403837968,207.57516479492188,62358300
2017-05-12,207.32367229187687,207.618495540097,206.95947653264255,207.22828674316406,53912700
2017-05-15,207.65323026082854,208.4943539331432,207.63588382171568,208.37295532226562,61918900
2017-05-16,208.66776910395944,208.6937821457131,207.79196582485682,208.1821746826172,51241800
2017-05-17,208.18217186348366,208.18217186348366,204.42746852090303,204.48817443847656,172174100
2017-05-18,204.41015153115023,206.16177154943827,204.15000784820333,205.31198120117188,107047700
2017-05-19,205.79757902272064,207.31506842781548,205.74555293157917,206.64736938476562,115011400
2017-05-22,207.15897568508672,207.8613676056722,207.08961638495092,207.6966094970703,61010600
2017-05-23,208.0694699933112,208.3209470718812,207.68792768889972,208.15618896484375,48341700
2017-05-24,208.39029033859103,208.7458063164518,208.05209433598128,208.64175415039062,46927700
2017-05-25,209.15335213829823,209.91643660540873,208.94524781559892,209.63894653320312,64071700
2017-05-26,209.44823243797833,209.76040223846934,209.3701932957202,209.5956573486328,46629900
2017-05-30,209.2747986333148,209.6650075591372,209.118720355569,209.41354370117188,35201900
2017-05-31,209.70836065808695,209.74305353972326,208.6677991437749,209.36151123046875,91796000
2017-06-01,209.82107816499718,211.0437441446966,209.53492145284687,211.02639770507812,68962000
2017-06-02,211.0784224730804,211.88486651709152,210.78359915869203,211.72877502441406,88666100
2017-06-05,211.5553464319028,211.84150313700025,211.3732418990385,211.57269287109375,44698800
2017-06-06,211.00902003172516,211.56398693426056,210.81824891852972,210.89630126953125,50375400
2017-06-07,211.23451871156217,211.51199559267457,210.56681970571725,211.2865447998047,54144300
2017-06-08,211.38191262013916,211.86750704489805,210.86162531849425,211.3905792236328,65950700
2017-06-09,211.6593792299721,212.4571433508012,209.80370735008688,211.06973266601562,132256400
2017-06-12,210.82695995956365,211.07842379247697,210.1766074041648,211.02639770507812,86108100
2017-06-13,211.56401429026786,212.11031466064384,211.21716489312982,212.05828857421875,60067000
2017-06-14,212.32711031013312,212.33577691451995,210.9656992283469,211.78948974609375,78602300
2017-06-15,210.43678395638557,211.5033719076211,210.1593070189664,211.38197326660156,66464900
2017-06-16,211.54141287682805,211.59369268113136,210.54805670711647,211.42813110351562,84553100
2017-06-19,212.25589557507703,213.24925160382472,212.1600448487952,213.18826293945312,65123800
2017-06-20,212.831047445159,212.83975631459026,211.73313157754367,211.75054931640625,56906400
2017-06-21,212.14264709483686,212.2559155667613,211.22771067524104,211.6982421875,55977600
2017-06-22,211.7069441054188,212.20361547108342,211.428100794464,211.6023712158203,44148100
2017-06-23,211.66338581653886,212.18619711182996,211.27998288906974,211.85508728027344,66986800
2017-06-26,212.5260097291613,212.94427468243464,211.7853571377032,211.99447631835938,56700500
2017-06-27,211.77663316835026,212.07290749838714,210.2691748047281,210.28660583496094,82247700
2017-06-28,211.30612088678072,212.36918779574532,211.07084849322783,212.1687774658203,70042600
2017-06-29,212.31686778719327,212.36914757675268,209.09281890323146,210.30401611328125,106949700
2017-06-30,211.11437281514307,211.4890667885199,210.50441979613515,210.6961212158203,86820700
2017-07-03,211.63723424751635,212.07291695089415,211.0534210205078,211.0534210205078,39153800
2017-07-05,211.41937596181293,211.7504857485922,210.60899928452872,211.54136657714844,54427600
2017-07-06,210.77457529317726,210.896565916886,209.42395626898553,209.60694885253906,65400800
2017-07-07,210.18211534078915,211.11446967705285,209.6157196878579,210.96633911132812,57972300
2017-07-10,210.96627510253822,211.56751934898887,210.66129189764914,211.1928253173828,36663300
2017-07-11,211.1928501487558,211.34970285130638,209.86838417334928,211.0360107421875,50354600
2017-07-12,212.00317951526242,212.78740296452568,212.00317951526242,212.62184143066406,59610400
2017-07-13,212.63061560831196,213.0924382652271,212.40405206613906,212.97915649414062,39471600
2017-07-14,212.97908680181266,214.3297055604104,212.88323609517724,213.97244262695312,60262700
2017-07-17,213.89403978979286,214.27744264652375,213.7720491804675,213.94631958007812,33531900
2017-07-18,213.536776336471,214.111880620243,213.19694440442012,214.05960083007812,42742500
2017-07-19,214.3732957100116,215.2272299846473,214.36457354754899,215.21852111816406,51034300
2017-07-20,215.47123147717355,215.5932220993125,214.76542764222825,215.31439208984375,47135200
2017-07-21,214.73929301643605,215.14883582138162,214.5127295012009,215.12269592285156,82340800
2017-07-24,215.04423560275796,215.20979713639554,214.59984408824064,215.0703887939453,46622300
2017-07-25,215.81978142442844,215.9243543163771,215.3666809779153,215.59323120117188,54915600
2017-07-26,215.88080257051678,215.91565134027576,215.34056021536747,215.60195922851562,47575400
2017-07-27,216.06376597515103,216.09861474020028,214.0770406718503,215.40151977539062,70766600
2017-07-28,214.92227071495785,215.2795337201983,214.46917027980402,215.14883422851562,50088400
2017-07-31,215.54966676030853,215.6455174914915,214.81772297453762,215.02685546875,65838700
2017-08-01,215.62810941083828,215.66295818011,214.98329416346337,215.50611877441406,55050400
2017-08-02,215.63682715788497,215.75010893065112,214.67831976367006,215.61068725585938,47211200
2017-08-03,215.49738325424647,215.52352315357572,214.91357000925768,215.19241333007812,40856000
2017-08-04,215.68035389360682,215.9156129636254,215.2011002947134,215.58450317382812,60191800
2017-08-07,215.6542264947249,215.98533630371094,215.54965360600968,215.98533630371094,31995000
2017-08-08,215.67163772900346,216.8915572233861,215.07911566005964,215.45379638671875,61719400
2017-08-09,214.76549575948303,215.49743972446757,214.4082326470555,215.44515991210938,62632600
2017-08-10,214.60857558501237,214.73928837081584,212.35174242086774,212.40402221679688,120479500
2017-08-11,212.63061434697283,213.31027837749468,212.39534193764374,212.71774291992188,74869900
2017-08-14,213.99862155965698,215.0442573617208,213.96377279451312,214.826416015625,73291900
2017-08-15,215.20982050733522,215.22725153802665,214.49530780075457,214.80027770996094,55242700
2017-08-16,215.32308778635706,215.72392168942733,214.74798347603098,215.17495727539062,56715500
2017-08-17,214.56501459564012,214.87870666228795,211.82020568847656,211.82020568847656,128490400
2017-08-18,211.6546687551769,212.77873766471814,211.04471558130828,211.48912048339844,136748000
2017-08-21,211.42811285484936,211.91607538087405,210.72230896570784,211.6546630859375,65469700
2017-08-22,212.23847092416148,214.0247593074177,212.22103989377436,213.867919921875,63140100
2017-08-23,212.9007096760873,213.52809382746688,212.75257915367558,213.1011199951172,50203800
2017-08-24,213.48452066897022,213.6413600571869,212.3953139308632,212.6044464111328,50741700
2017-08-25,213.39738103994065,214.01605632387748,212.95298947270547,213.1011199951172,64445900
2017-08-28,213.63264400278635,213.65878389994307,212.691567817204,213.10983276367188,40565600
2017-08-29,211.79405416158866,213.61520450319526,211.6807724144142,213.3538055419922,51135700
2017-08-30,213.33640391957263,214.6347432217607,213.15341132552646,214.36460876464844,62030800
2017-08-31,214.98326552211907,215.8982018213985,214.3994523187264,215.6542205810547,103803900
2017-09-01,216.02893935313992,216.38620240941034,215.81109797189936,215.959228515625,62007000
2017-09-05,215.45379311653255,215.68035661849729,213.44094127173,214.4081573486328,91398800
2017-09-06,215.08784166100486,215.47124458132453,214.55630821164922,215.14012145996094,57916900
2017-09-07,215.44510627811383,215.4625373098888,214.7044403314648,215.11398315429688,58034700
2017-09-08,214.82643554312847,215.32312023944576,214.61731634129535,214.86129760742188,63832800
2017-09-11,216.13346017862068,217.23138905249075,216.11604244435443,217.15296936035156,71364800
2017-09-12,217.51896157813033,217.91978223945418,217.33596898336484,217.8849334716797,56896000
2017-09-13,217.59732921840413,218.02430297338424,217.48404748227136,217.98944091796875,59228000
2017-09-14,217.6670944129095,218.12020817466322,217.4928239802294,217.91978454589844,95446300
2017-09-15,217.77525942660515,218.3006651951571,217.67018094528746,218.21310424804688,95432400
2017-09-18,218.58091968648296,219.02751665001276,218.29194046468183,218.67724609375,46235200
2017-09-19,218.92244882412038,218.98375352353474,218.57217825078814,218.89617919921875,47108100
2017-09-20,218.98377155384847,219.08885006210673,217.9767201891611,218.97500610351562,59574100
2017-09-21,218.81742910691372,218.90499009278597,218.21320084792671,218.38833618164062,48211400
2017-09-22,218.09057985027619,218.59848161337172,218.0643102213202,218.43209838867188,51214000
2017-09-25,218.17809592924593,218.52837984652382,217.24111484470356,217.98544311523438,57064400
2017-09-26,218.41455262006244,218.65974469994075,217.88038129704904,218.1168212890625,54082000
2017-09-27,218.8174123857923,219.35158379808067,217.93295697087387,218.96627807617188,81001400
2017-09-28,218.68602133962423,219.30776700909294,218.59846037226853,219.2289581298828,44778800
2017-09-29,219.22016365284554,220.07834920827898,219.03627629237042,219.99952697753906,85578000
2017-10-02,220.22723165186667,220.9540557861328,220.05208300305776,220.9540557861328,59023000
2017-10-03,220.95402858913346,221.4531647632962,220.87520636208524,221.42689514160156,66810200
2017-10-04,221.27806094946735,221.93482830911222,221.1642169979664,221.68963623046875,55953600
2017-10-05,222.02239213892577,223.02067800399251,221.7246608055824,223.003173828125,63522800
2017-10-06,222.5565537211313,223.03818577572494,222.29385747495817,222.74920654296875,80646000
2017-10-09,222.97688466789108,223.03817600199042,222.11869909477954,222.38140869140625,35803100
2017-10-10,222.9506507300908,223.34470850712148,222.40771391363535,222.96815490722656,43057400
2017-10-11,222.8718100527529,223.31842041015625,222.70544021191907,223.31842041015625,47674300
2017-10-12,223.0032200561136,223.35349071360233,222.74926247176055,222.98570251464844,47065100
2017-10-13,223.42349379469215,223.53733774388797,222.98564889712773,223.25711059570312,54800400
2017-10-16,223.48479666338406,223.7474929101981,223.14327818056006,223.55484008789062,38221700
2017-10-17,223.5023235157429,223.7562810627181,223.28340104654148,223.71249389648438,31561000
2017-10-18,224.08902950399124,224.13281666932104,223.73875890528632,223.93141174316406,40888300
2017-10-19,223.15203630356604,224.0277261152057,222.73170893532952,223.99269104003906,61903800
2017-10-20,224.78955032052585,225.1748559155403,223.97515197434277,225.1485595703125,89176400
2017-10-23,225.47262092500108,225.49889055023027,224.19409456669527,224.2729034423828,63915300
2017-10-24,224.70199674286374,224.9033882834358,224.30792566307667,224.66696166992188,66935900
2017-10-25,224.3342034646924,224.44804741295565,222.425206140693,223.55484008789062,103715300
2017-10-26,224.16782533084222,224.43927365517973,223.72121500385936,223.84381103515625,69798000
2017-10-27,224.58813405767742,225.8316251660089,223.85255793086253,225.67398071289062,85562500
2017-10-30,224.58815144460573,225.5776851387856,224.53561219747496,224.83334350585938,54285700
2017-10-31,225.2099091529033,225.437597065505,224.8859081843137,225.1836395263672,60304800
2017-11-01,225.96296859219376,226.30447366503012,225.11354854836372,225.4813232421875,54202700
2017-11-02,225.41132145395284,225.7090527881011,224.34297879662896,225.56893920898438,56449500
2017-11-03,225.72648650166536,226.3657494960969,225.31491134271548,226.3219757080078,59589700
2017-11-06,226.19065683836942,226.80365036677094,226.1206134153186,226.67230224609375,49652600
2017-11-07,226.77740574297073,227.11017216799166,226.00679438480307,226.51470947265625,57502200
2017-11-08,226.33952060169227,226.9962878847408,226.05929348051524,226.8999481201172,50469600
2017-11-09,225.69155285168225,226.26951135492058,224.49183531869664,226.0768585205078,95085500
2017-11-10,225.69156988015266,226.181954091306,225.37630761644823,226.00680541992188,59984700
2017-11-13,225.3237250304575,226.44460682954087,225.28868995813082,226.2169189453125,50228600
2017-11-14,225.41131642711738,225.7966220801126,224.6319396713987,225.69154357910156,61315200
2017-11-15,224.7195532038209,225.24497252447838,223.85262869529498,224.5619354248047,80811500
2017-11-16,225.50762212937235,226.83868769595327,225.46384833002168,226.47088623046875,67777000
2017-11-17,226.12059055081866,226.44459145703757,225.72651950470316,225.80532836914062,75756800
2017-11-20,226.05054122348457,226.383280845543,225.80532246418747,226.1906280517578,48075500
2017-11-21,226.9612714170117,227.8544920984872,226.15565178250472,227.6705780029297,69176800
2017-11-22,227.67928841506912,227.8106365059082,227.3027483133554,227.46913146972656,45033400
2017-11-24,227.9595595227246,228.0996730879914,227.8194459574578,227.99456787109375,27856500
2017-11-27,228.0383550349063,228.3360863221846,227.67931905567784,227.8807373046875,52274900
2017-11-28,228.34485819160403,230.2188202816215,228.24851842669787,230.1925506591797,98971700
2017-11-29,230.32390613990088,230.8580907785463,229.60586086220994,230.0524444580078,77512100
2017-11-30,230.97199216537572,232.97730293049327,230.8931832759286,232.0666046142578,127894400
2017-12-01,231.8476839616756,232.32930275342545,228.3449240974965,231.5849609375,164390900
2017-12-04,233.2049653139705,233.63404479524854,231.25216729855987,231.3047332763672,94040600
2017-12-05,230.47276306152344,232.18910730727188,230.3414149577032,230.47276306152344,77994500
2017-12-06,230.5690950319757,230.94566192575616,230.05244129856732,230.5165557861328,75898600
2017-12-07,231.243408203125,231.55864369859842,230.25387446911444,231.243408203125,77218600
2017-12-08,232.19786729601276,232.51310273776943,231.2083337306207,232.50436401367188,76563900
2017-12-11,233.20497131347656,233.26627601921737,232.47816046690596,233.20497131347656,83077500
2017-12-12,233.9929951676565,234.08933491377155,233.23991498859348,233.616455078125,85195800
2017-12-13,233.86170216271307,234.29954703708705,233.5026661588548,233.59024047851562,102905400
2017-12-14,233.88803347992902,234.00187745312425,232.58326396178728,232.63580322265625,100666700
2017-12-15,233.64002443939074,235.03948485061713,233.58721663976172,234.572998046875,144610300
2017-12-18,235.97254015042506,236.41262320670688,235.8669245146035,236.06056213378906,83653600
2017-12-19,236.3069458213828,236.35094337129874,235.08350235155973,235.1539306640625,82382900
2017-12-20,236.1220364925196,236.17484428429617,234.7313865415287,235.0306396484375,76751500
2017-12-21,235.65555446583778,236.22768365572136,235.26827941138984,235.5147247314453,67032300
2017-12-22,235.53239774206176,235.56761189864133,234.91627087431047,235.45318603515625,78720900
2017-12-26,235.04824217899647,235.39151969904776,234.90743930261863,235.17147827148438,45244400
2017-12-27,235.33872698661037,235.64679037704607,235.01306995063143,235.28591918945312,57751000
2017-12-28,235.78759425902078,235.8139981547031,235.40031921533006,235.7699737548828,45116100
2017-12-29,236.35094660186965,236.36854024997027,234.68744702855656,234.8810577392578,96007400
2018-01-02,235.74364692993703,236.5974089834825,235.356371759636,236.56219482421875,86655700
2018-01-03,236.72938223016916,238.20808116432923,236.72938223016916,238.05844116210938,90070400
2018-01-04,238.70099949537035,239.5459512266381,238.12008678620776,239.0618438720703,80636400
2018-01-05,239.8539988745469,240.77816225162655,239.36110815870046,240.6549530029297,83524000
2018-01-08,240.5581013991269,241.25343986955644,240.26765851734245,241.0950164794922,57319200
2018-01-09,241.51748045262772,242.26562672470052,241.23582096140757,241.64071655273438,57254000
2018-01-10,240.88381247686453,241.53515354969787,240.2149046152303,241.27108764648438,69574300
2018-01-11,241.8255036942274,243.0313262939453,241.6582700778627,243.0313262939453,62361500
2018-01-12,243.29544343228133,244.78289892979492,242.99616342156756,244.61569213867188,90816100
2018-01-16,245.8743246847843,246.52563878958108,243.08418724517006,243.77952575683594,106555100
2018-01-17,244.71249925191754,246.49042451957706,243.77952564150394,246.1031494140625,113258800
2018-01-18,245.98875205570212,246.41121445686719,245.1965813324595,245.6894989013672,100728000
2018-01-19,246.27036641848483,246.80728149414062,245.68948066001104,246.80728149414062,140920100
2018-01-22,246.5961391273181,248.81414794921875,246.54330445153633,248.81414794921875,91322400
2018-01-23,248.8580710358043,249.63262124165695,248.5324139857364,249.34217834472656,97084700
2018-01-24,249.98463620969167,250.5831692608211,248.0658815548257,249.24530029296875,134816100
2018-01-25,250.10795459420666,250.20475995372283,248.55885395768738,249.3509979248047,84587300
2018-01-26,250.1871253122653,252.28192418600324,249.93186971272266,252.23789978027344,107743100
2018-01-29,251.66583545348206,252.10591841417175,250.40720463243727,250.5656280517578,90118300
2018-01-30,248.7348499334868,250.61839069835986,247.52021688316722,247.99551391601562,131796400
2018-01-31,248.84932718998905,249.35100136441295,247.04497088721433,248.1187744140625,108364800
2018-02-01,247.38823083343112,249.139752342768,247.04495324648897,247.83709716796875,90102500
2018-02-02,246.51685703921194,246.648903414558,242.40649726832018,242.44171142578125,173174800
2018-02-05,240.68136600719666,242.79375870651555,231.75647126237143,232.3021697998047,294681800
2018-02-06,228.79028765425716,237.38071398653761,227.6988907174772,236.87901306152344,355026800
2018-02-07,236.32450463806282,239.72193155097972,235.5147403268163,235.59397888183594,167376100
2018-02-08,235.89329903889058,236.03412882262248,226.7219574697927,226.75717163085938,246449500
2018-02-09,229.54723378106326,232.02049757208297,222.6115362922506,230.16336059570312,283565300
2018-02-12,232.21412346392802,235.0130710287403,230.30417878341456,233.54318237304688,143736000
2018-02-13,232.33734911294388,234.66978292825414,231.75643650715458,234.12408447265625,81223600
2018-02-14,232.63663047934952,237.64477624611936,232.62782022560052,237.28390502929688,120735700
2018-02-15,239.02670214045742,240.32054731647358,236.5622210687171,240.31173706054688,111200300
2018-02-16,239.68672275896623,242.32721978062207,239.64269835895715,240.3820343017578,160420100
2018-02-20,239.43146178470735,240.87494635032803,238.08480940849984,238.876953125,86369700
2018-02-21,239.31707860169553,241.7991526348577,237.59196113335105,237.6887664794922,98883700
2018-02-22,238.61292237749535,240.32922934550533,237.32788799940926,237.99679565429688,110511300
2018-02-23,239.22024489952148,241.79031372070312,238.74494789704653,241.79031372070312,92766400
2018-02-26,242.86407995006914,244.69483938258537,242.2743840584429,244.59800720214844,86491400
2018-02-27,244.7828723804004,245.49583131620943,241.48225097241271,241.5438690185547,99099200
2018-02-28,242.64405123096822,243.09294429171402,238.78013813371226,239.09698486328125,121907800
2018-03-01,238.88581486369563,240.434915343989,234.12411442597886,235.6204071044922,176855100
2018-03-02,233.94804882971562,237.39831043589393,233.0855035735666,236.83499145507812,139083200
2018-03-05,235.6467947883253,240.18845345256145,235.54115233150563,239.57232666015625,97307400
2018-03-06,240.54931159065572,240.6285501529497,238.68336432101546,240.17965698242188,79213200
2018-03-07,238.0144657326488,240.4437052620397,237.82082816735752,240.09164428710938,87063500
2018-03-08,240.76937164170073,241.37668826265542,239.77480673572597,241.25347900390625,66901200
2018-03-09,242.66174767889817,245.4518585205078,242.3448739896355,245.4518585205078,113625300
2018-03-12,245.7423167630409,246.36722699736953,244.75650844539223,245.14378356933594,71924800
2018-03-13,246.30563802249105,246.80733906418087,242.95220787735744,243.5595245361328,91968900
2018-03-14,244.51888687269934,244.70371419100942,241.75517991030418,242.30966186523438,105895100
2018-03-15,242.8201434578408,243.46264729648829,241.54389231279492,242.04559326171875,83433000
2018-03-16,242.57312562868768,243.35962338871246,242.25500988402808,242.3080291748047,100343700
2018-03-19,241.55689557287,242.48476016403774,237.37702820732727,239.02952575683594,109208400
2018-03-20,239.4272048766045,240.07230891591502,238.75559119009515,239.43605041503906,59757300
2018-03-21,239.3918677986891,241.4862109901256,238.76445478878995,238.97653198242188,78709600
2018-03-22,236.74963315890716,237.59796887507576,232.72882336769504,233.00279235839844,148785900
2018-03-23,233.44468047615774,233.77164185526675,227.84205539286063,228.03646850585938,183534800
2018-03-26,231.64193234021414,234.5581019309641,229.23829167720385,234.2753143310547,141956100
2018-03-27,235.2119740308434,235.74216689562675,228.7345058623637,230.28981018066406,129941400
2018-03-28,230.42241304991515,232.09260187443158,228.50479184044528,229.60940551757812,146452300
2018-03-29,230.7493671899762,234.40786051928043,229.61824389857856,232.5432586669922,111601600
2018-04-02,232.0131109326952,232.52566692456557,225.0496335310939,227.5239715576172,186286300
2018-04-03,228.761116771091,230.91732526936676,226.96722486953755,230.44012451171875,119956900
2018-04-04,226.88764555655212,233.6125205677921,226.7550973110947,232.90557861328125,123715300
2018-04-05,234.664126941874,235.62737383375938,233.5772043053729,234.74368286132812,82652600
2018-04-06,232.78190517782255,234.27531822190647,227.992287884209,229.51223754882812,179521200
2018-04-09,230.97028712505096,234.03669563881604,229.7066156054344,230.64332580566406,105442900
2018-04-10,233.53298611524056,235.0971362790858,232.39304426307268,234.31063842773438,103529000
2018-04-11,232.82607373811788,234.7436951143563,232.75539032260153,233.0823516845703,91140200
2018-04-12,234.40789632285558,235.94551011855185,234.2311473257847,234.9999542236328,68890500
2018-04-13,236.30778850590198,236.42267263862578,233.30324481789924,234.31063842773438,85079200
2018-04-16,235.94548491535662,237.00592484828672,235.12365879979507,236.23709106445312,63405300
2018-04-17,238.00449228466618,239.36538401645197,237.49196335530033,238.7644805908203,64682000
2018-04-18,239.20630438235702,239.74534291484298,238.48167133413318,238.9412078857422,57303900
2018-04-19,238.28726367597648,238.4905223067502,236.58174658331473,237.6156768798828,77655900
2018-04-20,237.5449917152264,237.76591448025806,234.71716953557635,235.60086059570312,99953100
2018-04-23,236.17522430550414,236.73195385379043,234.4873715522299,235.5654754638672,65558000
2018-04-24,236.59059861141472,236.81152135905498,230.89078093505276,232.39306640625,112885500
2018-04-25,232.33119443053855,233.40929848464276,230.51079320332934,232.9674530029297,103840900
2018-04-26,233.99250823175876,236.16638017642003,233.55066280579726,235.33570861816406,67731900
2018-04-27,235.9454514886593,236.2459031345323,234.619915244341,235.55662536621094,57053600
2018-04-30,236.1752674598288,236.73199710984161,233.67440680470918,233.7451171875,82182300
2018-05-01,233.17953515335418,234.2664847699566,231.62423039491986,234.1604461669922,74203400
2018-05-02,233.96603442039367,234.7790150265446,232.19865244584616,232.5874786376953,86368900
2018-05-03,231.75680484646094,232.7288433491431,228.9201373860479,232.07492065429688,136311500
2018-05-04,231.10284331231682,235.75991179330262,230.77588198168894,235.07945251464844,91222100
2018-05-07,235.84824621458716,236.84679414699679,235.15894151389875,235.874755859375,55304900
2018-05-08,235.50359386424296,236.23704534877436,234.31060591258597,235.874755859375,67499200
2018-05-09,236.5464000313064,238.4816854756761,236.02502557830903,238.15472412109375,59666100
2018-05-10,238.89696721028608,240.70854952792098,238.79092862937145,240.38156127929688,72063900
2018-05-11,240.5053633128291,241.38020883675154,239.99280739335714,241.1151123046875,59871500
2018-05-14,241.54809628614152,242.20201900063026,240.6820693919491,241.22998046875,54790600
2018-05-15,240.00163399076862,240.01929810214165,238.62307819662107,239.56863403320312,87036100
2018-05-16,239.6039808016906,241.0355558477446,239.5774441834004,240.57601928710938,53942600
2018-05-17,240.31089212610618,241.45086087471745,239.59510469440028,240.3727569580078,56536400
2018-05-18,240.028143784387,240.3904603285665,239.4183948402933,239.77186584472656,64368000
2018-05-21,241.25651488725586,242.11369632959241,240.86768864734367,241.5746307373047,58025900
2018-05-22,242.09597283331613,242.35225076806103,240.57602327210842,240.90298461914062,52966400
2018-05-23,239.63049171237495,241.5922867405001,239.47140684233702,241.5657501220703,64694200
2018-05-24,241.16818869143756,241.44213082877812,239.2859219639496,241.0709686279297,76043800
2018-05-25,240.49652099609375,241.12393410912944,239.99281061030905,240.49652099609375,56374800
2018-05-29,238.870483330366,239.6304715224005,236.61708233856234,237.7305145263672,115908600
2018-05-30,239.03840959985598,241.34483010823462,238.96772618756867,240.90298461914062,69678400
2018-05-31,240.49647401844624,240.79692568949417,238.82631223407603,239.42721557617188,93519900
2018-06-01,240.726268103314,242.0783142521023,240.65555772130298,241.77786254882812,71258400
2018-06-04,242.59968964520834,243.1829289425689,242.36110278324185,242.92665100097656,45385200
2018-06-05,243.05920808091656,243.4833894856977,242.29040119634027,243.10340881347656,51135000
2018-06-06,243.71322579367626,245.24199444930522,243.09463111009566,245.13595581054688,62732200
2018-06-07,245.62186973324768,245.91347583257166,244.19911351554344,245.10931396484375,72969400
2018-06-08,244.64985693869826,245.8870189359492,244.48195349248826,245.83399963378906,72139700
2018-06-11,246.0549263597859,246.87675252466192,245.94004221387883,246.1609649658203,58892500
2018-06-12,246.57633431471666,246.8414308658151,245.83403700352798,246.47914123535156,72329000
2018-06-13,246.7177271522819,246.9740051294021,245.48938354480316,245.69264221191406,79070600
2018-06-14,246.55863540507366,246.84139603030306,245.7191181648838,246.3112030029297,77097600
2018-06-15,245.52653573456027,246.3343088427787,244.4169617544594,245.9969940185547,120041600
2018-06-18,244.5412411800012,245.61532839019964,244.0619246832231,245.4910430908203,52917600
2018-06-19,243.21863623755814,244.77203993615566,242.8014353035092,244.5501251220703,97531500
2018-06-20,245.23352622688125,245.63298358658002,244.6299246475507,244.9672393798828,53785500
2018-06-21,244.95835405367882,244.97612456960783,242.93449274945104,243.43157958984375,71061400
2018-06-22,244.69207014300736,244.80747014112634,243.6534972491378,243.8754119873047,54898500
2018-06-25,242.72150867695257,242.88128081499514,238.86907139864692,240.5556182861328,137854200
2018-06-26,241.12374026871296,241.94037150239652,240.36922458663946,241.08822631835938,68547400
2018-06-27,241.67403316486272,243.10315106426856,238.94002844283239,239.0909423828125,105110700
2018-06-28,239.03776287804172,241.2213970102486,238.32761923681304,240.45802307128906,76650500
2018-06-29,241.54986034690495,242.91686334423605,240.68882968542687,240.80422973632812,97592500
2018-07-02,239.23299268750813,241.47876893898498,238.99330741347623,241.3189697265625,63554800
2018-07-03,242.21551677676098,242.31317335709,240.04076839246304,240.46682739257812,42187100
2018-07-05,241.59413811761425,242.49065519852093,240.5200513293396,242.4285125732422,56925900
2018-07-06,242.4551580144904,244.85182072242486,242.07344411061572,244.47901916503906,66493700
2018-07-09,245.48205972164303,246.7336620303323,245.43768761200442,246.68040466308594,50550400
2018-07-10,247.13327757189785,247.66587867449658,246.8403347753207,247.56822204589844,51966800
2018-07-11,246.0146766095031,246.8047060907769,245.45544712755907,245.7572479248047,77054700
2018-07-12,247.01776066717977,248.03856316228035,246.41415901137128,247.9853057861328,60124700
2018-07-13,247.80772519819746,248.48232748210316,247.35501053054168,248.18052673339844,48216000
2018-07-16,248.22494734588554,248.36694893113057,247.5148039736614,247.95863342285156,48201000
2018-07-17,247.18638258473862,249.35227253462637,247.13312521623325,248.96170043945312,52315500
2018-07-18,249.04161360323985,249.5919578638405,248.5977840912453,249.48544311523438,44593500
2018-07-19,248.81971255072858,249.20139945065603,248.06519692094298,248.54454040527344,61412100
2018-07-20,248.34036885387178,248.97062629930204,248.1007106565142,248.26048278808594,82337700
2018-07-23,248.05636256502333,248.92625120286243,247.71016249054702,248.72210693359375,47047600
2018-07-24,250.13344728552968,250.81693499098898,249.10375955328703,249.97364807128906,68026900
2018-07-25,249.72516335453636,252.4236550429963,249.6807912279922,252.10411071777344,78882900
2018-07-26,251.3850801852483,252.1928261670429,251.28742359311036,251.50933837890625,57919500
2018-07-27,251.837896754745,251.935553396839,248.8820022151137,249.80517578125,76768700
2018-07-30,249.88489848695707,250.04467060857164,247.97640992948166,248.50015258789062,63742500
2018-07-31,249.2636313367242,250.33769161449706,248.88194430013263,249.72520446777344,68570500
2018-08-01,249.92927927348987,250.4352514320276,248.65993333683917,249.3079071044922,53853300
2018-08-02,248.00306905621076,250.8346764359806,247.79889772747592,250.66604614257812,63426400
2018-08-03,250.7903258198392,251.79338494263322,250.61278316317959,251.74012756347656,53935400
2018-08-06,251.77565566455615,252.97397385214276,251.38508346931644,252.66331481933594,39400900
2018-08-07,253.32900460668887,253.87934882980963,253.1958340907969,253.4976348876953,43196600
2018-08-08,253.32902825337575,253.7906012053874,252.92957084681646,253.39114379882812,42114600
2018-08-09,253.45326793914788,253.84384005819805,252.9118089631752,253.04495239257812,35717000
2018-08-10,251.6070076068513,252.14846670856605,250.63943525368703,251.34957885742188,77076000
2018-08-13,251.62470363617254,252.23719052748174,250.11567246557237,250.4086151123047,65732900
2018-08-14,251.13658095009174,252.24615507453876,250.74600869114946,252.0064697265625,43842000
2018-08-15,250.65714303351385,250.79917171871017,248.68653904636793,250.12454223632812,102925400
2018-08-16,251.56264014658024,253.0184144010804,251.52712618960874,252.14849853515625,69967900
2018-08-17,251.94431742254338,253.47997770406536,251.53600174536825,253.03614807128906,65618500
2018-08-20,253.48877385282518,253.84383201638548,253.03605911799497,253.57754516601562,39807500
2018-08-21,254.09249244814097,255.03340920500395,253.61314880753838,254.17237854003906,67272000
2018-08-22,253.76397936567605,254.54512368185607,253.4976653910483,254.0214080810547,44993300
2018-08-23,253.8439152290031,254.70494577972218,253.3645716520022,253.68414306640625,49204900
2018-08-24,254.2611051306035,255.3529357060852,254.20784774538092,255.21090698242188,57487400
2018-08-27,256.40914143868787,257.3323142961806,256.24936933523725,257.2257995605469,57072400
2018-08-28,257.68741586376615,257.7939577065519,256.8885281227042,257.3501281738281,46943500
2018-08-29,257.56314686266506,258.965636207914,257.3234886771743,258.73486328125,61485500
2018-08-30,258.25552323561953,258.6283248624232,257.09269206048697,257.6874084472656,61229500
2018-08-31,257.2790273013543,258.1400574341752,256.7908257895186,257.69622802734375,66140800
2018-09-04,257.27903957078377,257.60746901323,256.24935204712614,257.2524108886719,57594400
2018-09-05,256.8973733202907,257.1015446256181,255.54814150332868,256.56005859375,72452400
2018-09-06,256.6666156108415,256.9684164450401,254.75815402120662,255.787841796875,65909900
2018-09-07,254.74039670565793,256.26717131198063,254.50071143185613,255.29074096679688,73524800
2018-09-10,256.3026610601894,256.56897502417314,255.539287293018,255.7345733642578,50210900
2018-09-11,255.08652888454353,257.02161874815994,254.7403560065421,256.5777893066406,50530500
2018-09-12,256.58678777667075,257.2436469713986,255.8500424979255,256.6400451660156,59810800
2018-09-13,257.70521020465293,258.3443258744238,257.42115277604205,258.15789794921875,51034200
2018-09-14,258.3620426364613,258.5484434532182,257.4211262043679,258.2022705078125,55079900
2018-09-17,258.14904193224044,258.1845287942073,256.56012445997396,256.8352966308594,68244000
2018-09-18,257.0482802010348,258.8235981934395,257.02165151471684,258.2288818359375,61930400
2018-09-19,258.2821135932705,258.9212290907196,258.1578283433109,258.5040283203125,49080600
2018-09-20,259.76462422384793,260.91857045003917,258.5218795627664,260.5989990234375,100360600
2018-09-21,261.3415983948364,261.45752075417266,260.2002529681599,260.3607482910156,105479700
2018-09-24,259.7812233520926,259.92389496466234,258.9162954090201,259.4958801269531,53409600
2018-09-25,259.9506340298228,260.05763093211067,259.0143839229773,259.255126953125,44370000
2018-09-26,259.3978270962072,260.5837458427951,258.06031124681675,258.4794006347656,79739700
2018-09-27,258.9520221046623,260.2895381277292,258.67560430350846,259.2016906738281,59249500
2018-09-28,258.57752029215237,259.7277917564604,258.5418727887045,259.22845458984375,70091400
2018-10-01,260.4678122787801,261.1989941092635,259.46023990671796,260.1289978027344,62078900
2018-10-02,259.9774475097656,260.6907785092049,259.60295825920167,259.9774475097656,47258200
2018-10-03,261.0295264138458,261.4486157086013,259.7633602632728,260.1200256347656,64694600
2018-10-04,259.6386377670936,259.69213623805473,256.49994288608053,258.0871276855469,111545900
2018-10-05,258.30997967842393,258.82714050010605,255.2158585929535,256.6425476074219,105951700
2018-10-08,255.95593872277664,256.9992130580816,254.5738498970342,256.6425476074219,87742200
2018-10-09,256.2591376202274,257.5698770527391,255.70627486797824,256.2680358886719,74339000
2018-10-10,255.7597685189888,255.8311179361839,247.7792736185123,248.1537628173828,214731000
2018-10-11,247.06596305815177,248.68882246381915,241.07388981647085,242.68785095214844,274840500
2018-10-12,246.7894736698401,247.07481688712994,242.86609967349887,246.05831909179688,183186500
2018-10-15,245.70173905206593,247.03035711120958,244.58714210987395,244.6763153076172,102263700
2018-10-16,246.637868082133,250.40074617834208,246.16528035209876,250.02622985839844,118255800
2018-10-17,250.06196685381698,250.69505007361667,247.49393205394864,250.07089233398438,110626000
2018-10-18,249.13459571750118,249.73203139427414,245.18447238743,246.45956420898438,134557500
2018-10-19,247.11056242456397,249.04548714557046,245.63037467389387,246.3258819580078,139901600
2018-10-22,246.99467493193163,247.31566577990793,244.68523340286234,245.22024536132812,82415800
2018-10-23,241.59993397454068,245.0952931537513,239.51338550320153,243.97177124023438,146352700
2018-10-24,243.72213512158604,244.1055770269243,236.02698317460644,236.57981872558594,177806700
2018-10-25,238.41667589928952,242.36679972579205,237.39125246785363,240.82418823242188,138061500
2018-10-26,237.1148128348693,241.64452103456355,233.87802024719272,236.5886993408203,201574600
2018-10-29,239.68285758734302,240.9758006122715,231.70236173875418,235.27796936035156,160749100
2018-10-30,235.1085193391012,239.0764662151694,234.61808059363685,238.76437377929688,157116000
2018-10-31,241.3324905003501,243.63303350373772,240.85990255187676,241.31466674804688,128296300
2018-11-01,242.17962881456293,244.07890635616997,241.0917811115309,243.8827362060547,99495000
2018-11-02,244.98837100355448,245.4163859611681,240.3873122535907,242.4381866455078,122634100
2018-11-05,242.92853056870712,244.32847025758082,241.95660571803845,243.775634765625,65622500
2018-11-06,243.71327463828462,245.47877848296474,243.65085068915243,245.3182830810547,60085900
2018-11-07,247.49399905196626,250.65054494895162,247.0659840655122,250.57029724121094,102752100
2018-11-08,249.76774178784,250.7575178453981,248.97416305728257,250.11550903320312,65584900
2018-11-09,248.80467666575584,248.9919212498932,246.26339131943897,247.67225646972656,98812600
2018-11-12,247.1640395101199,247.40478259123662,242.52730654258272,243.04449462890625,99673600
2018-11-13,243.50814820119857,245.5054966258056,241.86746525072402,242.5897216796875,98176600
2018-11-14,244.46221684463413,244.86345524510767,239.37074780966623,240.93118286132812,125335900
2018-11-15,239.66500645485272,243.90939880690578,238.08674754305395,243.44570922851562,135101400
2018-11-16,242.3489859884349,244.98834323159878,241.8317979051343,244.07884216308594,126668000
2018-11-19,243.4725030781068,243.76677185860473,239.03196704363543,239.9503936767578,103061700
2018-11-20,236.6154672493297,238.0778310334612,234.6448681024103,235.50979614257812,136021300
2018-11-21,237.06130728135892,238.21157858547755,236.30340336703676,236.3123016357422,75563700
2018-11-23,234.6716458769011,236.13400983891086,234.57357442697398,234.73406982421875,42807900
2018-11-26,236.99002589248818,238.74663151536032,236.59768564694465,238.52371215820312,79981400
2018-11-27,237.48930374904148,239.32615661621094,236.88296977988102,239.32615661621094,75502400
2018-11-28,240.396225565942,244.83676147460938,239.26377788494935,244.83676147460938,127629600
2018-11-29,244.06097228083433,245.70165515408803,242.91962649023046,244.30174255371094,82346400
2018-11-30,244.15011930438473,246.35256296273798,243.82912859069464,245.79080200195312,98204200
2018-12-03,249.91935540908307,250.0263523495367,247.44941866082354,249.04550170898438,103176300
2018-12-04,248.2162465946637,248.64426156553154,240.6637375292736,240.975830078125,177986000
2018-12-06,237.1148692771766,240.72615190959465,234.01182208840015,240.6102294921875,204185400
2018-12-07,240.27139029923381,241.84075126834617,234.1812454855948,235.01942443847656,161018900
2018-12-10,234.84102502235243,236.43713486508972,230.60555822834715,235.4652099609375,151445900
2018-12-11,238.66635768295276,238.85360230315126,234.0474756391725,235.51873779296875,121504400
2018-12-12,238.49690022951813,239.8611652482189,236.62437267926674,236.70462036132812,97976700
2018-12-13,237.64981305297454,238.51474108187907,235.50979307571671,236.6243896484375,96662700
2018-12-14,234.47547116758975,235.42957247444892,231.70236763728906,232.2552032470703,116961100
2018-12-17,231.3011010050752,232.41569770152586,226.06695927243624,227.69873046875,165492300
2018-12-18,229.33941606115198,230.00817404669752,225.8440290168278,227.4490509033203,134515100
2018-12-19,227.52933938568614,231.3011312906812,222.33978356258973,224.04287719726562,214992800
2018-12-20,222.7945189589598,224.3638663077274,218.14887365057305,220.39590454101562,252053400
2018-12-21,221.2972708382368,223.96101871006718,215.23432328750374,215.8800811767578,255345600
2018-12-24,214.39124202550883,216.00563669064812,210.11311326960217,210.17588806152344,147311600
2018-12-26,211.63778672637773,220.7949676513672,209.65566642653576,220.7949676513672,218485400
2018-12-27,217.55724826813972,222.68741427560954,214.31949514400904,222.4901123046875,186267300
2018-12-28,223.844425204303,225.47674780536732,221.03717246474218,222.203125,153100200
2018-12-31,223.82644361450068,224.3914851025564,221.95195871285873,224.14932250976562,144299400
2019-01-02,220.61561100863256,225.3063260642124,220.58870557266602,224.3825225830078,126925200
2019-01-03,222.633586997628,222.9385380619332,218.5437967601723,219.0281219482422,144140700
2019-01-04,222.05962162643488,227.01042771007872,221.68293179300352,226.3646697998047,142628800
2019-01-07,226.6337230013322,229.5575612415073,225.73683859430514,228.1494598388672,103139100
2019-01-08,230.33789043388248,230.77735509278912,227.8086695027086,230.29302978515625,102512600
2019-01-09,231.0015215835189,232.21232088082903,229.77279445340503,231.36924743652344,95006600
2019-01-10,229.83560729240676,232.43656660303958,229.15396638327567,232.18544006347656,96823900
2019-01-11,231.10919545023927,232.3020671838069,230.52622598914851,232.27516174316406,73858100
2019-01-14,230.37370700114573,231.6652226884312,229.97012545558084,230.8580322265625,70908200
2019-01-15,231.23474402227959,233.81777548974284,231.22576641958676,233.5038604736328,85208300
2019-01-16,233.93435413014328,234.95681551959413,233.72808822825598,234.06890869140625,77636700
2019-01-17,233.1989338658102,236.7057553387113,233.15407322100728,235.8447265625,96118400
2019-01-18,237.65642385123763,239.45019254319757,235.8805829927316,238.98379516601562,127900300
2019-01-22,237.5129025266222,237.72814599602768,234.14060886200994,235.75498962402344,115531200
2019-01-23,236.78642705671606,237.48599569891365,233.78185925046566,236.248291015625,86030300
2019-01-24,236.06894867955302,236.95688289813074,235.05546487062307,236.37388610839844,59204100
2019-01-25,238.22146474449312,239.19909287762562,236.4725564959135,238.3739471435547,96883400
2019-01-28,236.23039774840024,236.62500170748643,234.79537721909938,236.56224060058594,85613700
2019-01-29,236.7057107561628,237.2707248600356,235.41419520583867,236.248291015625,66136300
2019-01-30,237.7640106572768,240.83133934221308,237.00165360106413,239.98826599121094,92473700
2019-01-31,239.92557842369155,242.58034884746377,239.7103075342153,242.0960235595703,104012100
2019-02-01,242.29327122850813,243.2350161000987,241.4232924235119,242.21255493164062,85782500
2019-02-04,242.2573846874624,243.9794144412397,241.58472151923812,243.9166259765625,60744800
2019-02-05,244.3472009297113,245.24408537670902,243.8449478290519,244.93914794921875,79552800
2019-02-06,244.6611173589182,245.15439285929028,243.88083226488828,244.6162567138672,58347800
2019-02-07,243.0018899662257,243.54897637630074,240.62515150220383,242.28439331054688,95482000
2019-02-08,241.03768001867587,242.67896641065443,240.21253433604474,242.580322265625,75788900
2019-02-11,243.23506730353517,243.4951440801677,242.18570048188565,242.71485900878906,68021400
2019-02-12,244.32930010178086,246.21273575207329,244.25753401047314,245.8360595703125,72270200
2019-02-13,246.6701603900964,247.4773510230501,246.24862355044635,246.63427734375,65277200
2019-02-14,245.54902206240385,247.21724136156533,244.73285393361263,246.087158203125,83234400
2019-02-15,247.8628760956826,248.8046208206803,247.65661027048475,248.76873779296875,97088700
2019-02-19,247.97056799727545,249.85400303103305,247.96159039611473,249.1992950439453,59120800
2019-02-20,249.1634173076106,250.1589730818855,248.66116430516524,249.70155334472656,76610800
2019-02-21,249.0647861823057,249.4235344355389,247.85398687824858,248.81365966796875,64214700
2019-02-22,249.43253644408577,250.55364207487054,248.79575610960802,250.35635375976562,78114600
2019-02-25,251.7823934978266,252.3025744604838,250.6164272348308,250.6971435546875,69030700
2019-02-26,250.3472900084141,251.3966291901217,250.14099678987034,250.5177001953125,56844100
2019-02-27,249.80020834065053,250.7598811219917,248.8674683645355,250.4101104736328,56921600
2019-02-28,250.19482156237186,250.63431345494496,249.6208298778012,249.94369506835938,69268300
2019-03-01,251.52215451134802,251.91678566628062,250.06920679124522,251.5042266845703,78880500
2019-03-04,252.56266478077004,252.80481372706458,248.29348607078518,250.58950805664062,106494600
2019-03-05,250.71510045958334,250.91241614415003,249.70161659661557,250.2487030029297,59114600
2019-03-06,250.36526150543068,250.3742391075912,248.41006018612026,248.73292541503906,75039800
2019-03-07,248.28454607121188,248.42805088840475,245.80916324418422,246.65223693847656,94885100
2019-03-08,244.79558978537372,246.3292541915784,244.32921982807497,246.15884399414062,85795800
2019-03-11,246.8762938003066,249.8898108437862,246.84938837565863,249.72837829589844,65098900
2019-03-12,250.28457330490696,251.19043536122038,250.09623523355415,250.67022705078125,79667500
2019-03-13,251.5581298604209,253.26220463446646,251.3966698772523,252.32943725585938,80639200
2019-03-14,252.35638312195522,252.7779199246628,251.72858040500805,252.1680450439453,67518400
2019-03-15,252.72027680899396,254.22465597227253,252.53108165162246,253.41390991210938,81309000
2019-03-18,253.63015903794297,254.63010048220187,253.4049502206508,254.3328094482422,62199800
2019-03-19,255.3958767408284,256.16156490879916,253.5041167270926,254.39593505859375,90268100
2019-03-20,254.1796201095849,255.38673577336675,252.52208692239324,253.63009643554688,84609200
2019-03-21,252.81042948481794,256.9002019158172,252.7653712254414,256.4948425292969,79550400
2019-03-22,255.13446697482513,255.65693913191063,251.49508620284652,251.5581512451172,122659300
2019-03-25,251.2158645009245,252.40497335776593,250.10785499044835,251.3690185546875,85575200
2019-03-26,253.125593361551,254.19758910713398,251.83740603410251,253.24270629882812,68125900
2019-03-27,253.23374488985834,253.81930970512812,250.36909583442437,251.9185333251953,72224700
2019-03-28,252.5490494498353,253.32375420585268,251.39598197000436,252.8733367919922,56238500
2019-03-29,254.38674738241158,254.7921065396896,253.2607039044795,254.4678192138672,82186800
2019-04-01,256.46773627787417,257.78294768431635,256.19746928226925,257.48565673828125,77617900
2019-04-02,257.67485093654506,257.8460117857423,256.8190466905588,257.6117858886719,40070400
2019-04-03,258.82786619830597,259.224235717059,257.4135489378142,258.0171203613281,68243200
2019-04-04,258.34142325877013,258.95398437326423,257.64779030482515,258.7017517089844,48997500
2019-04-05,259.3683813046049,260.00796634856,259.08010755558655,259.95391845703125,58621700
2019-04-08,259.5304909294682,260.26016486067243,258.8728716804163,260.1520690917969,53566300
2019-04-09,259.1881932281539,259.51248056467637,258.26935161671037,258.81884765625,66142300
2019-04-10,259.2331475624655,259.791688074006,258.8187713686155,259.70159912109375,52601500
2019-04-11,260.1881519539477,260.1971691008526,259.0621082428974,259.629638671875,55093100
2019-04-12,261.24206310016143,261.66545650897547,259.6746195187743,261.3861999511719,69727800
2019-04-15,261.4582728622337,261.5573789816548,260.4133012380131,261.2150573730469,49596700
2019-04-16,262.09786706200686,262.1519149447241,260.79164574998873,261.3861999511719,52153200
2019-04-17,262.50331587264657,262.53033982323853,260.33230020408183,260.7467041015625,58268300
2019-04-18,261.3321834981804,261.53036825574327,260.0349791743683,261.2601013183594,68708500
2019-04-22,260.49445510855935,261.63850560047865,260.404366115119,261.4853515625,40160100
2019-04-23,261.85469994027653,264.0707737387057,261.6205015444346,263.8365478515625,52246600
2019-04-24,263.75550302834347,264.0888075995507,263.1069006901307,263.25103759765625,50392900
2019-04-25,263.1519627642455,263.74651726930773,261.89981618626115,263.0888977050781,57770900
2019-04-26,263.1338733529149,264.386019537816,262.35914106238647,264.31396484375,50916400
2019-04-29,264.4039842095179,265.2507709711447,264.3138952471826,264.728271484375,57197700
2019-04-30,264.3860838887455,265.1517992196518,262.9717936794869,264.863525390625,81111700
2019-05-01,265.4940832056484,265.70128514541994,262.86363299957645,262.8726501464844,71671900
2019-05-02,262.7555016521478,263.67437079078803,260.8096950831011,262.3050842285156,65030200
2019-05-03,263.78252536560603,265.1517847417606,262.41323849814745,264.8725280761719,56543700
2019-05-06,260.5665740866769,264.22396269391305,260.2512762775067,263.7825622558594,107198100
2019-05-07,261.3771733983688,261.9717275781503,257.4675542385565,259.3773193359375,144729900
2019-05-08,259.01708984375,260.728670867913,258.4225354370044,259.01708984375,91568300
2019-05-09,256.9450893542433,258.8368202163099,255.20645750355328,258.2332763671875,103471100
2019-05-10,257.2964675787668,260.2872461358025,254.30568902173113,259.5305480957031,112429300
2019-05-13,254.41385769260685,255.3777303435396,252.17075962901603,253.00852966308594,127290500
2019-05-14,254.02643504069349,256.8280459897245,253.90033244501296,255.29661560058594,77003200
2019-05-15,253.66606386562466,257.4315466698513,253.45886196816204,256.7919616699219,73956400
2019-05-16,257.49465974223233,260.53046913612627,257.42260504214363,259.17022705078125,76749600
2019-05-17,256.8641218949481,259.98100350122996,256.846087599335,257.49468994140625,100353000
2019-05-20,255.89119291392836,257.6027739491999,255.04440579803455,255.7921142578125,62877600
2019-05-21,257.48564741091906,258.4765713763025,257.2334147189398,258.0982360839844,46847100
2019-05-22,257.1433067720303,258.2603331360052,256.8280090911771,257.3054504394531,49482500
2019-05-23,255.08043234488764,255.12546309668002,252.7472730812327,254.16159057617188,98733800
2019-05-24,255.6029379038611,256.0173418361871,254.11656551371448,254.73814392089844,55268100
2019-05-28,255.01733792058175,255.97222067550697,252.3508744252037,252.36888122558594,70029400
2019-05-29,251.25187103140019,251.65723025093513,249.27002320934008,250.67532348632812,104972900
2019-05-30,251.4321011070103,252.26989874183897,250.26102633593794,251.36004638671875,62523800
2019-05-31,248.81059086378568,249.63934351166384,247.94576963387286,247.97279357910156,86862800
2019-06-03,248.0088483932753,249.12587484626778,246.0089938617991,247.3422393798828,96428000
2019-06-04,249.63936186530972,252.8463318942807,249.18894441751831,252.71121215820312,77231900
2019-06-05,254.3327076460896,254.92726198471507,252.52204817390717,254.90023803710938,71169700
2019-06-06,255.19755811961392,257.2334265516314,254.5489558116457,256.55780029296875,69430400
2019-06-07,257.57577613581026,260.20622675044206,257.4046152657843,259.1252136230469,74272200
2019-06-10,260.6745984921607,261.9808201331554,260.2241810285488,260.31427001953125,60799100
2019-06-11,262.13399325418897,262.50333893893577,259.6026488581999,260.2512512207031,58641300
2019-06-12,260.01704836760047,260.57556171360955,259.2783570106766,259.7918395996094,47096300
2019-06-13,260.7016563387567,261.22415605961413,259.99900610381013,260.8638000488281,48945200
2019-06-14,260.57550048828125,261.17904444955684,259.80978535876454,260.57550048828125,52324700
2019-06-17,260.80977186822014,261.44036744347824,260.5034912289338,260.6746520996094,39205700
2019-06-18,262.4942588214182,264.4580720370348,262.1339029176426,263.4040832519531,85434800
2019-06-19,263.5392531233006,264.53017706467074,262.5663634753288,263.9986877441406,78674400
2019-06-20,266.68310619427257,266.92632166085167,264.0616739781933,266.52093505859375,116570000
2019-06-21,266.2512579710432,267.5094941837973,265.9163323811376,266.1335754394531,83309500
2019-06-24,266.3418441621465,266.65864781741556,265.653870824963,265.8077697753906,47582700
2019-06-25,265.8619290790901,265.88908445192766,263.0919705496653,263.2005920410156,82028700
2019-06-26,264.0967858046772,264.6037045888523,262.82948884423956,262.9381103515625,51584900
2019-06-27,263.6984901357934,264.37740218570366,263.3183148578448,263.8704833984375,40355200
2019-06-28,264.8481905283756,265.7262515028233,264.3322381980387,265.2283935546875,59350900
2019-07-01,268.5595410665901,268.7768117440282,266.4322774281771,267.63623046875,78705600
2019-07-02,267.59096798264414,268.38756271925695,266.74912348259073,268.333251953125,61504500
2019-07-03,269.01219161006856,270.4967597025448,268.8673536772652,270.4786376953125,40898900
2019-07-05,269.24758758810736,270.33385839622804,267.9531346730237,270.1708984375,51677300
2019-07-08,268.85827258499256,269.98979283576267,268.1431440515041,268.686279296875,45841800
2019-07-09,267.5276691801684,269.31998001630495,267.47335840483174,269.0212707519531,41101300
2019-07-10,270.0893365552128,271.25707311636285,269.5552623450755,270.30657958984375,58448500
2019-07-11,270.94927706503216,271.1846144550714,269.9354395002428,270.9402160644531,50826100
2019-07-12,271.42912776574457,272.225722572846,271.12135752209366,272.1532897949219,40326000
2019-07-15,272.58782210519985,272.58782210519985,271.7369164693559,272.24383544921875,33900000
2019-07-16,272.15322575697263,272.3614354132492,271.05792196743965,271.3656921386719,36650100
2019-07-17,271.33853623857465,271.5014685127369,269.51904296875,269.51904296875,36036300
2019-07-18,269.0212274934216,270.88597081349883,268.5776803578232,270.5057678222656,51392600
2019-07-19,271.60110970326673,271.6282650875979,268.8311500014461,269.0031433105469,58678600
2019-07-22,269.40129800629416,270.2069534390258,268.88534592437367,269.663818359375,43638100
2019-07-23,270.7862911783745,271.5919189453125,269.95348041508265,271.5919189453125,44564500
2019-07-24,270.8317017841682,272.8684387207031,270.7411746175419,272.8684387207031,47213200
2019-07-25,272.41581648612396,272.4701272583008,270.7592550596967,271.5649108886719,55394100
2019-07-26,272.2528485823537,273.58351757677167,272.12610504716736,273.3843688964844,45084100
2019-07-29,273.2666775777019,273.384360106589,272.3343059738363,272.886474609375,38126500
2019-07-30,271.48351260712366,272.62409435802965,271.1033094818156,272.21673583984375,45849000
2019-07-31,272.46103201638994,272.6511473201297,267.21984978486825,269.23846435546875,104245200
2019-08-01,269.3923262613973,272.3523730664228,266.097326282711,266.8939208984375,142646600
2019-08-02,265.99791738820943,266.24231593802307,263.32751722812344,264.8844909667969,116749700
2019-08-05,260.78375106419935,260.892372596246,255.01752786298675,256.9184875488281,178745400
2019-08-06,258.81033515709356,260.738449845443,257.33482851295753,260.52117919921875,120711700
2019-08-07,257.4435115429368,261.4445797648899,255.30721432375586,260.6751403808594,140572300
2019-08-08,262.16871642969346,265.7895812988281,261.6165477971536,265.7895812988281,87713900
2019-08-09,264.8482175889276,265.4456637627405,262.19594001239,263.9792175292969,93730000
2019-08-12,262.47656132527663,263.9701629838489,259.8152226790869,260.7657165527344,65527600
2019-08-13,260.46695627826205,266.26939667676976,260.1229696286607,264.821044921875,94299800
2019-08-14,260.76570090814516,261.37218043993045,256.86422034542153,256.9909362792969,135622100
2019-08-15,257.87800948700215,258.565982676383,255.6240298665411,257.6697998046875,99556600
2019-08-16,259.3263824546937,261.90622687818694,257.72413188114456,261.47174072265625,83018300
2019-08-19,264.495110275304,265.30073828744696,263.816198159732,264.621826171875,53571800
2019-08-20,264.114872519348,264.64894666486117,262.4674003310705,262.5941162109375,51596400
2019-08-21,264.75765464965775,265.1016136143309,264.0696814702971,264.7304992675781,49524700
2019-08-22,265.4366093079304,266.0702441995334,262.87483148005776,264.6490478515625,51666400
2019-08-23,263.34546766077995,265.0110618919458,256.60159698092207,257.8507995605469,149161500
2019-08-26,260.0415440450403,260.7023620605469,258.51172589100315,260.7023620605469,72423800
2019-08-27,262.0963526786402,262.46749470133955,258.9190344141973,259.6794128417969,66668900
2019-08-28,259.0185898937804,261.67086686459277,258.21293417482644,261.5079345703125,59696700
2019-08-29,264.06973271239076,265.373246555172,263.0649281304495,264.84820556640625,57899400
2019-08-30,266.33272206029176,266.3508164400091,263.7981276495006,264.7304992675781,62901200
2019-09-03,263.02868486425206,263.94293446557975,261.85188719792905,263.18255615234375,69101400
2019-09-04,265.35517153491077,266.1879552243926,264.60382638840616,266.16986083984375,46887300
2019-09-05,268.65912013072057,270.505741263956,266.1335592315825,269.59149169921875,83258100
2019-09-06,269.90836229817734,270.4424366119935,269.2294500581553,269.7997131347656,49584300
2019-09-09,270.7864219040724,270.8769214356232,268.99408365421084,269.9355163574219,51260300
2019-09-10,269.1751580163531,269.9355641661296,267.9169214798469,269.8721923828125,57947100
2019-09-11,270.1799147938697,271.8726648838631,269.5281579417055,271.79119873046875,68821100
2019-09-12,272.6964801369356,273.79178440513664,271.9361015654146,272.7326965332031,72908700
2019-09-13,273.1762067567145,273.52925441617066,272.18046318198077,272.5516052246094,62104800
2019-09-16,271.4199799926493,272.5967774451182,271.0669600944099,271.70965576171875,58191200
2019-09-17,271.5106135645232,272.48823513713944,271.33862023577393,272.3977355957031,41475500
2019-09-18,272.0084421096551,272.6692599657147,269.97170539749584,272.5606384277344,73375800
2019-09-19,272.9498693706403,273.9456128239517,272.20758537589813,272.5425109863281,76560500
2019-09-20,273.1463237989638,273.4282622508574,270.46362073249094,271.2547912597656,89565000
2019-09-23,270.5909570013887,271.90959322004414,270.336327054296,271.191162109375,43476800
2019-09-24,272.2824122840167,272.67344612254635,268.09918278912005,269.0631408691406,94869400
2019-09-25,269.14503076538426,271.10022805596975,267.66270975241423,270.6546325683594,71854000
2019-09-26,270.6637140924757,270.87285754850967,268.6812361680686,270.0907897949219,56179700
2019-09-27,270.8455691998778,270.9547201008358,267.08068181796534,268.6357421875,84746600
2019-09-30,269.1540856912137,270.5909199632974,269.10862696682705,269.881591796875,51662400
2019-10-01,270.7637014319603,271.41846801336465,266.45317096005283,266.6714172363281,88242400
2019-10-02,265.0891114666045,265.09821431351884,260.6694572690525,261.9607849121094,122539500
2019-10-03,261.73348511855045,264.13430593978995,259.01439762627496,264.1070251464844,85278800
2019-10-04,264.7618131107976,267.9355992470245,264.7072237672338,267.68096923828125,65091200
2019-10-07,266.88058737396443,268.50841485168297,266.24399873388415,266.5259094238281,59610500
2019-10-08,264.67080858188825,265.4074176476115,262.35183047463295,262.3882141113281,95708100
2019-10-09,264.407037132498,265.81659063182866,263.7795513160013,264.8799133300781,62359400
2019-10-10,264.79806269142273,267.553532939712,264.63437798421626,266.6714172363281,55296300
2019-10-11,269.4269323090313,271.67314311799345,269.30873405810314,269.43603515625,98720400
2019-10-14,269.1177195999643,269.79069193177,268.79035015685406,269.13592529296875,40394800
2019-10-15,270.1816904704129,272.54612678764573,270.06346449166466,271.8004150390625,46754500
2019-10-16,271.3366413330304,272.0550723707066,270.9274295413768,271.3639221191406,48928200
2019-10-17,272.5279681797132,273.0372280587811,271.4730647866204,272.1642150878906,45736600
2019-10-18,271.62763644782535,272.2733001769917,270.1180349628478,270.9728698730469,64304000
2019-10-21,272.29154052140666,273.00994384916356,271.8550201651412,272.80987548828125,39048600
2019-10-22,273.34637146465167,273.6373849879232,271.82769494162426,271.91864013671875,48594700
2019-10-23,271.664068797207,272.76443096306724,271.45489757866204,272.7098693847656,34352200
2019-10-24,273.64656905775985,273.79207586258536,272.32793271893104,273.1554870605469,35453100
2019-10-25,272.58252524376513,274.8196608389771,272.527963668524,274.2740173339844,45205400
2019-10-28,275.4925768715583,276.32013101368767,275.4652960867663,275.8199462890625,42147000
2019-10-29,275.5471021585543,276.6656696928972,275.4197733445718,275.7380676269531,44284900
2019-10-30,275.93814036739496,276.9566598852974,274.6286073436417,276.5838317871094,49643900
2019-10-31,276.5747016616146,276.5747016616146,274.3921560881661,275.84716796875,69053800
2019-11-01,277.2932449130918,278.4481686934179,277.1295324204775,278.4027099609375,71141500
2019-11-04,279.95776061162724,280.09416455683635,279.1483842824147,279.521240234375,60606900
2019-11-05,279.72123486056694,280.02135121348886,278.9209615895428,279.21197509765625,42933200
2019-11-06,279.2120008688192,279.5484731268798,278.3298851708271,279.2756652832031,46487100
2019-11-07,280.61245990736666,281.5945958295788,279.78490583507175,280.2577819824219,54272300
2019-11-08,279.91218840296824,281.0034751355925,279.2119631969552,280.94891357421875,49032100
2019-11-11,279.566712897289,280.5852326412768,279.4302812062415,280.4124450683594,35797300
2019-11-12,280.7761908966361,281.9038337622453,280.2305474042965,281.0035400390625,46484600
2019-11-13,280.0123286946821,281.4946496897508,279.78497952985765,281.0945129394531,53917700
2019-11-14,280.8125701165942,281.585562739211,280.17598142677315,281.5036926269531,51219900
2019-11-15,282.84045746173746,283.5861691680478,282.14933507162783,283.54071044921875,62023600
2019-11-18,283.30437394705217,283.9864215228647,282.8496755631772,283.7499694824219,49228000
2019-11-19,284.3500771269776,284.35917997236,283.02236607228707,283.66802978515625,67804700
2019-11-20,283.0770214417954,283.59538425396653,281.05815953091707,282.61322021484375,79406200
2019-11-21,282.72235757531104,282.8314807405151,281.3582625050897,282.15850830078125,54664700
2019-11-22,282.90420623191045,283.0406101816487,281.77656324396247,282.7859802246094,44850200
2019-11-25,283.7135229082867,284.9775695800781,283.7135229082867,284.9775695800781,48647200
2019-11-26,285.01391943689237,285.80508983778327,284.69562515711766,285.6231994628906,37569000
2019-11-27,286.10522505743006,286.89642333984375,285.88697877404934,286.89642333984375,44444600
2019-11-29,286.33264612293493,286.57820100600895,285.60513982717293,285.8324890136719,36592700
2019-12-02,286.0871227294909,286.1507871631629,282.9770013590079,283.4044189453125,75767800
2019-12-03,280.6852412775978,281.585562739211,279.30296850429954,281.5036926269531,73941700
2019-12-04,282.5495390662209,283.8408667166338,282.2039639124934,283.24066162109375,49080000
2019-12-05,283.94096278551194,283.95914072993565,282.4404359166549,283.7499694824219,40709000
2019-12-06,285.6596274218507,286.7418114894914,285.6505245759209,286.3416748046875,48927000
2019-12-09,285.9506966924689,286.62364136052076,285.3686694911169,285.4414367675781,34838500
2019-12-10,285.3868406884249,286.05068242852656,284.4683412640769,285.12310791015625,52649800
2019-12-11,285.5778171170683,286.1871250585876,285.04127644599606,285.9324951171875,53429100
2019-12-12,285.94156026923116,289.17900987699994,285.7051360299545,288.3969421386719,96389600
2019-12-13,288.1605235736877,289.7974542607273,287.3875308397455,288.56976318359375,81503900
2019-12-16,290.2975551457974,291.14328723980907,288.5060429102938,290.55218505859375,82749700
2019-12-17,290.9341696015044,291.2342582653961,290.53403288126106,290.6158752441406,61097700
2019-12-18,291.0068891101069,291.23423824222414,290.5794716316232,290.634033203125,48133000
2019-12-19,290.8250365559366,291.898145691162,290.57040660492686,291.82537841796875,85310500
2019-12-20,292.8579742516137,294.2379231152867,291.8801572122193,293.104736328125,147142100
2019-12-23,293.8906778189208,293.9455076437393,293.40632910700657,293.55255126953125,52990000
2019-12-24,293.7810563883531,293.82673861863617,293.2601450957839,293.5617370605469,20270000
2019-12-26,293.94561427942716,295.13365932254686,293.93649456466625,295.12451171875,30911200
2019-12-27,295.85550805385674,295.9103378824698,294.52126907589263,295.0513000488281,42528800
2019-12-30,295.13348547956235,295.27056001059447,292.9401814269704,293.4245300292969,49729100
2019-12-31,292.9219585916766,294.38415221906047,292.5746844676578,294.13739013671875,57077300
2020-01-02,295.672721478946,296.90644827655234,294.74970630853255,296.8881530761719,59151200
2020-01-03,293.49771070903796,295.76411231173057,293.442880886225,294.6400451660156,77709700
2020-01-06,292.88551498886466,295.84646595590243,292.76670769935845,295.76422119140625,55653900
2020-01-07,295.19752718117184,295.67275622250656,294.4847115081981,294.9325256347656,40496400
2020-01-08,295.12438459091834,297.71976504897265,294.8776503960096,296.50433349609375,68296000
2020-01-09,298.0670758368869,298.5879870903448,297.48218715461246,298.5148620605469,48473300
2020-01-10,299.09971858480566,299.25506045062673,297.18973874984056,297.6557922363281,53029300
2020-01-13,298.2772800531271,299.7120310890485,297.8477611357546,299.7029113769531,47086800
2020-01-14,299.2641779536659,300.3151199538499,298.6884369921767,299.24591064453125,62832800
2020-01-15,299.1546261328861,300.6807697217704,299.07238137860776,299.9222717285156,72056600
2020-01-16,301.3021641332184,302.4170837402344,301.07369722923175,302.4170837402344,54050300
2020-01-17,303.1298400255028,303.56847854631405,302.35304712620507,303.3583068847656,95846000
2020-01-21,302.398801777143,303.56855126120206,302.3257046358388,302.76434326171875,77742400
2020-01-22,303.6233480257216,304.2722140708887,302.64553093599403,302.8008728027344,48914900
2020-01-23,302.15208091700214,303.5594449783584,301.03716121185505,303.148193359375,51963000
2020-01-24,303.80623891895783,303.8884836811111,299.1637744911654,300.45233154296875,87578400
2020-01-27,295.2066810180619,297.1166611579254,294.8685544324489,295.6361999511719,84062500
2020-01-28,297.0617985757093,299.61149697791484,295.72755969424713,298.73419189453125,63834000
2020-01-29,300.0959653632685,300.3244323534179,298.28649676123206,298.487548828125,53888900
2020-01-30,296.4220385181129,299.6662847627549,295.6726883900491,299.4560852050781,75491800
2020-01-31,298.8347496867189,298.9901194730198,293.1048090217675,294.0186767578125,113845600
2020-02-03,295.499090784858,298.067056481467,295.3802835359217,296.2027587890625,69083000
2020-02-04,299.81250426028714,301.58540936360026,299.4926450715204,300.71722412109375,62573200
2020-02-05,303.6507628947107,304.4001409842499,302.1885971158361,304.18994140625,65951100
2020-02-06,305.1495235533158,305.4054053572776,304.1351160486289,305.2135009765625,50359700
2020-02-07,304.15344652404104,305.222656086769,303.03852684411055,303.58685302734375,64139400
2020-02-10,302.700414075177,305.91721840038207,302.6638515575527,305.8532409667969,42070000
2020-02-11,307.2057149525741,307.991627648604,305.8531809561454,306.38323974609375,54864500
2020-02-12,307.81803230663076,308.5674104828042,307.4524908196525,308.35723876953125,43992700
2020-02-13,306.93157642101494,308.9969262404168,306.65742728084103,308.0282287597656,54501900
2020-02-14,308.4394837726626,308.6405357740244,307.24231936560784,308.521728515625,64582200
2020-02-18,307.5256020605576,308.58569184757795,306.3375574198674,307.7266540527344,57226200
2020-02-19,308.69541242931956,309.87428181296707,308.4121156420215,309.1980285644531,48814700
2020-02-20,308.64963919276863,309.4721423570291,304.9393389090685,307.9277038574219,74163400
2020-02-21,306.57521018265294,306.88592186587607,303.9341190417113,304.7566223144531,113788200
2020-02-24,295.3071862193686,304.82967088286625,293.5708154883239,294.6492004394531,161088400
2020-02-25,296.0383078861717,296.6505836333486,284.8434284508616,285.7207336425781,218913200
2020-02-26,287.11892786401404,290.7104209886197,283.93868633219154,284.6697692871094,194773800
2020-02-27,279.1499964992916,284.72459458112405,271.884765625,271.884765625,284353500
2020-02-28,263.833594623337,272.23204033235453,260.9457695802284,270.742431640625,384975800
2020-03-02,272.52457955507947,282.53144571768996,269.0975744156977,282.46746826171875,238703600
2020-03-03,282.84209424548885,286.80827729307117,271.9396576937883,274.3796691894531,300139100
2020-03-04,279.75319881257633,286.1320059219411,277.20349991147214,285.91265869140625,176613400
2020-03-05,278.71135042930734,281.9007394258582,274.1694273459628,276.40838623046875,186366800
2020-03-06,267.9003132173233,273.0453928793516,265.231835125878,271.8390808105469,228667200
2020-03-09,251.58772614350622,259.71202207505866,249.89709348195655,250.6099090576172,309417300
2020-03-10,260.1232493248857,263.66903167185677,249.94275235063745,263.5776672363281,276444100
2020-03-11,256.522737464669,257.6559247661242,247.54854775614214,250.72879028320312,255316300
2020-03-12,233.95014691450632,243.6919805975519,226.34676044641748,226.73973083496094,392220700
2020-03-13,240.4294577708272,248.09682141327602,227.1144121941133,246.12286376953125,329566100
2020-03-16,220.4065784730682,234.7725780910604,216.91561153342053,219.19114685058594,297240000
2020-03-17,223.93413457519435,234.10550046036911,216.65062185131984,231.0257568359375,262070500
2020-03-18,215.9012131690979,226.977283642767,208.38008698094055,219.32821655273438,327597100
2020-03-19,218.64284326233184,226.0725919909202,212.21835456333,219.7943115234375,289322000
2020-03-20,222.94363004147445,224.72696071707477,210.0466734873275,210.32244873046875,347158800
2020-03-23,209.76174689567557,211.131407928482,200.63367034211038,204.94491577148438,326025200
2020-03-24,215.4885612758454,224.38682507267387,214.91863611227424,223.51353454589844,235494500
2020-03-25,225.0946770230059,235.6475802643827,220.38816470935495,226.859619140625,299430300
2020-03-26,229.369162336313,241.57667533640435,228.9371176727837,240.1059112548828,257632800
2020-03-27,232.8162514936,239.74732482858482,230.77553465466747,232.95413208007812,224341200
2020-03-30,235.05003225521446,241.2365231887897,233.05528002333395,240.51951599121094,171369500
2020-03-31,239.51752951061562,242.06381801054945,235.52802532472109,236.93446350097656,194881100
2020-04-01,227.9534688676713,236.8517325396181,224.20296243005834,226.27125549316406,189554600
2020-04-02,225.38882134558207,232.27393107275833,224.83727084545978,231.49258422851562,177660400
2020-04-03,230.50897330571124,232.86224312191504,225.41638201331432,228.1465301513672,135561200
2020-04-06,237.0172704456677,245.4375275667559,228.128205119222,243.4703369140625,188061200
2020-04-07,252.06515907675276,252.8189437055567,243.49785113917028,243.7184600830078,201427200
2020-04-08,246.31985753505052,253.710564441002,243.82872180426008,251.899658203125,153774500
2020-04-09,255.16303317810022,258.49071084159345,253.22344715493466,255.7329864501953,189999200
2020-04-13,254.75860459423126,255.09871946317554,249.49134066253833,253.3981170654297,114839100
2020-04-14,258.2885153744186,261.89192674380104,253.260262690421,260.87158203125,134143400
2020-04-15,255.15384835522406,261.0094117275876,253.21423436633597,255.32850646972656,121775000
2020-04-16,256.60631463326337,257.4152518167674,253.49009986161752,256.56036376953125,131798300
2020-04-17,262.33311040568213,264.09803815159717,259.5937609848719,263.4913635253906,146684800
2020-04-20,259.7868595128614,263.6293107862759,258.62863415329286,258.8492431640625,100109300
2020-04-21,254.3817345361201,255.58593877116283,250.0520864620385,250.98973083496094,126385700
2020-04-22,255.87093249536716,258.3069173868075,254.5472222047297,256.56036376953125,92951600
2020-04-23,257.8380038199027,261.0093977789953,256.23853280732754,256.5418701171875,104709700
2020-04-24,258.0586753592096,260.78882372538203,256.00875672334155,260.1177673339844,85063200
2020-04-27,262.0941566039355,264.98976199024764,261.634535810774,263.8682861328125,77896600
2020-04-28,267.5177060779378,267.8670224080393,262.3515722772504,262.6549377441406,105270000
2020-04-29,267.98647324976343,271.06593788395355,266.9569272587203,269.5307922363281,118745600
2020-04-30,268.151827859147,269.63182069737235,265.28379996126034,267.02117919921875,122901700
2020-05-01,262.268717832664,267.18666411275467,258.78478565307967,259.9522399902344,125180000
2020-05-04,258.06784244223917,260.9726488665371,256.58787713450204,260.6693115234375,80873200
2020-05-05,263.4913676039255,265.8905741855777,260.79796898937275,263.07769775390625,79569900
2020-05-06,264.7783363053678,265.1644020355753,260.86235843797067,261.2944030761719,73632600
2020-05-07,264.5117413329673,266.3778004537861,263.9418160920804,264.4473876953125,75250400
2020-05-08,267.5819556045888,269.29175906737254,266.45127866866704,268.82293701171875,76452400
2020-05-11,266.8926085627232,270.2570362580128,266.4697652724054,268.878173828125,79514200
2020-05-12,270.0639145922281,270.4775563533977,263.38101225836226,263.5189208984375,95870800
2020-05-13,262.95820745768185,263.9969547866996,256.4315875392969,258.8583984375,144721100
2020-05-14,256.42235460323354,262.08485594358507,250.943656625686,261.9561767578125,121977900
2020-05-15,259.56619361268525,263.2063817576998,258.61937607827673,263.1604309082031,111146300
2020-05-18,269.383737206358,272.7849423166049,269.0620250917087,271.17626953125,119703800
2020-05-19,270.57869857253786,272.28847402813193,268.3725249301823,268.3908996582031,95189300
2020-05-20,271.9299425834225,273.814375850398,271.70013227998567,272.9502868652344,85861700
2020-05-21,272.82170318555836,273.6306402253111,269.97204881480235,271.0659484863281,78293900
2020-05-22,270.78095292638466,271.75534659131654,269.5399713937195,271.5806884765625,63958200
2020-05-26,277.5465711025609,277.7855828624157,271.59907765243577,274.9267272949219,88951400
2020-05-27,277.7212306525081,279.0541420158943,272.8952128963509,279.0173645019531,104817400
2020-05-28,280.04688227031033,282.06002314727544,277.8315071665672,278.5025634765625,90405200
2020-05-29,278.03378746198035,280.3318913047763,275.2852642429645,279.74359130859375,119090800
2020-06-01,279.10004699838373,281.4808786671015,278.5852740999053,280.8741760253906,55758300
2020-06-02,281.7934518574034,283.2458690404746,280.46056860288843,283.19989013671875,74267200
2020-06-03,285.18541958591584,287.92476883249293,284.909658409725,286.96875,92567600
2020-06-04,285.98518598186917,287.7225657388418,284.119127013096,286.2149963378906,75794400
2020-06-05,291.6110119068838,295.324727633124,291.5466582645759,293.55059814453125,150524700
2020-06-08,294.35949682860377,297.2918792842742,293.817147742069,297.0988464355469,73641200
2020-06-09,294.4329755410005,297.1723246989423,293.56888647953616,294.8834228515625,77479200
2020-06-10,295.46261387215606,296.3542792450485,292.52102986489626,293.238037109375,95000800
2020-06-11,286.3069674196292,286.941246338049,275.78166842632197,276.33319091796875,209243600
2020-06-12,283.3469673510181,284.11912678025476,274.48549461766504,279.6424255371094,194678900
2020-06-15,273.9523329194972,283.38375938311225,272.7757049594633,282.2530822753906,135782700
2020-06-16,290.0022973807095,290.14937937635153,282.82302403325144,287.685791015625,137627500
2020-06-17,288.7061896286449,289.000353646456,285.75540416445665,286.4908142089844,83398900
2020-06-18,284.9740877759043,287.0791307706854,284.5144669914152,286.60113525390625,80828700
2020-06-19,290.0689696801593,290.26285198086515,283.01504638164135,284.96319580078125,135549600
2020-06-22,284.36304192298934,287.18829677421513,283.2181755111513,286.7912902832031,74649400
2020-06-23,289.4411072237713,290.3736357062622,287.70532390749855,288.111572265625,68471200
2020-06-24,286.07107366384247,286.6896879902903,278.92484547295174,280.7621765136719,132813500
2020-06-25,280.18976894126644,284.03988623160495,278.16776915357684,283.7721252441406,89468000
2020-06-26,282.67343082724625,282.88579689027085,276.45048811590635,277.0321350097656,127961000
2020-06-29,278.2878684607212,281.2423692160098,275.9981071297797,281.1038818359375,79773300
2020-06-30,280.6699229107989,286.4035537681701,280.5129799461542,284.7046813964844,113394800
2020-07-01,285.8218995785466,287.9639317029631,285.3602561815504,286.6990051269531,72396500
2020-07-02,290.1336499523645,291.4816690368275,287.6130948915451,288.2778625488281,69344200
2020-07-06,292.10019917073765,293.3097024538688,291.3523392224344,292.72802734375,61713800
2020-07-07,291.1861571430053,293.16197598302176,289.3303419029436,289.7088928222656,82910000
2020-07-08,290.4751769616239,292.03553353353783,288.71172439183437,291.92474365234375,54638600
2020-07-09,292.53412506328704,292.7741885974815,286.84667618527334,290.2628479003906,83354200
2020-07-10,290.1982744487149,293.49441511654214,288.7671911665096,293.2266540527344,57550400
2020-07-13,295.57175522796825,297.95382235069326,290.03203541314804,290.68756103515625,102997500
2020-07-14,289.2657251994357,295.23017784397115,288.06546370459,294.4546203613281,93657000
2020-07-15,297.6768588380392,298.2585339487308,294.777725167758,297.1598205566406,87196500
2020-07-16,295.25786563140133,296.6335538163291,294.61155366216747,296.18115234375,54622500
2020-07-17,297.1875852389075,297.8246554397892,295.21173779235187,297.03985595703125,62774900
2020-07-20,296.7720261466081,300.18819807974637,296.02416620162734,299.4403381347656,56308800
2020-07-21,301.40689690868754,301.8500564070887,299.0894387179133,300.0773620605469,57292200
2020-07-22,299.7173992679284,302.09949533060507,299.6066093443585,301.7855529785156,57792900
2020-07-23,301.42537631818345,302.1270831480681,296.8181852176336,298.18463134765625,75738000
2020-07-24,296.32882749424476,297.28902521270993,294.7592290992445,296.2641906738281,73766600
2020-07-27,296.95669073754914,298.60013985296814,296.16264956413676,298.4247131347656,48293000
2020-07-28,297.6952737904054,298.81247079634437,296.2364934476947,296.5319519042969,57495000
2020-07-29,297.40915556374705,300.7422357434554,297.37221620033927,300.17901611328125,48454200
2020-07-30,297.20600271794535,299.5234615044289,295.11939379817784,299.10797119140625,61861700
2020-07-31,300.89912438191095,301.573133804093,296.67969747786157,301.4715576171875,84986800
2020-08-03,303.1334674949773,304.3337288211006,302.58873177456934,303.5674133300781,53077900
2020-08-04,302.70874832852365,304.739990234375,302.70874832852365,304.739990234375,41917900
2020-08-05,306.0418321331255,306.89126826301356,305.7740711107244,306.6327209472656,42697700
2020-08-06,306.05102897866146,308.8024048039593,305.72787305800415,308.682373046875,43679400
2020-08-07,307.71291374534616,309.19017773336356,306.8080828607746,308.9039611816406,57308300
2020-08-10,309.356415827872,310.0119414454086,307.4175082706169,309.8273010253906,44282100
2020-08-11,311.00910310173,311.64617312266336,306.5403992490115,307.269775390625,69601100
2020-08-12,309.70729014184826,312.3294209653016,309.67959266815404,311.5538635253906,53774400
2020-08-13,310.7874764150394,312.30167990291056,310.06731402303166,310.9906005859375,41816100
2020-08-14,310.60284094610125,311.53536940593125,309.8734366603985,310.9998474121094,47260400
2020-08-17,312.0154294004109,312.38473835012826,311.00905053743276,311.98773193359375,35481000
2020-08-18,312.38480129876183,313.0865081681524,310.7875052531915,312.66180419921875,38733900
2020-08-19,313.04028437426666,313.557322573065,310.79670488557355,311.35992431640625,68054200
2020-08-20,309.6333973234677,312.8095056526026,309.5041518442734,312.32940673828125,42207800
2020-08-21,311.99705293699736,313.6589577204171,311.65541319099066,313.4373779296875,55106600
2020-08-24,315.8748485901053,316.68734541310374,313.40968882300405,316.6134948730469,48588700
2020-08-25,317.17663880879144,317.8044669230327,316.0132886974553,317.72137451171875,38463400
2020-08-26,318.3122748541858,321.1744405717904,317.7675391796588,320.9067077636719,50790200
2020-08-27,321.7746114341692,323.05796511433385,319.94649388256835,321.6083984375,58034100
2020-08-28,322.6332894034035,323.81509518897934,321.4422417348515,323.6858215332031,48588900
2020-08-31,323.473470596124,324.3505759728523,322.28242297558756,322.51324462890625,66099200
2020-09-01,323.34417391191676,325.6523902806764,322.4485848337792,325.55084228515625,54908700
2020-09-02,327.4621164118237,331.22911386665123,326.3172217084211,330.2596740722656,69540000
2020-09-03,328.57000776099846,329.04089295769626,316.30876246960275,318.89398193359375,148011100
2020-09-04,319.57715026354145,321.14672035614166,309.18093559831357,316.2902526855469,139156300
2020-09-08,310.8797876425356,316.3548979684875,307.3436127666007,307.6482849121094,114465300
2020-09-09,311.6553602505374,316.188700542301,310.7874686489755,313.7235412597656,91462300
2020-09-10,315.5978402401596,316.25336585308577,307.3159581046872,308.27618408203125,90569500
2020-09-11,310.05812950649084,311.11990351849477,305.6078810919823,308.4331359863281,84680200
2020-09-14,311.59998582152673,314.2682976219797,308.58084878107974,312.4955749511719,65605700
2020-09-15,314.9515989909545,315.7825515027897,312.5048945263648,314.0744934082031,52920900
2020-09-16,315.3117078985403,316.74279127603273,312.55106099803675,312.82806396484375,82096000
2020-09-17,307.9716278329205,311.7940497655968,307.4453474491778,310.07672119140625,91523300
2020-09-18,310.8821027224487,310.9933360912378,304.0224381842765,306.5067443847656,105877900
2020-09-21,301.9182014330189,303.2437795741085,298.2380798999571,303.095458984375,99450800
2020-09-22,304.57868073084774,306.7385377490843,302.06653750783966,306.1823425292969,63612100
2020-09-23,306.7384904056228,307.01660211722344,298.58105607201094,299.0816345214844,93112200
2020-09-24,297.76532620085055,302.93787621508653,296.4489985751981,299.87884521484375,76681300
2020-09-25,299.02596442851154,305.51484110446944,298.1546270152853,304.7269287109375,71069400
2020-09-28,308.8890645006327,310.50200476162365,307.89718658161235,309.7882385253906,64584600
2020-09-29,309.5843740782885,310.3259488282698,307.40595935248126,308.1011962890625,51304000
2020-09-30,308.7686699942234,313.5889914411936,308.57401154453265,310.437255859375,104081100
2020-10-01,313.03276987437926,314.0060903303923,310.54846318932005,312.43023681640625,88698700
2020-10-02,307.4801391377748,312.4024144710618,307.0073689601297,309.4638671875,89431100
2020-10-05,311.5217523825799,315.1369786568774,311.47541457094957,314.95159912109375,45713100
2020-10-06,315.0905952451243,317.1855845500535,309.96438363528426,310.4742126464844,90128900
2020-10-07,313.43138370286675,316.6851020086094,313.40357535364103,315.8786315917969,56999600
2020-10-08,317.81598305879504,318.7429656383515,316.89825106833507,318.6780700683594,45242500
2020-10-09,320.32811028649445,321.9874170889095,319.7070477762188,321.52392578125,59528600
2020-10-12,324.06378442537806,328.17030980233085,323.5724848688719,326.6964111328125,80388500
2020-10-13,326.55742954167613,326.7335584990035,323.60035278140873,324.5644226074219,73255500
2020-10-14,325.13906040450945,326.2328927919299,321.7926676880987,322.52496337890625,57727900
2020-10-15,318.61313237555913,322.60842450210197,318.07549499777156,322.12640380859375,60357700
2020-10-16,323.4797769752981,325.13908342610574,321.75560325500436,321.9317321777344,89501900
2020-10-19,323.1923171026715,323.822658167768,316.13799660376134,317.03717041015625,68425600
2020-10-20,318.381366603576,321.55165885307974,317.6212625367953,318.3072204589844,60051900
2020-10-21,318.26087876428136,320.43004263717467,317.39879185718223,317.7047119140625,63575000
2020-10-22,317.9179331532719,320.0314522737697,315.7766056873438,319.44744873046875,55399300
2020-10-23,320.67102412804957,320.7266408105194,318.0754846485953,320.531982421875,49143900
2020-10-26,317.14853512100905,317.9364759234132,311.1138698437013,314.6086120605469,91473000
2020-10-27,314.9515782824497,315.2852783983385,313.3108011782151,313.5240173339844,65994100
2020-10-28,307.85092353477626,313.55186080057024,302.31683634561693,302.8081359863281,127094300
2020-10-29,303.0398382217238,309.05594531130174,301.35272336162404,305.88568115234375,90597700
2020-10-30,304.30977868935224,305.61682725753553,299.04452548918334,302.69683837890625,120287300
2020-11-02,306.08966064453125,308.0919181320214,303.34577182679664,306.08966064453125,86068300
2020-11-03,309.3248216610703,313.55185999385526,306.173086523715,311.49395751953125,93294200
2020-11-04,315.9712016015237,322.5342527174531,314.7939441588328,318.4555358886719,126959700
2020-11-05,323.7393687910326,326.4739785623512,323.3871109043666,324.6663513183594,82039700
2020-11-06,324.3789774456897,325.843625628691,322.2654584902254,324.5921936035156,74973000
2020-11-09,337.39386942742516,337.7739357009492,328.20746815703154,328.67095947265625,172304200
2020-11-10,327.67907691220296,329.24567980133196,324.91668681292754,328.1889343261719,85552000
2020-11-11,330.37649720254603,331.45180010151614,329.13434427337086,330.6268005371094,58649000
2020-11-12,329.6164387197169,330.67321239286036,325.6118956516911,327.41949462890625,67546200
2020-11-13,329.32901662727664,332.69396715892105,328.809908762868,331.952392578125,62892200
2020-11-16,334.6222008625587,336.29075828534565,333.3336814245421,336.0960998535156,74541100
2020-11-17,333.68588866910596,335.49351584362677,332.17490268135197,334.2884216308594,66111000
2020-11-18,334.5573460141445,335.1042624391809,330.22832414614453,330.2654113769531,70591300
2020-11-19,329.6349468775226,332.02654902065063,328.2908110827179,331.65576171875,59940900
2020-11-20,331.39626921670055,331.6002065139429,329.31055843142065,329.38470458984375,70417300
2020-11-23,331.19240282056927,332.6199642068755,328.9583709509223,331.3592529296875,63230600
2020-11-24,333.9083515604822,337.2454941499389,333.05554351994675,336.6985778808594,62415900
2020-11-25,336.61524845106254,336.64305680181974,335.0857325808797,336.1795654296875,45330900
2020-11-27,337.2732938319882,337.5884644727242,336.1052868833564,337.11572265625,28514100
2020-11-30,336.33708795881,336.6059208367198,332.9443565005629,335.6233215332031,83872700
2020-12-01,338.87697278160647,340.83289212462,338.2836904492131,339.2940979003906,74231400
2020-12-02,338.1816564159485,340.1653836336137,337.6069319724124,340.0078125,45927000
2020-12-03,339.90591277346965,341.30566530410596,338.81208028863574,339.9151916503906,62882000
2020-12-04,340.4992481431544,342.8445129394531,340.4065442272832,342.8445129394531,50749900
2020-12-07,342.07505805149833,342.63125318672655,340.8699921662204,342.13995361328125,48944300
2020-12-08,340.8699949146147,343.7065590089636,340.8236571068303,343.14111328125,42458900
2020-12-09,343.7992759610222,343.95684714487703,339.22925900105616,340.06353759765625,74098300
2020-12-10,338.6916509289143,340.99982870636666,337.82028496287495,339.9523620605469,57735400
2020-12-11,338.2559713720657,339.9616160939201,336.7357345003271,339.5537414550781,57698600
2020-12-14,341.7227553069555,342.798029838423,337.8572268196279,338.0333557128906,69216200
2020-12-15,340.57342135002625,342.603515625,339.20150512752514,342.603515625,63865300
2020-12-16,342.81666375897925,344.058816873757,341.9360190969958,343.14111328125,58420500
2020-12-17,344.78179211947224,345.2638127218259,343.95676430991523,345.05987548828125,64119500
2020-12-18,345.3485696719916,345.5161309651634,341.67136919379556,343.68218994140625,136542300
2020-12-21,339.7629543638441,352.3212438699424,337.0260063626711,342.4533386230469,96386700
2020-12-22,342.7791666961401,342.8908742196503,340.7497375927771,341.87615966796875,47949000
2020-12-23,342.8444269701643,344.0918753195968,341.8576390458393,342.1834716796875,46201400
2020-12-24,342.65811576810853,343.54251428118584,342.07165131242414,343.51458740234375,26457900
2020-12-28,346.06537505500916,346.85667458893,345.4416652223988,346.4656982421875,39000400
2020-12-29,347.9923877771309,348.16926748527214,345.2181946161471,345.8046875,53680500
2020-12-30,346.6238977069387,347.33141650655006,345.9070888877533,346.2980651855469,49455300
2020-12-31,346.1026197103733,348.78371400805713,345.59061740637577,348.0575866699219,78520700
2021-01-04,349.3888321963932,349.51917659122995,339.62334376927595,343.31915283203125,110210800
2021-01-05,342.6767566253038,346.7728598923991,342.6301928867929,345.68365478515625,66426200
2021-01-06,344.17561345030657,350.9435220537929,343.62636577991566,347.7503967285156,107997700
2021-01-07,350.12428175085216,353.6618195734626,349.94740201873657,352.9170837402344,68766800
2021-01-08,354.3042096437855,355.14204466111744,351.0552586898645,354.9279479980469,71677200
2021-01-11,351.7533887862446,354.29482021588973,351.632362830576,352.5353698730469,51034700
2021-01-12,352.7214465900198,353.62442491177273,350.3661573002323,352.6097106933594,52547700
2021-01-13,352.5354759710145,354.55558728409113,351.7534946488696,353.55950927734375,45303600
2021-01-14,354.30424449328797,354.8069569170759,351.98622742170244,352.32135009765625,49989100
2021-01-15,350.7014344796534,351.5020240301078,347.8900242126763,349.75189208984375,107160000
2021-01-19,352.2095816653885,353.0381265986138,350.72939994936974,352.4981689453125,51233300
2021-01-20,354.78819724418975,358.21405551285824,354.397220924243,357.376220703125,61836100
2021-01-21,357.934790375537,358.36304045364824,356.78044135246313,357.7020568847656,47840100
2021-01-22,355.8494812219019,357.5996414893799,355.4677949159223,356.43597412109375,52860500
2021-01-25,357.1714317593944,358.1954363497445,352.3212455515999,357.8417053222656,70402000
2021-01-26,358.79125051568155,359.2008637189769,357.0504086066009,357.28314208984375,42665300
2021-01-27,353.95971902424606,354.05281810421934,346.3167590029396,348.5509948730469,123351100
2021-01-28,350.36634054269865,355.55165024335554,349.9288287937746,351.54864501953125,94198100
2021-01-29,349.6867018282273,350.6548810290884,342.83501362114134,344.5107116699219,126765100
2021-02-01,347.90861660624154,351.2785927627981,344.7993008040637,350.2452697753906,75817600
2021-02-02,353.4291069607294,356.75254834286187,350.32910906965094,355.1978759765625,64450700
2021-02-03,356.026389967423,357.19937586145977,354.2017673399159,355.4771423339844,52427100
2021-02-04,356.5104680448607,359.563930354463,355.5888524983493,359.51739501953125,47142600
2021-02-05,361.3885194186946,361.63986132194566,359.47079802689495,360.9323425292969,48669800
2021-02-08,362.384745808447,363.58565888121365,361.5283022539623,363.53912353515625,38365200
2021-02-09,362.7011552001997,363.89277790526904,362.29157040764335,363.2969665527344,35551100
2021-02-10,365.0377849264699,365.18673775500156,360.7368749883138,363.138671875,59154400
2021-02-11,364.21861361632875,364.6375452854998,361.2954955929545,363.7252197265625,42913300
2021-02-12,362.92462830443,365.7639656617887,362.8501376743546,365.5219421386719,50593300
2021-02-16,366.75070644597713,366.94622301748575,364.4885439172145,365.2053527832031,50972400
2021-02-17,363.45527392535223,365.54055704666837,362.440530839151,365.2892150878906,52290600
2021-02-18,362.6825372104316,364.47923283154506,360.9603038015021,363.7344970703125,59712800
2021-02-19,364.9912762762247,365.27986352452217,362.645304567679,363.0921630859375,83241000
2021-02-22,360.3272432845483,362.7104315988189,360.02933764280306,360.29931640625,67414200
2021-02-23,358.0930589330605,362.0867735591579,353.941101443955,360.7369079589844,107284100
2021-02-24,359.64763206401153,365.1401640532169,358.6608445373059,364.7119140625,72433900
2021-02-25,363.4459744413882,364.8144486635572,354.4810747828788,355.92401123046875,146670500
2021-02-26,357.8044726689712,358.9495032557424,352.1071613879296,354.09002685546875,152701600
2021-03-01,358.95874017805767,363.92063296020666,354.28546299460015,362.67315673828125,105348800
2021-03-02,362.8966319883141,363.1293654455315,359.3404579436692,359.8431701660156,79595300
2021-03-03,359.1449892511198,360.11314003050495,354.9743952442966,355.0768127441406,119940200
2021-03-04,354.8905802752683,357.4785750729967,346.1956620928304,350.6827697753906,183433000
2021-03-05,354.1830824863514,358.18611506318695,346.90320141461257,357.1341552734375,152039600
2021-03-08,358.0929654554418,360.90437504118745,355.0767493164403,355.35601806640625,123149200
2021-03-09,359.2008479440805,362.9804372731695,358.69813568759565,360.4296875,113633600
2021-03-10,362.775574223593,364.3674629765684,361.36056515537535,362.67315673828125,109899400
2021-03-11,365.1402001712224,368.32397808065963,364.68402325858307,366.35040283203125,86245000
2021-03-12,364.9912312984389,366.98341490924895,364.18132341690256,366.8437805175781,64653600
2021-03-15,367.0950750911458,369.29209340626124,364.9539389353393,369.03143310546875,73427200
2021-03-16,369.64592676134737,370.35341719951157,367.7933490003447,368.5660400390625,73722500
2021-03-17,367.28135513431295,370.6234044689322,366.13629619510306,369.82281494140625,97959300
2021-03-18,367.23481832610025,369.32010118927036,363.76242462104625,364.4420166015625,115349100
2021-03-19,364.1412876855865,365.7197211971754,361.59150389696646,363.7677001953125,113624500
2021-03-22,364.2813388885478,368.0546376770292,364.22530219638827,366.6723327636719,73778600
2021-03-23,366.0372793939017,367.48494163658637,363.0018346568089,363.786376953125,90686600
2021-03-24,365.1873129811931,366.8217830520808,361.89035449260405,361.9370422363281,97588600
2021-03-25,360.4987270317707,364.76700718739,358.55602665416086,363.97314453125,116128600
2021-03-26,365.12196135499164,370.2401983720078,364.5242270663124,369.8385925292969,114409100
2021-03-29,368.36283249742354,370.55769790836075,366.8778031775711,369.6517333984375,108107600
2021-03-30,368.381579616897,369.34358094645273,367.07398064220894,368.6711120605469,76262200
2021-03-31,369.2408627097128,371.72526109112226,369.2128443577868,370.1654968261719,112734200
2021-04-01,372.0988084552015,374.2189680327331,371.89333106228867,374.16290283203125,99682900
2021-04-05,376.8248104457492,380.07508186806007,376.7501043396407,379.5333557128906,91684800
2021-04-06,378.97286191185776,380.35513818432685,378.6366132895731,379.30908203125,62021000
2021-04-07,379.1410247193097,380.0936770263506,378.68338221439245,379.74810791015625,55836300
2021-04-08,380.9996431984528,381.60672639186373,380.06566028462163,381.5506896972656,57863100
2021-04-09,381.429291282708,384.49275406318844,381.30786894490393,384.3246154785156,61104600
2021-04-12,383.7268976917543,384.7355867285504,383.11981447960585,384.4647521972656,56704900
2021-04-13,384.36203264890395,386.2299986965263,383.9790961887934,385.6042175292969,56551000
2021-04-14,385.5761956165632,386.6316009841835,383.7455968876172,384.2873229980469,61659900
2021-04-15,386.42610852089956,388.68635987083064,386.3794207731198,388.4154968261719,60229800
2021-04-16,389.7044266833597,390.3208589152381,388.2847827117887,389.7137756347656,82037300
2021-04-19,388.7797715143714,389.2280651111477,386.4728323712962,387.799072265625,78498500
2021-04-20,386.58486845168517,387.6869614412357,383.4840383597904,384.9597473144531,81851800
2021-04-21,384.343304744254,388.80774177837327,384.20318450969165,388.6022644042969,66793000
2021-04-22,388.43417324213044,389.26540322576255,383.98840538810305,385.0531311035156,97582800
2021-04-23,385.61360875851005,390.63844253799283,385.53890264969044,389.2281188964844,73209200
2021-04-26,389.88185775138544,390.61036333622997,389.293443913069,390.0406188964844,52182400
2021-04-27,390.3395099382348,390.5356668911207,388.8171130815738,389.9565734863281,51303100
2021-04-28,390.22741885643023,391.34820981136744,389.37749094113417,389.844482421875,51238900
2021-04-29,392.5717326349584,392.94532012603673,388.94787411541165,392.3288879394531,78544300
2021-04-30,390.0593289877053,390.9092569470682,388.8544829241141,389.7510986328125,85527000
2021-05-03,391.7404249655094,392.12336135927444,390.0966345103683,390.5916442871094,68128300
2021-05-04,388.60228003315905,389.09728984022036,384.49276088924864,388.1819763183594,101591200
2021-05-05,389.82583314555814,390.05932889798106,387.74304077290196,388.3034362792969,60162200
2021-05-06,388.3781117451592,391.5349786293804,386.3700541332892,391.40423583984375,74321400
2021-05-07,392.17007461027134,394.9066375343284,391.48825686517847,394.2528381347656,67733800
2021-05-10,394.60783736731895,394.8319841776763,390.2274545965479,390.348876953125,81852400
2021-05-11,385.8284352333097,387.8551626560607,382.98911854811655,386.8651428222656,116888000
2021-05-12,384.0818451111226,385.35204832878026,377.3291376588085,378.64605712890625,134811000
2021-05-13,380.19647206863493,385.12790123879364,380.14975581622974,383.1945495605469,106394000
2021-05-14,385.93112550205916,389.9285717889335,385.90310715086446,389.0786437988281,82201600
2021-05-17,387.96716817788194,388.9011510722619,386.0711555395105,388.08856201171875,65129200
2021-05-18,388.3501869549459,388.5930316977429,384.5862359561128,384.7450256347656,59810200
2021-05-19,380.0563698240923,383.9136956201269,378.57131179137997,383.7362365722656,106467100
2021-05-20,384.61413970744456,389.1252929926565,384.49274587512184,387.8644104003906,78022200
2021-05-21,389.3493938753698,390.59160692461785,387.0891715271693,387.54681396484375,76578700
2021-05-24,389.7884757512618,392.5717554519268,389.54563104164197,391.4976806640625,51376700
2021-05-25,392.5810493076067,392.9359673967326,390.0499634392748,390.6290283203125,57451400
2021-05-26,391.21742785148024,391.90856610321015,390.1807204738854,391.40423583984375,43088600
2021-05-27,392.4316202322079,392.9452994425397,391.3294987126263,391.6097106933594,56707700
2021-05-28,393.1788390804018,393.44035318988387,392.07674594064906,392.31024169921875,58520200
2021-06-01,394.67323638964024,394.81332815085875,391.52571797502355,391.9646911621094,54216600
2021-06-02,392.61842198763014,393.42166217448545,391.60973290730567,392.5810546875,49097100
2021-06-03,390.26480554943856,392.2635143648258,388.7984453863478,391.1240539550781,58138800
2021-06-04,392.973358609629,395.0001143194918,391.18944760771376,394.70123291015625,55938800
2021-06-07,394.69185530536356,394.86931434784225,393.38428486307185,394.3182678222656,51555000
2021-06-08,395.17744537321835,395.27084935298075,392.571653906073,394.4022521972656,47134300
2021-06-09,395.242896577049,395.3176311744139,393.5897570222941,393.81390380859375,48436300
2021-06-10,395.0374784616624,396.5972427580908,393.720558888761,395.6445617675781,51020100
2021-06-11,396.1956153911513,396.41041324763955,394.90671424062083,396.29833984375,45570800
2021-06-14,396.41041653956006,397.28836288118606,395.16823163226826,397.1856384277344,42358500
2021-06-15,397.33503853707737,397.3723773329353,395.5791460332352,396.45709228515625,51508500
2021-06-16,396.59712415530663,396.8212709082069,392.1980731122802,394.24346923828125,80386100
2021-06-17,393.8326399762295,395.0934942745737,391.6377741374557,394.1128234863281,90949700
2021-06-18,390.8294393593685,391.5228387958726,388.5899319002041,388.79608154296875,118676300
2021-06-21,390.55762558464596,394.54941864548533,389.7424066854368,394.36199951171875,72822000
2021-06-22,394.352679752593,397.3043454678535,393.6311417670724,396.4703674316406,57700300
2021-06-23,396.5454031031455,397.35124264550416,395.90822366088724,395.9925537109375,49445400
2021-06-24,398.1383434268328,398.75676373658587,397.88532470396706,398.3351135253906,45110300
2021-06-25,399.08474110668726,400.19981934817787,398.7567718716343,399.7500305175781,58129500
2021-06-28,400.2746860652061,400.72444617337635,399.07527811651687,400.5557861328125,53159600
2021-06-29,400.9400528954754,401.57723223614346,400.237273994288,400.7713928222656,35970500
2021-06-30,400.3122456149289,401.78340305544015,400.2841356012442,401.1087341308594,64827900
2021-07-01,401.8677508401516,403.4888379572731,401.80215127327483,403.32952880859375,53441000
2021-07-02,404.49143596219454,406.7684327334074,403.41381877275404,406.412353515625,57697700
2021-07-06,406.4685771019908,406.68410626099694,402.9359520976346,405.6720886230469,68710400
2021-07-07,406.35609357661275,407.3868415804875,404.3414666485789,407.105712890625,63549500
2021-07-08,401.78335917623605,404.54763413664995,400.60268153812575,403.78863525390625,97595200
2021-07-09,405.2972630468599,408.3988582078336,403.591846106271,408.0989990234375,76238600
2021-07-12,408.01468314938586,409.8138097220538,407.58365342944904,409.560791015625,52889600
2021-07-13,408.7736811446095,410.27294851905754,407.9022421705888,408.16461181640625,52911300
2021-07-14,409.8606497735151,410.3479281135863,407.52743297051677,408.773681640625,64130400
2021-07-15,407.4337224657248,408.10839135369446,405.4753153622365,407.37750244140625,55126400
2021-07-16,408.5582340881167,408.60507458251783,403.7887107543716,404.1822509765625,75874700
2021-07-19,399.3565367778263,404.24788006963104,395.4022322116841,398.2133483886719,147987000
2021-07-20,398.87849813381996,405.1941563775408,398.0820097768181,403.9197692871094,99608200
2021-07-21,405.11927714998365,407.3307031828911,403.8730283565818,407.19012451171875,64724400
2021-07-22,407.36820816808677,408.28651641773797,406.38432894043746,408.0428771972656,47878500
2021-07-23,409.973137588627,412.57810387739073,409.2891176794418,412.24078369140625,63766600
2021-07-26,411.65032741038584,413.2620345638391,411.60348692995865,413.2526550292969,43719200
2021-07-27,412.2125610083437,412.24067101615924,408.53935794230335,411.3692321777344,67397100
2021-07-28,411.9970499079121,412.57800915894387,409.77627340490346,411.2005615234375,52472400
2021-07-29,412.12833741336397,413.9836556005954,412.1189578762892,412.90606689453125,47435300
2021-07-30,410.33858897512397,412.35321630587856,410.20738984106623,410.90081787109375,68951200
2021-08-02,412.61555230549715,413.16840161930367,409.68261706413523,410.0386962890625,58783300
2021-08-03,410.83517582420905,413.49636182074306,408.6425090931806,413.3745422363281,58053900
2021-08-04,412.09080591322396,413.346434118997,411.10692688961086,411.3411865234375,46732200
2021-08-05,412.5030587680175,414.0304359841878,412.18446913337823,413.94610595703125,38969700
2021-08-06,414.26478830639564,415.0518973321597,413.98365955681214,414.6302185058594,46930000
2021-08-09,414.60214843098646,414.920738167619,413.52455961081546,414.2929382324219,41222600
2021-08-10,414.7426584888019,415.5204165734043,414.05863858352615,414.8082580566406,43339300
2021-08-11,415.87647880877864,415.9326988371535,414.75202104898426,415.8389892578125,44034300
2021-08-12,415.68905723891174,417.22581426197354,414.78950819398324,417.0852355957031,38909400
2021-08-13,417.53496905425794,417.8629382384884,417.0477193437249,417.8442077636719,39470300
2021-08-16,416.5417789840265,418.95932605512974,414.9862914344037,418.8281555175781,73740000
2021-08-17,416.2700321700211,416.94470112800127,413.0934860818038,416.0826416015625,92673900
2021-08-18,415.07059964436183,416.6354666486862,411.2849843863083,411.5285949707031,89351900
2021-08-19,408.80186698816766,413.36526951849856,408.66131690114867,412.16583251953125,92812200
2021-08-20,412.51246706573465,415.7733427277286,412.02518874666305,415.44537353515625,72008700
2021-08-23,417.132066923601,420.00878201499984,415.52035954108516,419.099853515625,54973000
2021-08-24,419.76519775390625,420.2993166380276,419.2498379439889,419.76519775390625,38744700
2021-08-25,419.9525966891945,421.16135587884156,419.57775837696613,420.64599609375,40529700
2021-08-26,420.3648595615522,420.5991192042751,418.0691322205563,418.162841796875,57829600
2021-08-27,418.9687063675384,422.2764515773078,418.9124863376052,421.9016418457031,77235100
2021-08-30,422.5762802722132,424.5440669661629,422.33264109600447,423.7569580078125,48357400
2021-08-31,423.66320814660753,424.0005282697617,422.5293996044798,423.12908935546875,59300200
2021-09-01,424.06619292133183,424.5815527206417,423.11977477029654,423.3540344238281,48721400
2021-09-02,424.77831372503533,425.4623335511139,423.45708596482183,424.656494140625,42501000
2021-09-03,423.5226862527916,425.068794112329,423.1197379507082,424.55340576171875,47170500
2021-09-07,424.20675973967593,424.3004693240175,422.3607924531319,423.03546142578125,51671500
2021-09-08,422.5013195727054,423.2322084875442,420.599103890751,422.5200500488281,56181900
2021-09-09,422.32328581858627,424.0755433312676,420.46793919543404,420.7115783691406,57970400
2021-09-10,422.6419229191683,423.0635731561892,417.27268113189905,417.3945007324219,89948200
2021-09-13,420.3929414709391,420.65531109155603,416.1481298650124,418.4626159667969,83738600
2021-09-14,419.9056916877061,420.11184130334044,415.31420871709963,416.20440673828125,78197100
2021-09-15,416.62612251723135,420.17750702921626,415.520423766594,419.6808776855469,78792200
2021-09-16,419.15611403582216,420.1306135920383,416.0638694935535,419.01556396484375,77786700
2021-09-17,418.2427985470541,418.66579952568367,414.5766179390553,414.933837890625,118425000
2021-09-20,408.8048283528595,410.38408955076596,403.1457660287209,408.01519775390625,166445500
2021-09-21,410.3559031370975,411.6531636956014,407.10337084294684,407.6297912597656,92526100
2021-09-22,409.9046994331068,413.64607141513255,407.7426174898221,411.6061706542969,102350100
2021-09-23,413.4767946462248,418.2146065121486,413.24178453544346,416.60711669921875,76396000
2021-09-24,414.97152508235223,418.00786655031254,414.7553054165893,417.2934265136719,62094800
2021-09-27,416.2593696919336,417.4250108387706,415.40392931593607,416.0995788574219,61371100
2021-09-28,413.32642918282806,413.65544911085703,406.98115550934745,407.7143859863281,130436300
2021-09-29,409.0962556033454,410.8353363854079,407.83660468931265,408.400634765625,82329200
2021-09-30,409.8764821735044,410.58151260645667,403.0705975741562,403.4090270996094,140506000
2021-10-01,405.138703737529,409.88589724112427,401.613551525623,408.2032165527344,129240100
2021-10-04,407.03752756364304,407.9399583912579,400.79564501055677,402.93896484375,128570000
2021-10-05,404.4430607487151,409.3782739253751,403.64404918460883,407.131591796875,90682500
2021-10-06,403.53117578451554,409.0304184562949,401.90492407695274,408.8236083984375,113032200
2021-10-07,412.10435369862415,415.197066176869,411.9257437150467,412.358154296875,72437500
2021-10-08,413.1290605510576,413.51448064643256,410.976359506261,411.6061706542969,74557400
2021-10-11,410.9480912711501,413.86222243707743,408.56038046823124,408.6261901855469,65233300
2021-10-12,409.5474922480039,409.951702812476,406.8307612007708,407.6203918457031,71181200
2021-10-13,408.6449718376633,409.9046225853422,405.6650597065649,409.0867919921875,72974000
2021-10-14,412.7529748558683,416.1183359496485,412.28295460047235,415.9679260253906,70236800
2021-10-15,418.0830234599393,419.50249383265776,417.4625932709582,419.1358642578125,66260200
2021-10-18,417.34971686363633,420.7150487063343,416.69167714112734,420.37664794921875,62213200
2021-10-19,422.00303260856737,423.6856846027925,421.39198327728565,423.6199035644531,46996800
2021-10-20,424.08047124300566,425.58454176597354,423.9676709741409,425.2837219238281,49571600
2021-10-21,424.68209422675085,426.618575397613,424.2496836213109,426.3929748535156,41305400
2021-10-22,425.96058146063757,427.40825194853414,424.0052810402493,425.951171875,58845100
2021-10-25,427.041662859405,428.56452411353644,425.2650009588396,428.2355041503906,45214500
2021-10-26,429.78651931328756,430.99915087837957,428.2448391545924,428.620849609375,56075100
2021-10-27,429.08152637361746,429.74894714064544,426.64679607068757,426.7220153808594,72438000
2021-10-28,428.15085513172806,430.9145766067055,428.1414742340312,430.8393859863281,51437900
2021-10-29,428.5362813944523,432.0050333226642,428.2448711186631,431.713623046875,70162400
2021-11-01,432.70062881424144,433.07666796283195,430.7265667229376,432.45623779296875,48433600
2021-11-02,432.6253899070384,434.5148802730894,432.4937704821714,434.20465087890625,48908400
2021-11-03,433.6406702124122,437.25983186693117,433.19885003088245,436.8556213378906,52509800
2021-11-04,437.4572266750685,438.99890684181076,437.1094162853852,438.914306640625,52847100
2021-11-05,441.14228636490327,442.4301374982926,438.92380414430136,440.437255859375,66390600
2021-11-08,441.53705147758245,442.0352718144265,440.1269906728055,440.8132019042969,50405200
2021-11-09,441.17985167362065,441.4148618185051,437.9461097849906,439.3561706542969,51149100
2021-11-10,437.6640350330447,439.35612511347824,434.3363123816006,435.8215637207031,69429700
2021-11-11,437.3162154925545,437.39143479469317,435.94376444998505,435.9625549316406,34848500
2021-11-12,437.2316954723227,439.80739763161506,436.2822452510813,439.2527770996094,53466700
2021-11-15,440.5406680944853,440.70045894132767,438.2751666643262,439.4031982421875,46980500
2021-11-16,439.13992102624314,442.27965290510997,439.0647304076264,441.1422119140625,48857500
2021-11-17,440.87897766963937,441.0575876528418,439.4501264917785,440.070556640625,47858300
2021-11-18,441.1046377023812,441.82848731755604,438.37852572627077,441.5652770996094,50625600
2021-11-19,441.4524058684626,442.70267579983584,440.4089746825623,440.7756042480469,57315600
2021-11-22,442.6557009805207,445.1468026589416,439.3279494564215,439.5347595214844,72762000
2021-11-23,439.205682845372,440.9729634115955,436.6017812293338,440.1175231933594,73206500
2021-11-24,438.1153520395163,441.41490396884836,437.2975212472666,441.2926940917969,61858800
2021-11-26,434.61827949039883,436.08474023421417,430.32228793387577,431.4503479003906,112669600
2021-11-29,436.2446690099577,438.5853610359219,434.0449773431906,436.7428894042969,86268800
2021-11-30,434.29867461961885,436.20695552725533,428.0003923221103,428.24481201171875,148559600
2021-12-01,433.9602845358961,436.80860593500284,423.290819754086,423.48822021484375,131939200
2021-12-02,423.7044336964784,431.54436744671597,423.3096040929344,429.9744873046875,127637800
2021-12-03,431.638417799551,432.7006394884692,422.0030024782896,426.2331848144531,137331600
2021-12-06,428.78070813331755,433.16130061518345,426.3647969926562,431.2812194824219,98977500
2021-12-07,436.5641964227451,440.76617845486504,431.14955415645403,440.2021484375,95484700
2021-12-08,440.5970169214314,441.8190581603877,438.83911699656346,441.3678283691406,72238800
2021-12-09,440.0800010576555,441.4712714729504,438.190538959741,438.387939453125,61272600
2021-12-10,441.0952372334483,442.66508888548304,438.53832579208637,442.5146789550781,77159800
2021-12-13,441.9976995198621,442.3455099577305,438.3127276826282,438.5947570800781,87724700
2021-12-14,435.32340883194223,437.814510746309,432.6536969041149,435.57720947265625,97264100
2021-12-15,435.6335428118317,442.6274171238725,433.11421269074907,442.3830261230469,116899300
2021-12-16,444.23494635106454,444.5169470262026,436.93081329963405,438.4819030761719,116568600
2021-12-17,435.39999504107936,438.4092618245341,432.1077368438548,433.815185546875,135511600
2021-12-20,428.73056845563246,429.5984279577143,425.5798060591172,429.2022399902344,107134800
2021-12-21,432.6265442664553,436.9659280734673,430.456866757222,436.8244323730469,69806300
2021-12-22,436.56976321936594,441.30533523820264,436.37164043974565,441.192138671875,58890200
2021-12-23,442.19206541682075,445.4371678906433,442.08831149730497,443.937255859375,56439700
2021-12-27,445.3145747017814,450.26712634622396,445.26741905868244,450.219970703125,56808600
2021-12-28,450.653837085784,451.68207754216996,449.087884188701,449.85198974609375,47274600
2021-12-29,449.9558186671151,451.44628815269533,448.955877247608,450.427490234375,54503000
2021-12-30,450.85198851964896,451.8613726077948,448.72005255913206,449.1822814941406,55329000
2021-12-31,448.69175768390534,449.8426087104167,447.7767136605498,448.0502624511719,65237400
2022-01-03,449.31432242601716,450.7765215542985,447.0031490248722,450.6444396972656,72668200
2022-01-04,452.0689260726104,452.7858761115812,448.6351430318022,450.4935302734375,71178700
2022-01-05,450.12563049513625,450.8991788038624,441.7487385385624,441.84307861328125,104538900
2022-01-06,441.380853389721,444.1448419921144,439.0602084439973,441.4280090332031,86858900
2022-01-07,441.43743350191716,442.61661242591146,438.3243838694435,439.68280029296875,85111600
2022-01-10,436.48488919074714,439.3526316532516,430.7304901894249,439.13568115234375,119362000
2022-01-11,438.87156663562837,443.22980760686403,435.87171338487093,443.1354675292969,74303100
2022-01-12,444.87117806328797,446.38997545502053,442.3713245554861,444.3334655761719,67605400
2022-01-13,445.43722446899045,446.0881335750446,437.1829715327748,438.2112121582031,91173100
2022-01-14,435.06044163485194,438.73947426347723,433.8435208770397,438.39044189453125,95890900
2022-01-18,433.6925435130348,433.9000801446297,429.51354052849086,430.6266784667969,109709100
2022-01-19,432.17383836585805,433.56996792093884,425.88172635771065,426.1553039550781,109357600
2022-01-20,428.04193941787696,432.749212360242,419.3160155840139,421.43853759765625,122379700
2022-01-21,420.3159019813411,422.6742594656553,413.13707561758935,413.1653747558594,202271200
2022-01-24,407.5525662882195,415.42948785761394,396.92109866435106,414.9200744628906,251783900
2022-01-25,408.52416133637433,414.8068298485873,402.9490001504662,409.8542785644531,167997300
2022-01-26,415.7501538816743,418.8820597450549,404.5620902381432,408.8260192871094,186391100
2022-01-27,413.4296307091558,416.57095113119124,405.11877880380894,406.8073425292969,149878300
2022-01-28,408.16568303658295,416.95764758264465,403.5810494178644,416.9104919433594,164457400
2022-01-31,416.2407272712182,424.7685575099905,414.8917534598383,424.4195251464844,152251400
2022-02-01,425.14585473478627,427.9287283515847,421.6177608084225,427.2872619628906,123155400
2022-02-02,429.692858513143,432.1644132687847,427.3816559914496,431.43804931640625,117361000
2022-02-03,425.4005141363684,427.3060565284403,420.4573775100793,421.2969665527344,118024400
2022-02-04,421.06124440475634,427.1269342906215,418.6840011085922,423.2781066894531,118454400
2022-02-07,424.0420771940817,425.43820626471717,420.58943871729224,421.9195556640625,84472900
2022-02-08,421.4196773714475,426.31563040935833,419.99522006477935,425.3911437988281,81012000
2022-02-09,429.4285943501786,431.93789014237325,429.23050038432046,431.6171569824219,92589900
2022-02-10,425.7684883309894,431.7775795121979,421.86306271080866,423.8629455566406,140103700
2022-02-11,423.94778371267705,426.02312105241583,414.070981289909,415.5048522949219,153214600
2022-02-14,414.9955162101405,416.5803257355876,410.67498861776903,414.146484375,123006300
2022-02-15,418.5896597934599,420.99517327307245,418.0708037959125,420.82537841796875,88482700
2022-02-16,418.7782282133112,422.67423919673604,416.90098495815226,421.2969665527344,84863600
2022-02-17,418.10854352626,421.2687487717077,411.693821753136,412.29754638671875,102259100
2022-02-18,412.55223985255054,413.806902341528,407.3544387638589,409.6278991699219,132642900
2022-02-22,407.4204659812032,410.8259207595827,401.7320794413733,405.2319030761719,124391800
2022-02-23,408.146899453587,408.7129111688608,397.4776894566013,398.043701171875,132578000
2022-02-24,387.732876144503,404.46780255410187,387.3744299437548,404.0338439941406,213942900
2022-02-25,405.2696289017005,413.0333532377554,403.6187784215898,412.9484558105469,121804500
2022-02-28,407.5525830665725,413.3730235849013,406.29794921127944,411.8919677734375,145615000
2022-03-01,410.39202759579075,412.4013531876371,402.9112942533806,405.61871337890625,137785900
2022-03-02,407.8732031348396,414.80677985467884,407.118540259821,413.0804748535156,117726500
2022-03-03,415.5143088873288,416.11803346129733,409.22219816012046,411.02398681640625,105501700
2022-03-04,407.2883840604993,408.8165952787163,403.63765086397046,407.6846008300781,113978200
2022-03-07,407.09966398019566,407.807171236879,395.600310398485,395.6663513183594,137896600
2022-03-08,395.84562657872834,403.0055972451965,391.60058263341585,392.66656494140625,164772700
2022-03-09,401.05295715574266,405.1753624907321,398.8643939390567,403.1943359375,116990800
2022-03-10,398.5813104458791,402.2697853678107,396.61916949340304,401.3736267089844,93972700
2022-03-11,403.8640420157582,404.4772092709991,395.7607282684723,396.2701416015625,95636300
2022-03-14,397.04370305998077,400.4963135753872,392.2326473482891,393.37408447265625,95729200
2022-03-15,395.9871774625465,402.6566210107506,394.71368713234256,402.02459716796875,106219100
2022-03-16,405.5337798825797,410.99571571466925,400.7321381601262,410.9391174316406,144954800
2022-03-17,409.02413595065417,416.0803527832031,408.6468044640496,416.0803527832031,102676900
2022-03-18,414.467909206015,420.95933337461315,413.72981682419214,420.6376037597656,106345500
2022-03-21,420.46728690424806,422.47338269242965,417.00392141262006,420.5146179199219,88349800
2022-03-22,421.90556943878335,426.37198236705336,421.90556943878335,425.4351806640625,74650400
2022-03-23,422.8991946168003,424.39429439850414,419.8711071405114,419.9562683105469,79426100
2022-03-24,421.981331093405,426.29633721311484,420.86473496549416,426.286865234375,64736900
2022-03-25,426.92079387932296,428.6430187339525,424.3374565973786,428.36859130859375,77101300
2022-03-28,427.77248986490883,431.4156494140625,425.8799424500739,431.4156494140625,68529800
2022-03-29,435.30482687325934,437.24470532869987,432.6174129701443,436.75262451171875,86581500
2022-03-30,435.60766008577025,436.42147053755207,431.94558524771077,434.0557861328125,79666900
2022-03-31,433.2892096877293,434.1124630557849,426.92077829991064,427.375,121699900
2022-04-01,428.9553048993876,429.09724017093697,425.0093599604166,428.5862731933594,89048800
2022-04-04,428.78503448200854,432.3619481479705,427.96178092937987,432.2578430175781,59601000
2022-04-05,430.7626485122324,433.23240862734673,425.6527770949795,426.7977600097656,74214500
2022-04-06,422.8802358321869,424.8106132427769,419.6439673154081,422.53009033203125,106898000
2022-04-07,421.6500366650855,426.47603764852965,419.70071542078097,424.6591796875,78097200
2022-04-08,423.9022463943376,426.4193379958125,421.98131186663085,423.52374267578125,79272700
2022-04-11,420.24961995400275,421.0918174503352,415.7832355906516,416.2847595214844,89770500
2022-04-12,419.2749398176844,421.80150331220403,413.19040683522564,414.7423095703125,84363600
2022-04-13,414.4962904899716,420.2496221966037,414.3164961668285,419.49261474609375,74070400
2022-04-14,419.71968183285964,420.8363067294956,414.16505991706254,414.2691650390625,97869500
2022-04-18,413.3417722746959,416.12381899160926,412.20623239424935,414.439453125,66002500
2022-04-19,414.33540185587515,421.8488175877449,414.1650795150678,421.1296691894531,77821000
2022-04-20,422.9086685500845,423.5237406996165,419.65348460531936,420.8173828125,65224400
2022-04-21,424.4416483063958,425.83267191463915,413.61627398000866,414.5246887207031,85417300
2022-04-22,413.4364107712959,414.5435347350055,402.5826511949937,403.1504211425781,132471800
2022-04-25,400.90780109531795,405.65808479066646,396.33728283967,405.4877624511719,119647700
2022-04-26,402.95166933148056,403.1504075771343,393.7160587482562,393.74444580078125,103996300
2022-04-27,394.82323647876274,400.19809313911514,392.7130645715548,394.85162353515625,122030000
2022-04-28,399.6019274903522,406.5570449371299,395.1639015423122,404.8253479003906,105449100
2022-04-29,400.832054296418,402.98955707599237,389.1171818200173,389.86474609375,145491100
2022-05-02,389.93105502630925,393.57421496301487,383.2598073525532,392.2115783691406,158312500
2022-05-03,392.7130092248286,396.42238550138336,391.15163470929133,394.0093994140625,100028200
2022-05-04,394.67183940897127,406.5759792490273,391.48290152050896,406.0082092285156,144247900
2022-05-05,401.740453562189,402.16628824210756,387.44227303458774,391.5774841308594,172929100
2022-05-06,389.01310741996485,392.51430263534195,383.9316224860018,389.2402038574219,151770800
2022-05-09,383.33553324176137,384.5751496453727,375.1975725508125,376.7778625488281,155586100
2022-05-10,382.7582178604821,384.26278949238593,373.60776787459224,377.6483459472656,132497200
2022-05-11,376.6832006420824,382.3324561154293,370.9014529815829,371.6490173339844,142361000
2022-05-12,368.4505828254061,374.5351157341159,364.4573066901353,371.2610168457031,125090800
2022-05-13,375.39624432033366,381.5186365245012,374.35533743902573,380.1370849609375,104174400
2022-05-16,378.4905892750784,382.26621234005705,376.2384531036934,378.59466552734375,78622400
2022-05-17,384.68866921363724,386.6190757634291,380.9508763229202,386.38250732421875,83029700
2022-05-18,381.82143279357103,382.1053033485448,369.5671769928699,370.8067932128906,117674500
2022-05-19,367.7408696651366,372.96431881468,366.31198717995636,368.5357360839844,98510700
2022-05-20,372.12206931233277,375.6989821356005,360.09494071422534,368.6965637207031,131432200
2022-05-23,371.7246556441584,376.36141951205695,369.40630258818845,375.5949401855469,76414900
2022-05-24,371.46925335188774,373.92009911254564,366.17011411463403,372.7278137207031,91448800
2022-05-25,371.2326698997725,377.98907865192785,370.8352510778718,376.02081298828125,91472900
2022-05-26,377.2509375219795,385.1712435361306,377.0427561590206,383.5341796875,82168300
2022-05-27,385.99452816985354,393.0631942254229,385.7958187685275,392.94964599609375,84768700
2022-05-31,391.33149711527295,394.08515718858496,388.00062391684565,390.74481201171875,95937000
2022-06-01,392.8644826922193,393.87697365023195,385.06716741079504,387.5842590332031,86585800
2022-06-02,387.42343703743313,395.0125426179488,385.17130074310455,394.9652404785156,79609600
2022-06-03,390.2433012195324,391.79520408065434,387.5085850110212,388.4832458496094,71874300
2022-06-06,392.4953337219165,394.22700157596415,388.4925862928881,389.6659851074219,57508900
2022-06-07,386.1742927298047,393.8580303540427,385.7105989918035,393.40380859375,59272400
2022-06-08,391.6910721501235,393.47954333395916,388.33181201108613,389.1266784667969,64350000
2022-06-09,387.34768809546443,389.61873928900354,379.87213134765625,379.87213134765625,86289800
2022-06-10,373.6646004739386,374.51624111312117,368.81021128921816,368.8575134277344,132893900
2022-06-13,359.4420637467876,361.2967520769685,353.2439538052529,354.8526306152344,170004900
2022-06-14,356.60326183152415,357.6346967344851,350.6795790257293,353.7833557128906,104011800
2022-06-15,357.0858572117837,363.2744957746672,352.12739188091416,358.8270263671875,125666800
2022-06-16,350.60386426743156,351.01075501197846,344.51930266450194,346.95123291015625,134473300
2022-06-17,347.36664594017265,351.04454035549736,344.1924419666906,347.6992492675781,111113900
2022-06-21,353.42985407891445,357.8395151338056,353.3538089384876,356.4519958496094,76811900
2022-06-22,352.2229054186672,359.9208378596493,351.8047441204501,355.8057861328125,90059400
2022-06-23,357.944112743824,360.0253774175742,354.380257681737,359.2936096191406,79292100
2022-06-24,362.4677899153683,370.72643183907684,362.43928023680013,370.7169189453125,98050300
2022-06-27,371.63881476677494,371.93342448126845,368.20802402579585,369.3009338378906,66009600
2022-06-28,370.8596383494048,373.64419103247536,361.641118712763,361.7551574707031,86548900
2022-06-29,362.3063153699562,363.2946704214848,359.6358019467903,361.4604797363281,65676000
2022-06-30,357.563929508268,361.76453925396646,354.06660685286846,358.5238037109375,112508300
2022-07-01,357.8680810567147,362.7529525002182,355.2450743514729,362.3157653808594,74839700
2022-07-05,357.22178593032197,363.01899526887956,354.3896990068369,362.9999694824219,81438000
2022-07-06,363.14252639295074,366.715894004098,360.7571393570924,364.2259521484375,70426200
2022-07-07,366.0031367080708,370.4793302796413,364.2449625145711,369.6810302734375,64525900
2022-07-08,368.04639364512565,371.24913544426704,366.51632594229847,369.3769226074219,72397800
2022-07-11,366.6968987191373,367.6662567653329,364.46354395303933,365.1573181152344,58366900
2022-07-12,364.6061122917404,366.99152847059673,360.17742508846254,361.92608642578125,62219200
2022-07-13,356.4805310045145,362.9620020597862,356.0623697104502,360.0253601074219,84224600
2022-07-14,355.06452096685234,360.2344894812079,352.6221141267699,359.1510925292969,89704800
2022-07-15,363.56065568813784,366.12664246026526,361.6504494493262,366.0126037597656,79060400
2022-07-18,369.1013252129824,369.7760736131692,361.764534839165,362.9905090332031,63203600
2022-07-19,366.91550902545094,373.3684709198661,366.25978635540963,372.7982482910156,78506000
2022-07-20,372.98828349436786,376.59016077722407,371.6197609648057,375.1741027832031,71843800
2022-07-21,374.5944510061109,379.04213537491796,372.1900378364041,378.99462890625,64903900
2022-07-22,379.1181409721045,380.3155764832449,373.2543990144218,375.4782409667969,72197300
2022-07-25,376.10550632547137,376.78976766133366,373.6915803624673,375.9344482421875,53631500
2022-07-26,374.29030390175836,374.4993845551237,370.59341339787153,371.48675537109375,52946400
2022-07-27,374.78449853291994,382.8815960228277,374.4898888264092,381.1329345703125,82342100
2022-07-28,381.9407350618802,386.60698374585616,378.38636390787866,385.9132385253906,73966600
2022-07-29,387.3483007860886,392.5277822061919,386.5785103442153,391.5393981933594,87003700
2022-08-01,388.84033261494034,392.8888811641739,388.1275616169894,390.3799133300781,69997500
2022-08-02,388.81188524619347,392.4992924403069,386.62606543660127,387.80450439453125,63435400
2022-08-03,389.9332658563709,395.04621476373677,389.6481690410905,393.8772888183594,67820600
2022-08-04,393.80129147128156,394.4855529137482,391.967100730618,393.6112365722656,45656600
2022-08-05,389.32504829644654,393.5921616324373,389.2680289335886,392.9459228515625,56814900
2022-08-08,394.63757214293867,396.8899240250277,391.3873233872075,392.48974609375,53886100
2022-08-09,391.7579620888554,392.26165245097286,389.8572393634721,390.93115234375,44931800
2022-08-10,397.9923437821938,399.28485036063125,396.03460162898654,399.14227294921875,68665700
2022-08-11,401.993357133819,403.85608634972215,398.40099222133176,399.14227294921875,59489700
2022-08-12,401.08098369306896,406.00384833286853,400.1306223802401,405.8993225097656,61694500
2022-08-15,403.6848650465014,408.0945543739364,403.62784570198437,407.57183837890625,54048300
2022-08-16,406.4980871972697,410.29953275176706,405.69027421639345,408.37030029296875,59289000
2022-08-17,404.76839107782297,408.1801847177208,403.4664007169476,405.4716491699219,63563400
2022-08-18,405.6712159722093,407.33434826924736,404.37873850839094,406.6501159667969,49023200
2022-08-19,403.88460030221233,404.1507003354797,400.31123213885485,401.1855773925781,68016900
2022-08-22,396.34816754384633,396.5192546194772,391.92899331076484,392.83184814453125,77695600
2022-08-23,392.40412625801,394.7990549984575,391.33021348188515,391.8814392089844,49105200
2022-08-24,391.6533655600833,394.50444934461694,390.96913329441026,393.1359558105469,49177800
2022-08-25,394.6280346959815,398.73360265745475,393.5351249523274,398.68609619140625,50942300
2022-08-26,398.5720838369905,399.11376779613755,385.13395963978553,385.19097900390625,103087000
2022-08-29,382.23536401267944,385.6946644031111,381.285002619314,382.6440124511719,65370800
2022-08-30,383.80344189629403,384.04103223682625,376.3430994030369,378.4433898925781,85652400
2022-08-31,380.07799803546214,381.3229690519403,375.4307462340977,375.56378173828125,76029700
2022-09-01,373.3874439782647,377.08433414493715,370.6789086257784,376.7422180175781,78740100
2022-09-02,380.4106274783638,381.62708880615634,370.95452075647603,372.76971435546875,99632100
2022-09-06,373.61557203339373,374.5564205138696,369.1393780774377,371.36322021484375,76637400
2022-09-07,371.0495973756983,378.8045499413538,370.8310328137159,378.0347595214844,70964200
2022-09-08,375.7633523475096,380.96180059480923,374.5563749860969,380.5056457519531,80821700
2022-09-09,382.74855148359427,387.2817940480387,382.4824514443837,386.4169616699219,76706900
2022-09-12,388.488713636019,391.2922912350759,388.1845910416869,390.57000732421875,69256300
2022-09-13,381.88367179340526,383.0906492168183,372.46561674955393,373.5870361328125,122947100
2022-09-14,374.88902163325827,376.53315711649486,371.7053054907733,375.0125732421875,85023700
2022-09-15,373.4539971854713,376.30508130578556,369.4814936051546,370.7549743652344,87633800
2022-09-16,366.57147330224217,368.58495903524056,364.6342868550473,367.926513671875,103084800
2022-09-19,364.77747715242447,370.77978515625,364.70111961719556,370.77978515625,73278500
2022-09-20,367.4493811490609,368.4609000016925,363.7659311992638,366.52374267578125,77274900
2022-09-21,368.45138449539013,371.5050452988248,360.1206665332533,360.1302185058594,106746600
2022-09-22,359.3572771354171,360.9986149052958,356.36089870919,357.105224609375,89472600
2022-09-23,353.63161092219536,353.66978968711527,346.67503807204696,351.1219177246094,122346900
2022-09-26,349.6523393463072,353.27853570562985,346.42691809015844,347.64837646484375,92581200
2022-09-27,351.18873199675016,353.4598882434016,344.3657404059386,346.7609558105469,108294100
2022-09-28,347.71519752115427,355.27296245080464,346.01660643811806,353.58392333984375,110802200
2022-09-29,350.034073262893,350.32034122123895,343.2492605532847,346.19793701171875,112952300
2022-09-30,345.2532144843065,349.1752604718102,340.7109309251175,340.8445129394531,153711200
2022-10-03,344.56611454293574,351.6944777642895,342.7816430249758,349.84320068359375,89756500
2022-10-04,355.36842016959133,360.71231209913736,349.8050658415785,360.6836853027344,103602800
2022-10-05,356.3131384107271,362.1055067151951,353.9847287224127,359.8439025878906,88065700
2022-10-06,358.4410803172353,361.39930818363916,355.6355383734306,356.13177490234375,82333500
2022-10-07,352.09528992858685,356.21772325997466,344.43254027693825,346.19793701171875,107789500
2022-10-10,347.3143728510966,347.55293916401916,341.31206538570666,343.5545654296875,76042800
2022-10-11,341.8560084056642,346.42694756944854,339.4417182439327,341.3788757324219,92482800
2022-10-12,341.7891897787711,343.36372158176107,340.0046893387279,340.2528076171875,76991800
2022-10-13,333.23895758959026,350.7020290219594,332.18925999717504,349.2324523925781,147254500
2022-10-14,351.6944243183575,353.3262387618921,340.6344942548241,341.27386474609375,123737000
2022-10-17,347.36209613161253,351.1505302643893,340.9398806417008,350.0435791015625,93168200
2022-10-18,357.9735554343078,358.2789273270504,350.7115811797056,354.156494140625,97162900
2022-10-19,352.114370264022,354.8435843710711,348.831695054884,351.64678955078125,79746900
2022-10-20,351.198198573637,355.6260028050626,347.934598978762,348.6980285644531,88283100
2022-10-21,348.4213111862988,357.65859149270045,346.9135849578602,357.17193603515625,131038400
2022-10-24,358.698788584184,362.67805847697105,356.0459031598392,361.54248046875,85436900
2022-10-25,361.46614520779,367.63069061993605,361.351638036336,367.3157958984375,78846300
2022-10-26,364.1667310883198,369.8541443090124,363.90908993272876,364.5484313964844,104087300
2022-10-27,365.55042194011406,367.39214701251325,361.9814498519805,362.60174560546875,81971800
2022-10-28,362.49674993223925,371.70540412790007,362.31543719795053,371.228271484375,100302000
2022-10-31,368.7663054799875,370.6366574184391,367.6402793522776,368.54681396484375,96631300
2022-11-01,372.2970465066368,372.53561281137877,365.7603239323339,366.9340515136719,85407600
2022-11-02,366.34241671143474,370.85610174230845,357.62044763501416,357.72540283203125,126990400
2022-11-03,354.48088497780066,357.08603938395083,351.9234613034175,354.04193115234375,87100100
2022-11-04,359.75802297669105,361.5424944523819,353.07816578614245,359.13775634765625,103505200
2022-11-07,360.435515659066,363.16472938893213,358.3552244250396,362.5730895996094,68286900
2022-11-08,363.68004778364957,367.50666109536877,360.44510344190144,364.52935791015625,84641100
2022-11-09,362.55401428993724,363.7086962893126,356.52305050737357,357.019287109375,78495500
2022-11-10,370.3026714261787,376.973006277867,368.00291747292925,376.6390075683594,141455800
2022-11-11,377.4978037709963,381.085850591747,375.60834800694585,380.2842712402344,93839900
2022-11-14,378.5188319106351,381.877834879153,376.77251031322436,377.04925537109375,71903500
2022-11-15,382.80348568869397,383.9104368342091,376.4480758536066,380.26513671875,93194500
2022-11-16,378.6334179598029,379.58768334395705,376.73443916433405,377.3642578125,68508500
2022-11-17,372.60244233222005,376.88711357872995,372.29709955126145,376.2095642089844,74496300
2022-11-18,379.5495102867139,379.61631585385857,375.0644803868105,377.917724609375,92922500
2022-11-21,376.59127932303574,377.7173054097724,374.70182350827446,376.5435485839844,51243200
2022-11-22,378.49031074798893,381.77298623141934,377.0779873956715,381.6107482910156,60429000
2022-11-23,381.27661551362854,384.50203626575245,381.04760120474504,384.015380859375,68261600
2022-11-25,383.45237179541095,384.4829945177539,383.17565585566234,383.92950439453125,30545400
2022-11-28,380.83771815093434,382.47905555883773,377.03973194191514,377.80316162109375,67881600
2022-11-29,377.93677231301285,379.12960397556105,375.3125426554069,377.154296875,52310000
2022-11-30,377.4023849238339,389.0348815917969,375.4843314190897,389.0348815917969,144566700
2022-12-01,390.0750097932602,391.24876657686235,386.2388738341099,388.74859619140625,76398200
2022-12-02,383.8531695839399,389.20658327820155,383.7482143923798,388.300048828125,85342700
2022-12-05,385.4754615098056,386.4106228219642,379.9598094992948,381.3148498535156,77289800
2022-12-06,381.1526671084108,381.69657620844976,373.7284840801718,375.81829833984375,77972200
2022-12-07,374.96901554376115,377.54554354532956,374.04337702250234,375.178955078125,65927900
2022-12-08,377.06837354618364,379.1868143806111,375.2838731198775,378.1180419921875,60737900
2022-12-09,376.87751028175563,379.4349340954439,375.1693673749268,375.2934265136719,81447700
2022-12-12,376.08543250830934,380.7041015625,375.417464361826,380.7041015625,75405800
2022-12-13,391.45868674150205,391.7163278716569,380.8186351718438,383.58599853515625,123782500
2022-12-14,383.24246302501166,386.95456892239247,378.18486871743545,381.133544921875,108111300
2022-12-15,376.2667660559643,377.17332966722427,370.1499515992905,371.81036376953125,117705900
2022-12-16,369.2517657317392,370.59386612148,365.2829810609633,367.4207458496094,119858000
2022-12-19,367.6124286419873,367.9479610000422,362.6370475272463,364.3050842285156,79878100
2022-12-20,363.5478242860952,366.42376617165866,362.224886337841,364.80364990234375,74427200
2022-12-21,367.40155201274337,371.38952801231983,366.86471190276114,370.2583312988281,78167400
2022-12-22,367.20980089104194,370.23912957543627,359.2722031883447,364.9761657714844,100120900
2022-12-23,363.950423157118,367.21941379519086,362.39741929068407,367.07562255859375,59857300
2022-12-27,366.96058546509136,367.3056844290648,363.9504190865602,365.6280517578125,51638200
2022-12-28,365.5609421925815,367.53578243852644,360.8540099500132,361.0840759277344,70911500
2022-12-29,363.93126597675223,368.45608223881914,363.40399242752494,367.5837097167969,66970900
2022-12-30,364.89952091921486,366.75926975895635,362.7808893302895,366.615478515625,84022200
2023-01-03,368.4752072280289,370.4500180533657,362.2056465586836,365.072021484375,74850700
2023-01-04,367.3344711039099,369.92283055639075,364.28597966385496,367.8905029296875,85934100
2023-01-05,365.9347896482895,366.04982262488596,363.09720228841604,363.6915588378906,76970500
2023-01-06,366.787997866155,373.15342943340613,363.7203443233328,372.03179931640625,104189600
2023-01-09,374.2271676198182,377.419479732033,371.63883728473166,371.8209533691406,73978100
2023-01-10,371.2361537559992,374.4955486092587,370.29666890331214,374.4284362792969,65358100
2023-01-11,376.01025589251583,379.24089274048094,375.1953998041472,379.1641845703125,68881100
2023-01-12,380.26666054687666,382.011376504994,376.19240927348505,380.5446472167969,90157700
2023-01-13,377.3427317250366,382.5961292686462,377.07431166109114,382.02093505859375,63903900
2023-01-17,382.00176656830166,383.6793992551705,380.64047460135316,381.32110595703125,62677300
2023-01-18,382.50979578083036,383.5738800387548,375.0994430292772,375.3007507324219,99632300
2023-01-19,373.2589541767555,374.90782894811315,371.2458179519428,372.5687561035156,86958900
2023-01-20,373.96835756273396,379.66272547397637,372.3194828602261,379.50933837890625,91806400
2023-01-23,380.314551818449,385.99932319331543,379.35590453409674,384.0628662109375,84178800
2023-01-24,382.38518297842836,384.5613014945895,381.1964698645628,383.6506042480469,59524900
2023-01-25,379.57642171380235,384.12999652768013,377.28524055423935,383.7944641113281,84800300
2023-01-26,386.4594474008895,388.175434067063,383.4876352529639,388.012451171875,72287400
2023-01-27,386.967595605409,391.28150871155356,386.7566920166625,388.904052734375,68346200
2023-01-30,386.14313857209555,388.3768032673917,383.7273577965346,384.0245361328125,74202000
2023-01-31,384.5421605238492,389.71884961340345,384.19703231489694,389.6709289550781,86811800
2023-02-01,388.45345165426824,396.5636286134995,385.7117345077939,393.8122863769531,101459200
2023-02-02,397.70442814895335,401.01177323006914,395.80632510726565,399.5450439453125,101654500
2023-02-03,394.5695755451013,399.7271018745294,394.09025197181745,395.29815673828125,94736800
2023-02-06,392.8440909429574,394.2820619137646,391.22397464206705,392.8824157714844,60295300
2023-02-07,391.9620943439746,399.26698166926644,390.7158646278332,398.020751953125,90990700
2023-02-08,396.04588185821166,397.3879819496503,392.97819943013377,393.6684265136719,76227500
2023-02-09,397.27301170174235,397.42639877292254,389.02863947326034,390.2557067871094,78694900
2023-02-10,389.0765999287314,391.54992647804596,388.26177308465975,391.1664733886719,70769700
2023-02-13,391.8182447169601,395.89249490064,391.3580835759682,395.7582702636719,64913500
2023-02-14,394.2341337099117,397.8865778364983,391.6170451224685,395.5762634277344,88389300
2023-02-15,393.38091503799455,396.9374882356896,392.5373007553342,396.8608093261719,61555700
2023-02-16,391.88540381719497,395.83502566820573,391.2622889776,391.396484375,76431500
2023-02-17,389.2682823043391,390.6583324559055,387.34139205761664,390.4186706542969,89257800
2023-02-21,386.39234798566156,387.44686578378213,382.3276931153695,382.5865173339844,82655900
2023-02-22,382.9987818589444,384.54221931792307,380.6021634644275,382.059326171875,83742300
2023-02-23,384.95442103644666,385.56796937278995,379.8640060342025,384.0916442871094,96242400
2023-02-24,379.06829329418446,380.82260481900255,377.36190242771124,379.98858642578125,108194400
2023-02-27,383.33429643374495,384.69558849089844,380.34332149757034,381.2828063964844,80444700
2023-02-28,380.803515853838,382.76873131447655,379.7681602824562,379.8736267089844,96438600
2023-03-01,379.058688324708,380.2857555557943,377.1126357022291,378.4163818359375,99706800
2023-03-02,376.4416013971857,382.20308082772186,376.1060690029621,381.3594665527344,85127800
2023-03-03,383.1809267997028,387.724935164796,382.5290536184137,387.4756774902344,90120000
2023-03-06,388.3000210358587,390.6007976277676,387.3030490519938,387.7440185546875,72795900
2023-03-07,387.69614979307676,387.9358116155142,381.1869265041094,381.8004455566406,108310600
2023-03-08,381.91547162159134,383.1808636899206,380.1898891101756,382.4235534667969,74746600
2023-03-09,383.2096475110798,384.8777136423342,374.3805144113086,375.367919921875,111945300
2023-03-10,374.82148382483746,376.901761257044,368.4273229667233,369.9515686035156,189253000
2023-03-13,366.02106965683873,374.2462786691214,364.9090354410611,369.42425537109375,157790000
2023-03-14,374.3517676052174,377.1797888194533,371.0444227448801,375.5309143066406,149752400
2023-03-15,369.9323910671056,373.38349766674736,367.8425178859198,373.18218994140625,172996900
2023-03-16,370.8239843207203,380.0749256309138,370.31590238260264,379.72979736328125,143254200
2023-03-17,378.39793151645165,379.5334454433477,373.9039499902757,375.2896728515625,140553400
2023-03-20,376.06916402579844,379.31215983644114,375.3666994576997,378.8983459472656,93055800
2023-03-21,382.2663494662777,384.35456598955216,380.6689183022078,383.8734130859375,91524200
2023-03-22,383.70020095781945,387.31845078432247,377.29124082660223,377.3297119140625,111746600
2023-03-23,380.19749521054143,384.2391923827506,375.6361739137841,378.3498840332031,119351300
2023-03-24,377.0699305533351,380.9191540535127,374.7219018688471,380.8325500488281,107682400
2023-03-27,383.11324113581304,383.88310351821207,380.6497402466303,381.544677734375,74010400
2023-03-28,380.8518690459743,381.54473060251513,378.8502853088847,380.68829345703125,62871700
2023-03-29,384.855070038873,386.4621341412586,383.65218741851754,386.2215576171875,77497900
2023-03-30,388.85819419263817,389.10840312839423,386.6160343292529,388.48291015625,69840000
2023-03-31,389.4067476454537,394.25677808538353,389.3008787149844,393.9584655761719,112062600
2023-04-03,393.43880732243116,395.8638078292274,393.0442583450311,395.45965576171875,67391100
2023-04-04,396.10437947935486,396.3930888912914,391.88947462341105,393.2655944824219,66601500
2023-04-05,392.53421336625786,393.29444326978927,390.58073351331996,392.23590087890625,65200200
2023-04-06,391.437167451645,394.0450376322365,390.3882575257403,393.7659606933594,63743300
2023-04-10,391.28318728502614,394.2471058980047,390.66732678096605,394.17010498046875,63681000
2023-04-11,394.7956544202573,395.6809594619992,393.5061679518089,394.2760009765625,59297900
2023-04-12,396.3449304189456,396.63363981226826,392.0819222861502,392.6689147949219,86420400
2023-04-13,393.7562823916815,398.240630968758,392.6111361339161,397.88458251953125,85814800
2023-04-14,397.24953269593004,399.44358917464797,394.6031912280039,396.9127197265625,78161500
2023-04-17,396.82611712486937,398.356180127704,395.59436663010166,398.3369445800781,66436400
2023-04-18,399.9150951800139,400.0498321097644,397.2206502574761,398.59674072265625,63560000
2023-04-19,396.68177851295354,399.43395956292494,396.6240425026219,398.5294189453125,55227300
2023-04-20,395.7098258250606,398.10598763661955,394.80525587274064,396.3545837402344,75840400
2023-04-21,396.6529651974505,397.12448580258757,394.70911739135744,396.66259765625,73457400
2023-04-24,396.4604650046347,397.49977199704205,395.122874849699,397.07635498046875,64332100
2023-04-25,395.103539346267,395.661693208056,390.7154268377835,390.7731628417969,97766700
2023-04-26,391.3890687387205,392.46684668077467,388.55988695720504,389.1180114746094,80447000
2023-04-27,391.65851488224934,397.1340379925136,391.4083059420538,396.8645935058594,92968400
2023-04-28,395.9793118624164,400.26158558313546,395.9215758481045,400.251953125,89433100
2023-05-01,399.8092473425676,401.8781992260224,399.61677440898023,399.8477478027344,62122300
2023-05-02,399.1356149746384,399.1837478908785,392.4476064659251,395.353759765625,103998500
2023-05-03,395.85423566993046,398.2696334545409,392.39956018617136,392.64013671875,91531800
2023-05-04,391.59114772802405,391.91832822239473,388.5213894409254,389.8590087890625,94901900
2023-05-05,393.49657525587213,398.12526506376383,393.23676319139554,397.07635498046875,87891800
2023-05-08,397.40353090526224,397.6633429667236,395.77723133030975,397.18218994140625,50046800
2023-05-09,395.63287211761855,396.55667765861574,395.2094551264847,395.4403991699219,49220100
2023-05-10,398.2792294687583,398.91435498071894,393.4580667995226,397.2880554199219,96142900
2023-05-11,396.4219762908843,396.8838643849846,394.5165998009732,396.5951843261719,70157100
2023-05-12,397.8365674670435,398.04827596600416,393.6505304091499,396.0755310058594,70481500
2023-05-15,396.6817866269805,397.8461686821511,394.76680705489645,397.4420166015625,54289400
2023-05-16,396.3353092048242,397.2591440489676,394.7763782852964,394.7860107421875,57705500
2023-05-17,396.8068622851723,400.18453618231763,395.1613273420889,399.57830810546875,87287000
2023-05-18,399.26068947715396,403.8509071558303,399.0393779276958,403.427490234375,97177200
2023-05-19,404.3321069908471,404.86136352045077,401.6183971431854,402.84051513671875,103793300
2023-05-22,402.8597493463277,404.54378464321184,401.61836653322445,403.00408935546875,60745400
2023-05-23,401.35854756315524,402.9367433972177,398.08671324851565,398.48126220703125,86383500
2023-05-24,396.8742437459542,397.25916026310097,394.42997834283796,395.5943603515625,89213700
2023-05-25,399.1067761340057,400.4732635587891,396.8646161031706,399.0201721191406,90961600
2023-05-26,399.6744966018046,404.90944304818487,399.5975250513779,404.1877136230469,93830000
2023-05-30,406.1219771957275,406.6512337191027,402.955982410714,404.3417053222656,72216000
2023-05-31,402.51333285149997,403.41790279671176,400.5309849376734,402.09954833984375,110811800
2023-06-01,402.33050994129945,406.9784643429913,401.07952389464964,405.919921875,88865000
2023-06-02,408.4989392802767,412.5791077450609,407.9696826723972,411.7900390625,91426200
2023-06-05,412.13636840253633,413.4258547804784,410.298360615152,411.0008544921875,65460200
2023-06-06,410.5871214183071,412.4251000685976,409.93273100728186,411.8958435058594,64022200
2023-06-07,412.2903911156484,413.42590516438145,410.04820165667223,410.47161865234375,85373300
2023-06-08,410.53897877639116,413.40666121291997,409.7691457275,412.9543762207031,61952800
2023-06-09,413.75310954996445,415.7065896969759,412.7041994579485,413.69537353515625,85742800
2023-06-12,414.6768867959098,417.5253041431819,413.9551573440261,417.44830322265625,76104300
2023-06-13,418.91104452208407,420.84525956412307,418.2470510492617,420.2005310058594,95899700
2023-06-14,420.53738266663987,422.51009835206776,417.24628300428765,420.7009582519531,100612100
2023-06-15,419.8829487810575,427.1676119841462,419.7867416783568,425.9166259765625,110303100
2023-06-16,427.9043831698667,428.4742491472454,423.99257880127806,424.4658508300781,114165800
2023-06-20,422.52441742791524,423.4130109410261,420.1869737539229,422.26361083984375,76160400
2023-06-21,421.2784425280354,422.0801103736596,419.51086470582334,420.1000671386719,76982300
2023-06-22,419.14389467353715,421.722779347334,418.80583057108225,421.6165466308594,70637200
2023-06-23,418.1586622892244,420.2159925909701,417.71436548656794,418.4291076660156,92074500
2023-06-26,417.8592143297431,419.78130707914215,416.47801229853,416.719482421875,72823600
2023-06-27,417.5984155696539,421.9062340935396,417.1444505822348,421.2880859375,72813700
2023-06-28,420.2062436798902,422.5147119155858,419.5880955700432,421.50054931640625,75636000
2023-06-29,421.08528892018165,423.3261389375307,420.67963558379535,423.16192626953125,67882300
2023-06-30,426.378240168992,429.1406439257068,426.05948313470634,428.15545654296875,104964000
2023-07-03,427.8078514299053,428.9282469948695,427.52773780049586,428.6481628417969,32793400
2023-07-05,426.83224475721846,428.7446987114959,426.8225765200303,428.0106201171875,58418400
2023-07-06,424.4271947095155,425.08398633253137,422.147701549894,424.65899658203125,80658300
2023-07-07,423.6641399688983,427.5373299461191,423.34538291856603,423.58685302734375,86134200
2023-07-10,423.22948292340993,424.83284798641813,422.6596170025875,424.65899658203125,62443500
2023-07-11,425.4221557921788,427.8561644856897,424.4466068764,427.3635559082031,64463800
2023-07-12,431.1594941202587,432.2123005321763,429.7299800916794,430.8020935058594,91924500
2023-07-13,432.6178568057713,435.01325098389225,432.18322827988203,434.2212219238281,72425200
2023-07-14,435.1098740968055,435.9598242076378,433.18775178790105,433.9508056640625,69815800
2023-07-17,433.8059330908804,436.51038682135163,433.7576213779186,435.45758056640625,52680200
2023-07-18,435.129226948945,439.3404523774336,434.69456887177944,438.6933288574219,80668200
2023-07-19,439.48533409064345,440.8568680135883,438.61601798371265,439.6688537597656,65891700
2023-07-20,438.6739839174844,439.5722457578469,436.0371193951603,436.7518615722656,70591600
2023-07-21,438.47112777830426,438.6739839174844,436.74222281063936,436.7518615722656,71275600
2023-07-24,437.9012445599851,439.5142779903244,436.867745334165,438.70294189453125,54023400
2023-07-25,438.4325069587421,441.15626767500714,438.3841952460214,439.900634765625,55191200
2023-07-26,438.9637376866275,441.39774607749916,437.91093141721467,439.96826171875,71052900
2023-07-27,443.35846818342566,443.7641509737044,436.14333947921443,437.05126953125,92194400
2023-07-28,440.3256151682766,442.16078225681895,437.05126606431355,441.33013916015625,80011800
2023-07-31,441.8034013690048,442.52781174126136,440.4897885662861,442.1704406738281,62040400
2023-08-01,440.7022647310359,441.64883818871544,439.94887915495036,440.9051208496094,55291500
2023-08-02,437.7853626915781,438.0461398306252,434.0184344125547,434.7718200683594,93933400
2023-08-03,432.7531252299224,435.4092967139093,432.10597229878186,433.52581787109375,64276100
2023-08-04,435.3416597654818,437.44727217935485,431.0434797536367,431.5650634765625,100128900
2023-08-07,433.40030045755196,435.4866062095408,432.704865206889,435.3320617675781,58357500
2023-08-08,432.7917508600607,435.32238270202885,430.07762882885913,433.43890380859375,71361300
2023-08-09,433.70931608230507,433.8735287355085,429.7781754061016,430.5412292480469,78789600
2023-08-10,432.89797658868093,436.2882265207825,429.52706313111736,430.6957702636719,93005500
2023-08-11,428.8219993419041,431.4588639187083,428.2231581026232,430.4446716308594,68690900
2023-08-14,429.5271431380979,432.8207702636719,429.21805425124865,432.8207702636719,47867400
2023-08-15,431.0434905199487,431.40089107368914,427.2089436634091,427.7788391113281,75707500
2023-08-16,427.36350074460506,429.0248164729432,424.53347780183003,424.6397399902344,80107200
2023-08-17,426.1078556541094,426.3686327842003,420.8824384802807,421.4040222167969,95711300
2023-08-18,418.5836616313642,422.6403718520157,418.23595877170976,421.60687255859375,98852000
2023-08-21,422.6210106803204,425.09366245894176,420.4671159807588,424.3499450683594,68719000
2023-08-22,426.12717844156236,426.12717844156236,422.64036376815267,423.2005615234375,64994200
2023-08-23,424.263004912033,428.53220964419495,424.1181287339091,427.9140319824219,68441000
2023-08-24,429.51743829068363,430.0293538199984,421.95457682823127,421.98358154296875,88517300
2023-08-25,423.7124409886771,426.2430431246683,420.15800790417546,424.95843505859375,102325100
2023-08-28,427.15101303461915,428.27143803085545,424.95847475635645,427.6532897949219,61595400
2023-08-29,427.5470684062289,434.1150745823747,427.3635487226564,433.8349609375,83081900
2023-08-30,434.1729139992429,436.25921922905536,433.4678106860802,435.6217346191406,69053900
2023-08-31,436.2398856848301,437.3796175058156,434.8007332918285,434.9842529296875,66084600
2023-09-01,437.7080777747482,438.1910180232257,434.3371347964679,435.7956237792969,58944100
2023-09-05,435.3512912411451,435.67001880937096,433.8445201477789,433.912109375,55166200
2023-09-06,433.1008518755981,433.2071140684911,428.6674634922226,430.9952392578125,70758500
2023-09-07,427.99131435968866,430.34806524877047,427.6436115119561,429.6719665527344,70355400
2023-09-08,429.72022009729625,431.85480770691146,429.3628490355431,430.3190612792969,61659700
2023-09-11,432.9462527649071,433.45816823533755,431.2366549432054,433.14910888671875,60180100
2023-09-12,431.70027670410997,433.22635483769756,430.1935055679439,430.77301025390625,67565400
2023-09-13,430.9952464774697,432.4343991522864,429.89412843469466,431.2753601074219,60199300
2023-09-14,433.7479319521232,435.68933157331315,432.44398747582267,434.993896484375,83430800
2023-09-15,433.4072234999764,433.73677769771734,429.31682909931095,429.75299072265625,111848900
2023-09-18,429.4428320631367,431.3038771522312,428.96789063501143,430.0050354003906,55752200
2023-09-19,429.08426483784984,429.6755457068304,426.4284260494889,429.11334228515625,66514600
2023-09-20,430.3733738455972,430.7901603921495,424.96473276036625,425.1683044433594,82562600
2023-09-21,422.31861839300336,422.58031539562137,417.9859016455791,418.1409912109375,104095800
2023-09-22,419.16839709834846,420.7677155797648,416.7839285170148,417.20074462890625,100829700
2023-09-25,415.9891218304828,418.993889361631,415.55293063128704,418.95513916015625,70874500
2023-09-26,415.91157553365485,416.6191660672769,411.96656825523684,412.8001708984375,96168400
2023-09-27,413.97300260416256,414.5352059296986,409.32043434886083,412.9649353027344,104705800
2023-09-28,412.4124874162186,417.0359784928409,411.8212066146307,415.3591003417969,92258300
2023-09-29,418.41232999892884,418.5867946420908,412.8292247753013,414.35101318359375,115111300
2023-10-02,413.517407554199,415.43660735581716,411.4237431106989,414.18621826171875,83798600
2023-10-03,412.00536625897985,414.2444181473067,407.27523825202337,408.6419372558594,103760600
2023-10-04,409.107224446792,412.3640165843667,407.64359070503724,411.61767578125,87453000
2023-10-05,411.3268404794052,412.3058303467078,408.23484048426144,411.4625549316406,70142700
2023-10-06,409.01029452111743,417.8889725902115,407.6823752264937,416.3478088378906,113273300
2023-10-09,414.44797038266114,419.5852123041229,413.8954989431742,419.0133361816406,80374400
2023-10-10,419.643378299873,423.7919280682824,419.2459668319729,421.1942443847656,78607300
2023-10-11,422.26047769195304,423.17158085104415,419.8760088222951,422.9195861816406,62451700
2023-10-12,423.5302119190894,423.90821868639375,417.9858858829249,420.34124755859375,81154200
2023-10-13,421.8436069564154,423.0455435777595,416.67731756779995,418.24755859375,95143100
2023-10-16,420.49634324027045,423.7143850912576,420.25402134631616,422.6481628417969,75433200
2023-10-17,419.51737915223515,424.6836988143986,419.16844980200625,422.6287841796875,75324700
2023-10-18,420.8549059158796,421.81449099292604,415.9115341735624,416.99713134765625,93559800
2023-10-19,417.71448112410957,419.52704410810907,412.6547989345063,413.3332824707031,121323000
2023-10-20,412.8971069121286,413.4399055549237,408.14757441721036,408.25421142578125,123919900
2023-10-23,406.72273053416484,411.4141082592817,404.9683224528733,407.546630859375,92035100
2023-10-24,409.66935030950145,411.7727171708306,407.8180076603951,410.6192626953125,78564200
2023-10-25,408.93271643497314,408.9617938766799,404.21226147565824,404.7259826660156,94223200
2023-10-26,403.65979204119725,404.5127401955018,398.95874174042217,399.8795471191406,115156800
2023-10-27,401.4692254760225,401.86663693380547,396.6421626745101,398.0670166015625,107367700
2023-10-30,400.85858025181,403.88275285179935,399.55973840849714,402.82623291015625,86562700
2023-10-31,403.39806888205027,405.67590044700427,401.48857130380884,405.3560485839844,79665200
2023-11-01,406.32535052662286,410.4932751362608,405.7922246289102,409.6790771484375,98068100
2023-11-02,413.4786898388463,417.6854240377106,413.4593147358308,417.53033447265625,94938900
2023-11-03,419.83724617580907,422.89049620638866,419.71123405468535,421.3396301269531,100167800
2023-11-06,422.09559347526306,422.7547018208165,420.36056071301397,422.308837890625,67831700
2023-11-07,422.3088352612911,424.15047542960275,421.1650832134276,423.5107421875,64256100
2023-11-08,424.11175832141294,424.6351818841711,421.5140747704494,423.82098388671875,61746000
2023-11-09,424.9647429571584,425.0035227425126,420.08922765476564,420.5157165527344,83174400
2023-11-10,422.58998243152627,427.38793789386506,420.5059906051338,427.0777587890625,89462200
2023-11-13,425.7401770580696,427.7756572288507,424.9550565166978,426.6706848144531,52236100
2023-11-14,432.61240832792026,436.23753414765645,432.3894615518305,434.9483947753906,97176900
2023-11-15,436.28595764463023,437.51697163110293,435.01619345817966,435.8691711425781,77327600
2023-11-16,435.4233234108849,436.7221650858265,434.35710126569217,436.4023132324219,66665800
2023-11-17,436.41200351038174,437.55578526494025,435.4911981146269,436.94512939453125,83133200
2023-11-20,436.69311009341754,441.1518386514175,436.6834077524104,440.3085632324219,69936200
2023-11-21,439.2617056622207,440.1825406267048,438.0791737195552,439.34893798828125,49244600
2023-11-22,441.00650736003314,442.3635041592452,439.94998736706395,441.0452575683594,59394900
2023-11-24,441.09367216063396,441.51045868866237,440.7641179584505,441.31658935546875,29737400
2023-11-27,440.68655185927656,441.5007498020653,440.1340508901427,440.52178955078125,50506000
2023-11-28,440.13407696271906,442.25681906014256,439.57190319998205,440.9579772949219,62115000
2023-11-29,443.10979527762873,444.2438747206066,440.2504147680835,440.6477966308594,63146000
2023-11-30,441.4911150141487,442.73180192610516,439.41682540648986,442.3828430175781,79752700
2023-12-01,441.77216442546705,445.53300475365734,441.18091323402564,444.9999084472656,89183400
2023-12-04,441.60739008872554,445.019271433423,440.3860783753154,442.6639099121094,72430900
2023-12-05,441.27787936550914,443.5363064434526,440.89984300542426,442.57672119140625,69793500
2023-12-06,444.7187848215884,444.74786226267736,440.35699117640615,440.7931823730469,69124700
2023-12-07,442.8771496276889,444.8060222628319,442.27619611806483,444.1566162109375,66995400
2023-12-08,443.4102333183171,446.5991973452758,443.1679114532356,446.06610107421875,83194400
2023-12-11,445.5717979195869,447.97564170163525,445.358553474564,447.8011474609375,65002200
2023-12-12,447.45223299144266,449.94330918636626,446.45386796122364,449.84637451171875,68327600
2023-12-13,450.2243768877482,456.3018289230582,449.8657452173365,456.0498046875,93278000
2023-12-14,457.98839971929596,459.18063413890565,454.83821495932193,457.5134582519531,119026000
2023-12-15,456.9158501916579,458.09346468799856,454.911024624647,456.7601318359375,141553700
2023-12-18,458.3659614924249,460.31239637628556,457.3051580447496,459.3294372558594,70375300
2023-12-19,459.87436797944184,462.20037157445415,459.79652366381634,462.12249755859375,55761800
2023-12-20,461.2660708823462,463.1541148518432,455.2905320048418,455.71875,102921000
2023-12-21,458.7065232314146,460.31235562864003,456.2832215195996,460.03985595703125,86667500
2023-12-22,461.1687533111456,462.64806267235934,459.0666299982645,460.9643859863281,67160400
2023-12-26,461.373187704544,463.8159432234597,461.2953136791012,462.9108581542969,55387000
2023-12-27,462.7064835048319,463.8938099220547,462.1712258143802,463.7478332519531,68000300
2023-12-28,464.10794836189996,464.75998742977106,463.5045582870676,463.92303466796875,77158100
2023-12-29,463.72837604213146,464.2539217843669,460.62380998189565,462.5799865722656,122283100
2024-01-02,459.51437438828117,460.9839423046435,457.88908810923715,459.9912414550781,123623700
2024-01-03,457.83071094737187,458.57036576687835,455.63125954765485,456.2346496582031,103585900
2024-01-04,455.7577162648923,458.3464782249613,454.5411944622418,454.7650451660156,84232200
2024-01-05,454.9693723825891,457.8403754637055,453.93776436095277,455.38787841796875,86118900
2024-01-08,455.884242835596,462.0349842457667,455.7577198150965,461.8890075683594,74879100
2024-01-09,459.2320864754785,462.21012932199153,458.72602412321226,461.1882629394531,65931400
2024-01-10,461.4607624691406,464.6626560070687,461.17852110920177,463.7964782714844,67310600
2024-01-11,464.7988514934619,465.31465547972425,459.611616299549,463.5920715332031,77940700
2024-01-12,465.0422353972928,465.78189018349474,462.50215203979474,463.9132995605469,58026400
2024-01-16,462.53132242501596,463.8451421871986,460.39023221216354,462.21014404296875,85014900
2024-01-17,459.1834252725011,460.1274473065962,457.28563952656407,459.6408386230469,68843900
2024-01-18,461.31477246365523,464.2830735453687,459.7673604180853,463.72833251953125,91856200
2024-01-19,464.8572992191645,469.79151871434675,463.7770421286305,469.50927734375,110834500
2024-01-22,471.04701358634367,472.2245984500442,469.84994536440996,470.50201416015625,75844900
2024-01-23,471.04699545665005,472.1175109095896,469.9569966462272,471.87420654296875,49945300
2024-01-24,474.74521482696895,475.679495288325,471.89369474893255,472.3900451660156,81765000
2024-01-25,474.52132983790426,475.23178923650255,472.3900110425858,474.95928955078125,72525000
2024-01-26,474.5310374710035,476.02005880762255,473.50917114792156,474.3558654785156,76641600
2024-01-29,474.6672893815564,478.2584636321044,474.1222900638797,478.1124572753906,61322800
2024-01-30,477.421527922976,478.4531359964777,476.983568210537,477.7427062988281,58618400
2024-01-31,475.5334936248827,475.98116532447904,469.9277517507619,469.9472351074219,126011100
2024-02-01,471.65041126837735,476.12721779851535,470.84262409498666,476.0980224609375,91891600
2024-02-02,476.53591254829524,482.7644982110768,476.1952805049677,481.11004638671875,99228200
2024-02-05,480.47743909484853,481.13921979443177,477.10037355108614,479.35821533203125,75757100
2024-02-06,480.30217660112993,481.08076823759916,478.8715460256165,480.7498779296875,55918600
2024-02-07,482.99806143919835,485.1780588645302,482.092946704362,484.75958251953125,70556500
2024-02-08,484.759615339305,485.3532637246949,483.9421162494583,484.9737243652344,52343600
2024-02-09,485.47983301227384,488.214571917586,485.1392009339813,487.7766418457031,63979400
2024-02-12,487.7474442249218,490.01502800937106,486.84232934678204,487.5625305175781,56502300
2024-02-13,481.28521924942925,483.776653518952,477.5772631803255,480.8472595214844,113099200
2024-02-14,483.48468469887587,485.703619202311,481.1586808363787,485.2170104980469,68387800
2024-02-15,485.9177581862181,488.74982458371477,485.4408614304675,488.5649108886719,61683000
2024-02-16,488.26318443249403,489.4018321652925,485.39218120492103,486.1318359375,75532900
2024-02-20,484.3898163747004,485.06133882722617,481.20740583464766,483.4555358886719,71736700
2024-02-21,482.15136438471933,484.0491204434422,480.3411646253707,483.8934020996094,59293400
2024-02-22,490.51128734031624,494.871282071389,489.54778196517503,493.9078063964844,76402500
2024-02-23,495.63045683227716,496.46743931170954,493.5185915264853,494.2485046386719,61321800
2024-02-26,494.6863927584272,495.12435246871587,492.3117399253592,492.4382629394531,50386700
2024-02-27,493.1292978892794,493.5769696039291,491.2315119659273,493.3531188964844,48854500
2024-02-28,491.7959655131677,493.2849870375032,491.4358798053579,492.7010803222656,56506600
2024-02-29,494.46257806109645,496.0878345083775,491.815425510208,494.4722900390625,83924800
2024-03-01,495.3482154895911,499.54275051356746,494.9394511031337,499.1145324707031,76844800
2024-03-04,498.31658685191803,500.42845220247364,498.28736181458015,498.5793151855469,49799300
2024-03-05,496.57441726330285,497.02211863397577,491.3871817921508,493.59637451171875,72855600
2024-03-06,496.8761267293977,498.3554361707815,494.8031986362925,496.0975646972656,68382400
2024-03-07,499.39680772832526,502.0731556685532,496.15597704493354,501.0220642089844,58652100
2024-03-08,501.6546234977977,504.34065341716547,497.44057585035506,498.0147705078125,86532500
2024-03-11,496.80801634913047,498.1705147342669,494.881035254285,497.5865783691406,62557200
2024-03-12,499.6984700657358,503.5232071984046,497.17781094345105,502.9393005371094,73114400
2024-03-13,503.2604525888654,503.43562459877114,500.7106276661075,502.1509704589844,55104100
2024-03-14,503.1241533654222,503.27990140830235,498.1121195690471,501.1582946777344,110171800
2024-03-15,498.08804798108406,499.54266772632866,496.0477073102581,497.7170715332031,107646300
2024-03-18,501.78803927024387,503.232857358906,500.26510519204714,500.67510986328125,88893300
2024-03-19,499.9819506807113,503.7404554386333,498.9763936514032,503.4573669433594,60755300
2024-03-20,503.515985878407,508.2507322695581,502.84237700936313,508.1140441894531,69594600
2024-03-21,510.9549118204902,511.6577769054798,509.5100342818405,509.7931823730469,60256100
2024-03-22,509.7052719913618,510.1933925850028,508.59234273745244,508.8266906738281,79070800
2024-03-25,507.45018520809214,508.57288646937474,507.26469698888116,507.4209289550781,48512100
2024-03-26,508.8462213354942,509.1879415331935,506.0835014250274,506.4837341308594,65463700
2024-03-27,509.31480779780867,510.7791695687557,507.14752139258985,510.7400817871094,82999800
2024-03-28,510.7792051650659,512.1459071621757,510.359428578344,510.64251708984375,96294900
2024-04-01,511.38448570971826,511.92140649600015,508.59239036798215,509.7541198730469,62477500
2024-04-02,505.92725051103764,506.6496594947848,504.20905639561914,506.5130310058594,74230300
2024-04-03,505.41957743973774,508.5728771082824,505.3707772955882,507.0694274902344,59155800
2024-04-04,511.08186037390533,511.4235209921689,500.5774945359362,500.880126953125,96858100
2024-04-05,502.2370828649808,508.0749863325785,501.7977623960231,506.11273193359375,74546500
2024-04-08,506.81558805859675,507.8210854017469,505.58551474588614,506.395751953125,48401800
2024-04-09,508.13352480372953,508.3775850942212,502.12961782362083,506.9815673828125,68049200
2024-04-10,501.28031218136,503.8966314464908,499.9233821983309,501.9051208496094,82652800
2024-04-11,503.42807581801776,507.13778061540546,499.9136311857634,505.6929626464844,70099000
2024-04-12,502.14915720623463,503.56471879538526,496.98483316388626,498.7127990722656,92561100
2024-04-15,502.8911229007107,503.05706721719804,491.6155194168172,492.4648742675781,92101400
2024-04-16,492.9432762462562,494.4662102656471,490.2781268160622,491.5667724609375,73484000
2024-04-17,494.0269201649018,494.1928943020747,487.2615748018619,488.6575927734375,75910300
2024-04-18,490.0536135988177,492.15252641432477,486.7148552774961,487.65203857421875,74548100
2024-04-19,487.57394131853926,488.56969668668467,482.1264983587833,483.3956298828125,102212600
2024-04-22,486.0021493308909,490.44406471980994,483.6591763812229,487.8472595214844,67961000
2024-04-23,489.8583644626642,494.0659621350047,487.66182151013055,493.63641357421875,64633600
2024-04-24,494.52477110173174,495.31552414024065,491.1762707245871,493.402099609375,55928100
2024-04-25,487.32011244956163,492.2891769636512,485.67026231159537,491.5277099609375,69122400
2024-04-26,494.31979324751813,497.7659238799117,493.68524235456005,496.1844177246094,64306100
2024-04-29,497.9708448807049,498.6151676151332,495.198323588402,497.9415588378906,46415400
2024-04-30,496.47721220645434,497.45345338662946,490.0535583496094,490.0535583496094,77483600
2024-05-01,489.46786865773555,496.11606953951656,487.9937347584278,488.46234130859375,80242800
2024-05-02,492.17203084435516,493.8707109149056,487.68131503899394,493.0311279296875,62550200
2024-05-03,499.0154483809272,500.37240813782097,496.4772153379588,499.1423645019531,72756700
2024-05-06,501.54395898532556,504.3359947534281,501.1046384911043,504.2969665527344,47264700
2024-05-07,505.2634287213709,506.2494419365131,504.17981521335923,504.8534240722656,52561300
2024-05-08,503.01802238309904,505.439081357784,502.90087821239047,504.90216064453125,42047200
2024-05-09,505.08770969254925,507.8504891521531,504.4336447297941,507.8114013671875,43643700
2024-05-10,509.4124711158648,510.2227680798631,507.2452440275092,508.4655456542969,52233200
2024-05-13,510.14454356251383,510.25191578241885,507.39153652795756,508.5337219238281,36716400
2024-05-14,508.72903379839863,511.38444082765227,508.19211305924,510.86700439453125,57535900
2024-05-15,513.336889820599,517.4859146210695,512.7023092523975,517.1930541992188,59504900
2024-05-16,517.2906967075278,518.8917465910545,515.9825072697596,516.1289672851562,50244800
2024-05-17,516.2460410203236,516.9391936348987,514.7914513506761,516.870849609375,59187600
2024-05-20,516.9881429675341,518.9308537358257,516.5976225904213,517.4664916992188,37764200
2024-05-21,516.7049957755823,518.8917666350982,516.4999636631139,518.7355346679688,33437000
2024-05-22,518.0424072439434,518.7550442398426,515.064823969773,517.2418823242188,48390000
2024-05-23,520.2975559093766,520.4049281460258,512.2532779910508,513.4638671875,57211200
2024-05-24,515.3090778445484,517.6716252945467,514.3621521427734,516.861328125,41291100
2024-05-28,517.6714434796838,517.9057318355667,514.5864879004678,517.2223510742188,36269600
2024-05-29,513.1904592530791,514.7817371522767,512.8878268689698,513.6004638671875,45190300
2024-05-30,512.058043918065,512.7218807717095,508.94383216366884,510.1933898925781,46377600
2024-05-31,511.15017117084983,514.9672481577884,506.0443890267406,514.84033203125,90785800
2024-06-03,516.4511771729021,516.7342656913833,510.18366530067414,515.2601318359375,46835700
2024-06-04,513.9519821715993,516.5780734778808,512.4876203186922,515.8361206054688,34632700
2024-06-05,518.1595530381444,521.9864018010747,516.1679828855217,521.9668579101562,47610400
2024-06-06,522.2695576901561,522.6991062505612,520.0242145910106,521.9571533203125,30808500
2024-06-07,520.980789635887,524.1340888487662,519.8874043907796,521.322509765625,43224500
2024-06-10,520.5122296802525,523.2554648254413,519.9167369014993,522.9332885742188,35686100
2024-06-11,521.3811087600108,524.2512600728273,519.4090826052437,524.1926879882812,36383400
2024-06-12,528.7615289974312,531.1923600659605,527.4631115100716,528.4979248046875,63251300
2024-06-13,530.2455757670101,530.4212920805763,526.7701585335817,529.5621948242188,44760900
2024-06-14,528.0293950539849,529.9135335983043,527.0238379218912,529.88427734375,40089900
2024-06-17,529.2008719569648,535.4976399183048,528.7420075865693,534.1015625,55839500
2024-06-18,534.1602004613839,535.5855343086499,533.7404238235347,535.4586181640625,41376400
2024-06-20,536.3859370269113,537.0497738552268,532.2271402161125,534.00390625,70328200
2024-06-21,533.1802452520325,534.404483453128,531.8286814958426,533.2879638671875,64338600
2024-06-24,533.1117619254674,535.6777608035513,531.4369822915095,531.5545043945312,45528700
2024-06-25,532.7787259572508,533.9638101987721,531.260682360104,533.6014404296875,37936200
2024-06-26,532.4849577215607,534.9823921713983,531.8385861304241,534.2674560546875,38550600
2024-06-27,534.1303504208262,535.6876080791019,533.3860038559784,535.1097412109375,35041500
2024-06-28,535.8833782760337,538.9391321933387,531.7601817698417,533.0039672851562,76144500
2024-07-01,534.3849539324244,534.6298016081159,531.3390631933655,534.1009521484375,40297800
2024-07-02,532.4946896868087,537.6952514648438,532.4457321114778,537.6952514648438,40434800
2024-07-03,537.381917105902,540.457218430894,537.3427629954197,540.0948486328125,32789900
2024-07-05,540.3983822148235,543.6107523683424,539.7617544001083,543.209228515625,41488400
2024-07-08,543.9927968223914,544.786100933334,542.7685583933277,543.8361206054688,36110500
2024-07-09,544.7958024014986,545.6968249789537,544.0710629515506,544.3648681640625,27289700
2024-07-10,545.5891764995068,550.0943497431794,545.2953712492263,549.7515869140625,38701200
2024-07-11,549.8690290838814,550.7407010140586,544.3746624818856,545.01123046875,53054200
2024-07-12,546.1376877405125,552.0531865568831,545.667599292853,548.4490356445312,53084400
2024-07-15,550.4469707289841,553.1990561394715,548.0964091939553,549.957275390625,40584300
2024-07-16,551.2696499606263,553.5124331903285,550.51549997726,553.2186279296875,36475300
2024-07-17,547.2835053633577,548.9582849622979,545.1386373621594,545.4618530273438,57119000
2024-07-18,546.9995524787638,547.988746727991,539.0860582622142,541.2700805664062,56270400
2024-07-19,541.0349619096787,542.6607838512468,536.6179005483158,537.6756591796875,65509100
2024-07-22,541.6031583779978,543.8263948114603,539.6639835581032,543.2191772460938,43346700
2024-07-23,543.1113522241114,545.2660239376293,541.8773700301276,542.3670654296875,34439600
2024-07-24,537.5483785668235,537.8519873002513,529.1549928867055,530.0756225585938,74515300
2024-07-25,530.1931317534066,536.177254363603,526.3735438881854,527.313720703125,61158300
2024-07-26,531.1040247828195,535.9128068838628,530.3302678617441,533.219482421875,53763800
2024-07-29,534.7668786438925,535.775619885458,531.534841817287,533.5328369140625,39515800
2024-07-30,535.0019870020752,536.059745722708,527.4215123549488,530.8297729492188,46853600
2024-07-31,537.6658891932146,542.0927543010554,536.2947780748914,539.4581909179688,65663400
2024-08-01,541.1819427118934,543.4345294348678,528.3127341764186,531.8189697265625,76428700
2024-08-02,524.7085981454201,525.9230331199286,517.7059303208597,521.9173583984375,82789100
2024-08-05,501.0955002341847,512.7894282399624,499.75370979338373,506.7171936035156,146267400
2024-08-06,508.51921810050686,518.8322310175004,507.19706454680966,511.3888854980469,84826300
2024-08-07,517.5785225356271,520.6342762077037,507.3732892045647,507.970703125,70698300
2024-08-08,513.1125407389065,520.3404486814812,511.08525465156777,519.7136840820312,63276600
2024-08-09,518.8909769209239,523.4941251002426,517.6667385635127,522.0054321289062,45619600
2024-08-12,523.2003538167259,524.6889871074426,520.0075304089534,522.2797241210938,42542100
2024-08-13,525.4724436986064,531.1039393955512,525.2275960596088,530.8688354492188,52333100
2024-08-14,531.6622865517797,533.7288466275766,528.9885687226673,532.5437622070312,42446900
2024-08-15,538.1751988274788,541.9556326474029,537.5679813653051,541.671630859375,60846800
2024-08-16,540.0555939415091,543.5814362683599,539.8989177341498,542.8860473632812,44430700
2024-08-19,543.2974116195307,548.0768432617188,542.4453464492109,548.0768432617188,39121800
2024-08-20,547.6262846058479,549.2814571312036,545.8437865187526,547.185546875,33732300
2024-08-21,548.2335208659752,550.5252615016209,543.2973537542563,549.0659790039062,41514600
2024-08-22,550.9660160166799,551.5732334533072,543.5422179587766,544.7566528320312,56121500
2024-08-23,547.9985298599797,551.4851585059275,545.8046443878154,550.544921875,50639400
2024-08-26,551.5732410031779,552.2881770773529,547.528352675827,549.2324829101562,35788600
2024-08-27,547.9593482100599,550.4763897351174,546.8134777136145,549.9866943359375,32693900
2024-08-28,549.6438223396717,550.0747565964821,543.6009392739261,546.7937622070312,41066000
2024-08-29,548.7624007293272,552.0629426061665,545.6969030561269,546.8427734375,38715200
2024-08-30,549.2130481304979,552.572351707579,545.6578544200986,552.0630493164062,62700100
2024-09-03,548.9190687874888,549.2520879225416,538.18498513228,540.7020263671875,60600100
2024-09-04,538.8607329114091,543.0035361193702,538.1359934145067,539.5952758789062,47224900
2024-09-05,539.5365467142444,542.3865472945482,535.8246177750381,538.2828979492188,44264300
2024-09-06,538.60608979078,540.231851947678,528.3224880929642,529.2235107421875,68493800
2024-09-09,533.425248105456,536.4221817026793,531.4958170549409,535.14892578125,40445800
2024-09-10,537.0586665381934,537.8324234437913,532.1813200114981,537.4797973632812,36394600
2024-09-11,537.3917487162622,543.9144652005341,528.8318826121556,542.9938354492188,75248600
2024-09-12,543.5715745845557,547.8711135710835,541.3483388424467,547.5675048828125,51819600
2024-09-13,548.1747207597754,551.4263046450518,547.920069645679,550.4273071289062,39310500
2024-09-16,550.1629297590999,551.5046902542234,548.360884321784,551.2402954101562,36656100
2024-09-17,553.4535858697245,554.903124558385,549.232414914231,551.4654541015625,49321000
2024-09-18,552.1216967889254,556.9696926491016,549.2716961893568,549.8299560546875,59044900
2024-09-19,559.2419348303403,561.0733907935877,556.3723270388496,559.2125244140625,75315500
2024-09-20,557.843033129673,559.2871245583524,555.219996107625,558.2457885742188,77503100
2024-09-23,559.3167220049795,560.2892833331648,558.0985019985221,559.640869140625,44116900
2024-09-24,560.4365555490466,561.3010677532865,557.6072537825559,561.2421264648438,46805700
2024-09-25,561.0849426444706,561.8217386948093,558.8941616149112,560.0042724609375,38428600
2024-09-26,564.2679463720303,564.5921534543987,559.8668367278948,562.2245483398438,48336000
2024-09-27,563.2952985697877,564.1106429805404,560.377555197848,561.4090576171875,42100900
2024-09-30,560.3775279948936,564.2678323150915,558.0787581388843,563.6587524414062,63557400
2024-10-01,563.3051897855821,563.9535439565005,556.035444442894,558.6093139648438,72668800
2024-10-02,557.7153138155387,559.8667605957481,555.3182683616095,558.8450317382812,38097800
2024-10-03,557.3715020969081,559.7685478192003,555.5344286086627,557.8234252929688,40846500
2024-10-04,562.273664576873,563.2658929623027,558.09848649286,562.892578125,42939100
2024-10-07,561.2421538745174,561.8905680396737,556.6543868115797,557.8037719726562,49964700
2024-10-08,560.377637870892,563.67853004462,559.5033520489247,563.0792236328125,37398700
2024-10-09,563.0693372819003,567.5392812736217,562.4700908869163,566.9793090820312,37912200
2024-10-10,565.6334128471475,567.411544847049,564.375918856187,565.987060546875,44138100
2024-10-11,565.9084000028585,570.113077691751,565.7708503676648,569.3762817382812,42268000
2024-10-14,570.9874990099419,574.966246072679,570.5061351329805,574.032958984375,36217200
2024-10-15,574.2981924836022,574.6027324678581,568.3546560789198,569.5728759765625,54203600
2024-10-16,569.57286786976,572.5691599226542,568.767296964022,572.0484619140625,30725400
2024-10-17,575.594918349773,575.801242846272,571.9109378019983,572.0975952148438,34393700
2024-10-18,573.7874142573284,575.0841827608748,572.3236554045714,574.2982788085938,37416800
2024-10-21,573.5711395635755,574.5535342943244,570.378356688641,573.3550415039062,36439000
2024-10-22,570.8204209471064,574.2096946097226,570.1622332957213,573.0504760742188,34183800
2024-10-23,571.0267196890029,571.4688092704015,564.3071139493308,567.8142700195312,49314600
2024-10-24,569.7693820750295,569.8479904569926,566.4194418066055,569.0424194335938,34979900
2024-10-25,571.2723713678375,574.1704478252901,567.9027646254573,568.8458251953125,47268200
2024-10-28,572.3236221809337,572.451338311336,570.2998911399899,570.6044311523438,30174700
2024-10-29,569.6415908764491,572.6477165136779,568.2466070737139,571.52783203125,42899700
2024-10-30,571.0563234826817,573.0506139584433,569.0915336357257,569.7988891601562,41435800
2024-10-31,565.4271221936206,565.4958970216722,558.4324763422399,558.6289672851562,60182500
2024-11-01,561.2617936558026,565.4173043933644,560.5741053167588,560.9866943359375,45667500
2024-11-04,561.1241962515347,562.4209644478059,557.892139281839,559.7783203125,38217000
2024-11-05,560.6919638738422,566.586332309216,560.4758658123077,566.5470581054688,39478300
2024-11-06,578.8270097230293,581.508928254242,575.0840880526238,580.6345825195312,68182000
2024-11-07,582.6387178727699,586.145874462509,582.5601095007273,585.1241455078125,47233200
2024-11-08,585.6742957423695,589.0832369047557,585.6742957423695,587.6587524414062,46444900
2024-11-11,589.2501914582232,589.6038391769904,586.4896646144927,588.2186889648438,37586800
2024-11-12,588.1400498376755,588.739296212128,583.9059310932324,586.3914184570312,43006100
2024-11-13,586.8531544283672,588.6803942959151,584.4856094336134,586.6763305664062,47388600
2024-11-14,586.804130643577,587.2854945523371,582.2163632356335,582.9039916992188,38904100
2024-11-15,579.337884096854,579.809474415934,573.5810644484284,575.4378051757812,75988800
2024-11-18,575.8994574754852,579.1119076957027,575.0350052053479,577.7955322265625,37001700
2024-11-19,574.4160398519082,580.6345552744816,573.7480186357969,579.9075927734375,49412000
2024-11-20,579.9862433981077,580.3889988810581,574.3374733314436,580.1041259765625,50032600
2024-11-21,582.9529949078541,584.6426848830619,577.107734892484,583.2182006835938,46750300
2024-11-22,583.2083518846315,585.6545648056734,582.7073810055152,585.0258178710938,38226400
2024-11-25,588.965270737662,590.2816460152659,584.7213185752529,587.0103149414062,42441400
2024-11-26,588.2579731618996,590.7434606979054,587.5408441710033,590.075439453125,45621300
2024-11-27,589.8887226529953,590.2718110026187,586.7647148108081,588.2874145507812,34000200
2024-11-29,589.1028202958577,592.7278593888155,588.8277809402925,591.9419555664062,30177400
2024-12-02,592.3544546258752,593.680723337865,591.8632573163846,593.0028686523438,31746000
2024-12-03,592.7671496331845,593.5235527754064,591.735647195163,593.2779541015625,26906600
2024-12-04,594.9678057402301,597.2076348485892,594.2997844285924,596.9620361328125,42787600
2024-12-05,596.9618868048642,597.7674575863759,595.625844515795,595.9794921875,28762200
2024-12-06,596.7458937244957,598.3472020292826,596.333304701608,597.109375,31241500
2024-12-09,596.9915028268559,597.1584931551176,593.445071963169,594.0344848632812,34742700
2024-12-10,594.7123228135097,595.134745373381,591.529373321926,592.1875610351562,37234500
2024-12-11,595.115147903942,597.7184581352288,594.8400485801485,596.7655639648438,28677700
2024-12-12,595.9010008938557,596.4707466548862,593.6906127929688,593.6906127929688,31543800
2024-12-13,595.7242620650901,596.4413911194437,592.197438164754,593.5728149414062,35904700
2024-12-16,595.3312295236393,597.0799209921157,594.5551592425911,596.1072998046875,43695200
2024-12-17,593.5530906608857,594.5158183353977,592.2759894688432,593.6513061523438,55773500
2024-12-18,593.3467745348553,595.7339866328443,575.5752867073982,575.9584350585938,108248700
2024-12-19,580.948961299734,582.5601031255708,575.5359564813775,575.7815551757812,85919500
2024-12-20,573.4513839180992,587.231466902458,572.6036351958548,582.697265625,125716700
2024-12-23,582.440932357683,586.7878476994515,579.2570769218985,586.1865844726562,57635800
2024-12-24,587.5370835235541,592.7416149913781,586.9554933157183,592.7021484375,33160100
2024-12-26,590.9278604962976,593.8652307760627,589.5281816588665,592.7415771484375,41219100
2024-12-27,588.9958679237085,589.2324867459512,582.3128451341881,586.5020751953125,64969300
2024-12-30,579.4837829787388,583.2787078138697,576.0535025430138,579.8090209960938,56578800
